<?xml version="1.0" encoding="utf-8" ?>

<wordlist>
<word>
<wordtext><![CDATA[ruler ]]></wordtext>
<picturefile>[WIDGIT]widgit rebus\r\ruler.emf</picturefile>
</word>
<word>
<wordtext><![CDATA[inch ]]></wordtext>
<picturefile>[WIDGIT]widgit rebus topics\science maths\inch.emf</picturefile>
</word>
<word>
<wordtext><![CDATA[foot ]]></wordtext>
<picturefile>[WIDGIT]widgit rebus topics\science maths\feet.emf</picturefile>
</word>
<word>
<wordtext><![CDATA[yard ]]></wordtext>
<picturefile>[WIDGIT]widgit rebus topics\science maths\yard.emf</picturefile>
</word>
<word>
<wordtext><![CDATA[mile ]]></wordtext>
<picturefile>[WIDGIT]widgit rebus 04\symbols c\mile.emf</picturefile>
</word>
<word>
<wordtext><![CDATA[mm ]]></wordtext>
<picturefile>[WIDGIT]widgit rebus\m\millimeter.emf</picturefile>
</word>
<word>
<wordtext><![CDATA[cm ]]></wordtext>
<picturefile>[WIDGIT]widgit rebus\c\centimeter.emf</picturefile>
</word>
<word>
<wordtext><![CDATA[metre ]]></wordtext>
<picturefile>[WIDGIT]widgit rebus\m\meter.emf</picturefile>
</word>
<word>
<wordtext><![CDATA[kilometre ]]></wordtext>
<picturefile>[WIDGIT]widgit rebus 04\symbols c\kilometre.emf</picturefile>
</word>
<word>
<wordtext><![CDATA[acre ]]></wordtext>
<picturefile>[WIDGIT]widgit rebus\f\field.emf</picturefile>
</word>
<word>
<wordtext><![CDATA[hectare ]]></wordtext>
<picturefile>radECF9F.png</picturefile>
</word>
<word>
<wordtext><![CDATA[M.P.H. ]]></wordtext>
<picturefile>[WIDGIT]widgit rebus 06\symbols 6a\mph.emf</picturefile>
</word>
<word>
<wordtext><![CDATA[joule ]]></wordtext>
<picturefile>rad4BE21.png</picturefile>
</word>
<word>
<wordtext><![CDATA[watt ]]></wordtext>
<picturefile>rad5CF80.png</picturefile>
</word>
<word>
<wordtext><![CDATA[force ]]></wordtext>
<picturefile>[WIDGIT]widgit rebus\f\forces.emf</picturefile>
</word>
<word>
<wordtext><![CDATA[angle ]]></wordtext>
<picturefile>[WIDGIT]widgit rebus 04\symbols b\angle.emf</picturefile>
</word>
<word>
<wordtext><![CDATA[calorie ]]></wordtext>
<picturefile>[WIDGIT]widgit rebus 07\symbols 7a\calories.emf</picturefile>
</word>
<word>
<wordtext><![CDATA[degree ]]></wordtext>
<picturefile>[WIDGIT]widgit rebus topics\science maths\degree.emf</picturefile>
</word>
<word>
<wordtext><![CDATA[celsius ]]></wordtext>
<picturefile>[WIDGIT]widgit rebus\t\temperature.emf</picturefile>
</word>
<word>
<wordtext><![CDATA[fahrenheit ]]></wordtext>
<picturefile>[WIDGIT]widgit rebus\t\temperature 1.emf</picturefile>
</word>
<word>
<wordtext><![CDATA[weigh ]]></wordtext>
<picturefile>[WIDGIT]widgit rebus\w\weigh.emf</picturefile>
</word>
<word>
<wordtext><![CDATA[weight ]]></wordtext>
<picturefile>[WIDGIT]widgit rebus 06\symbols 6b\weight.emf</picturefile>
</word>
<word>
<wordtext><![CDATA[gram ]]></wordtext>
<picturefile>[WIDGIT]widgit rebus\g\gram.emf</picturefile>
</word>
<word>
<wordtext><![CDATA[kilogram ]]></wordtext>
<picturefile>[WIDGIT]widgit rebus\k\kg.emf</picturefile>
</word>
<word>
<wordtext><![CDATA[ton ]]></wordtext>
<picturefile>[WIDGIT]widgit rebus topics\science maths\tonne.emf</picturefile>
</word>
<word>
<wordtext><![CDATA[ounce ]]></wordtext>
<picturefile>[WIDGIT]widgit rebus\o\ounce.emf</picturefile>
</word>
<word>
<wordtext><![CDATA[pound ]]></wordtext>
<picturefile>[WIDGIT]widgit rebus\l\lb.emf</picturefile>
</word>
<word>
<wordtext><![CDATA[stone ]]></wordtext>
<picturefile>[WIDGIT]widgit rebus 06\symbols 6b\weight.emf</picturefile>
</word>
<word>
<wordtext><![CDATA[fluid ounce ]]></wordtext>
<picturefile>[WIDGIT]widgit rebus 04\symbols c\fluid ounce.emf</picturefile>
</word>
<word>
<wordtext><![CDATA[half a pint ]]></wordtext>
<picturefile>rad3510F.png</picturefile>
</word>
<word>
<wordtext><![CDATA[pint ]]></wordtext>
<picturefile>[WIDGIT]widgit rebus\l\lager.emf</picturefile>
</word>
<word>
<wordtext><![CDATA[millilitre ]]></wordtext>
<picturefile>[WIDGIT]widgit rebus 04\symbols c\millilitre.emf</picturefile>
</word>
<word>
<wordtext><![CDATA[litre ]]></wordtext>
<picturefile>[WIDGIT]widgit rebus 04\symbols c\litre.emf</picturefile>
</word>
<word>
<wordtext><![CDATA[gallon ]]></wordtext>
<picturefile>[WIDGIT]widgit rebus 04\symbols c\gallon.emf</picturefile>
</word>
<word>
<wordtext><![CDATA[cubic ]]></wordtext>
<picturefile>[WIDGIT]widgit rebus topics\science maths\6 faced shape.emf</picturefile>
</word>
<word>
<wordtext><![CDATA[volume ]]></wordtext>
<picturefile>[WIDGIT]widgit rebus 04\symbols b\volume.emf</picturefile>
</word>
</wordlist>
