<?xml version="1.0" encoding="utf-8" ?>

<wordlist>
<word>
<wordtext><![CDATA[city ]]></wordtext>
<picturefile>[WIDGIT]widgit rebus\c\city.emf</picturefile>
</word>
<word>
<wordtext><![CDATA[town ]]></wordtext>
<picturefile>[WIDGIT]widgit rebus\c\city.emf</picturefile>
</word>
<word>
<wordtext><![CDATA[village ]]></wordtext>
<picturefile>[WIDGIT]widgit rebus\v\village.emf</picturefile>
</word>
<word>
<wordtext><![CDATA[street ]]></wordtext>
<picturefile>[WIDGIT]widgit rebus\s\street.emf</picturefile>
</word>
<word>
<wordtext><![CDATA[garden ]]></wordtext>
<picturefile>[WIDGIT]widgit rebus\g\garden.emf</picturefile>
</word>
<word>
<wordtext><![CDATA[park ]]></wordtext>
<picturefile>[WIDGIT]widgit rebus\p\park 2.emf</picturefile>
</word>
<word>
<wordtext><![CDATA[farm ]]></wordtext>
<picturefile>[WIDGIT]widgit rebus\f\farm.emf</picturefile>
</word>
<word>
<wordtext><![CDATA[country ]]></wordtext>
<picturefile>[WIDGIT]widgit rebus\c\country.emf</picturefile>
</word>
<word>
<wordtext><![CDATA[countryside ]]></wordtext>
<picturefile>[WIDGIT]widgit rebus\c\country.emf</picturefile>
</word>
<word>
<wordtext><![CDATA[field ]]></wordtext>
<picturefile>[WIDGIT]widgit rebus\f\field.emf</picturefile>
</word>
<word>
<wordtext><![CDATA[woods ]]></wordtext>
<picturefile>[WIDGIT]widgit rebus\w\wood.emf</picturefile>
</word>
<word>
<wordtext><![CDATA[jungle ]]></wordtext>
<picturefile>[WIDGIT]widgit rebus\r\rain forest.emf</picturefile>
</word>
<word>
<wordtext><![CDATA[hill ]]></wordtext>
<picturefile>[WIDGIT]widgit rebus\h\hill.emf</picturefile>
</word>
<word>
<wordtext><![CDATA[mountain ]]></wordtext>
<picturefile>[WIDGIT]widgit rebus\m\mountain.emf</picturefile>
</word>
<word>
<wordtext><![CDATA[pond ]]></wordtext>
<picturefile>[WIDGIT]widgit rebus\p\pond.emf</picturefile>
</word>
<word>
<wordtext><![CDATA[lake ]]></wordtext>
<picturefile>[WIDGIT]widgit rebus\l\lake.emf</picturefile>
</word>
<word>
<wordtext><![CDATA[canal ]]></wordtext>
<picturefile>[WIDGIT]widgit rebus 04\symbols a\canal.emf</picturefile>
</word>
<word>
<wordtext><![CDATA[river ]]></wordtext>
<picturefile>[WIDGIT]widgit rebus\r\river.emf</picturefile>
</word>
<word>
<wordtext><![CDATA[sea ]]></wordtext>
<picturefile>[WIDGIT]widgit rebus\s\sea.emf</picturefile>
</word>
<word>
<wordtext><![CDATA[valley ]]></wordtext>
<picturefile>[WIDGIT]widgit rebus\v\valley.emf</picturefile>
</word>
<word>
<wordtext><![CDATA[waterfall ]]></wordtext>
<picturefile>[WIDGIT]widgit rebus\w\waterfall.emf</picturefile>
</word>
<word>
<wordtext><![CDATA[beach ]]></wordtext>
<picturefile>[WIDGIT]widgit rebus\b\beach.emf</picturefile>
</word>
<word>
<wordtext><![CDATA[cliff ]]></wordtext>
<picturefile>[WIDGIT]widgit rebus\c\cliff.emf</picturefile>
</word>
<word>
<wordtext><![CDATA[dam ]]></wordtext>
<picturefile>[WIDGIT]widgit rebus\d\dam.emf</picturefile>
</word>
<word>
<wordtext><![CDATA[island ]]></wordtext>
<picturefile>[WIDGIT]widgit rebus\i\island.emf</picturefile>
</word>
<word>
<wordtext><![CDATA[desert ]]></wordtext>
<picturefile>[WIDGIT]widgit rebus\d\desert.emf</picturefile>
</word>
<word>
<wordtext><![CDATA[cave ]]></wordtext>
<picturefile>[WIDGIT]widgit rebus\c\cave.emf</picturefile>
</word>
<word>
<wordtext><![CDATA[underground ]]></wordtext>
<picturefile>[WIDGIT]widgit rebus\u\underground.emf</picturefile>
</word>
</wordlist>
