<?xml version="1.0" encoding="utf-8" ?>

<wordlist>
<word>
<wordtext><![CDATA[man ]]></wordtext>
<picturefile>[WIDGIT]widgit rebus\m\man.emf</picturefile>
</word>
<word>
<wordtext><![CDATA[boy ]]></wordtext>
<picturefile>[WIDGIT]widgit rebus\t\teen boy.emf</picturefile>
</word>
<word>
<wordtext><![CDATA[dad ]]></wordtext>
<picturefile>[WIDGIT]widgit rebus\f\father.emf</picturefile>
</word>
<word>
<wordtext><![CDATA[brother ]]></wordtext>
<picturefile>[WIDGIT]widgit rebus\b\brother.emf</picturefile>
</word>
<word>
<wordtext><![CDATA[woman ]]></wordtext>
<picturefile>[WIDGIT]widgit rebus\w\woman.emf</picturefile>
</word>
<word>
<wordtext><![CDATA[girl ]]></wordtext>
<picturefile>[WIDGIT]widgit rebus\t\teen girl.emf</picturefile>
</word>
<word>
<wordtext><![CDATA[mum ]]></wordtext>
<picturefile>[WIDGIT]widgit rebus\m\mother.emf</picturefile>
</word>
<word>
<wordtext><![CDATA[sister ]]></wordtext>
<picturefile>[WIDGIT]widgit rebus\s\sister.emf</picturefile>
</word>
<word>
<wordtext><![CDATA[grandad ]]></wordtext>
<picturefile>[WIDGIT]widgit rebus\g\grandfather.emf</picturefile>
</word>
<word>
<wordtext><![CDATA[nan ]]></wordtext>
<picturefile>[WIDGIT]widgit rebus\g\grandmother.emf</picturefile>
</word>
<word>
<wordtext><![CDATA[baby ]]></wordtext>
<picturefile>[WIDGIT]widgit rebus\b\baby.emf</picturefile>
</word>
<word>
<wordtext><![CDATA[child ]]></wordtext>
<picturefile>[WIDGIT]widgit rebus\c\child.emf</picturefile>
</word>
<word>
<wordtext><![CDATA[children ]]></wordtext>
<picturefile>[WIDGIT]widgit rebus\b\boy girl.emf</picturefile>
</word>
<word>
<wordtext><![CDATA[adult ]]></wordtext>
<picturefile>[WIDGIT]widgit rebus\a\adult.emf</picturefile>
</word>
<word>
<wordtext><![CDATA[family ]]></wordtext>
<picturefile>[WIDGIT]widgit rebus\f\family.emf</picturefile>
</word>
<word>
<wordtext><![CDATA[friend ]]></wordtext>
<picturefile>[WIDGIT]widgit rebus\f\friend.emf</picturefile>
</word>
<word>
<wordtext><![CDATA[aunt ]]></wordtext>
<picturefile>[WIDGIT]widgit rebus\a\aunt.emf</picturefile>
</word>
<word>
<wordtext><![CDATA[uncle ]]></wordtext>
<picturefile>[WIDGIT]widgit rebus\u\uncle.emf</picturefile>
</word>
<word>
<wordtext><![CDATA[cousin ]]></wordtext>
<picturefile>[WIDGIT]widgit rebus\c\cousin m.emf</picturefile>
</word>
<word>
<wordtext><![CDATA[nephew ]]></wordtext>
<picturefile>[WIDGIT]widgit rebus\n\nephew.emf</picturefile>
</word>
<word>
<wordtext><![CDATA[niece ]]></wordtext>
<picturefile>[WIDGIT]widgit rebus\n\niece.emf</picturefile>
</word>
<word>
<wordtext><![CDATA[people ]]></wordtext>
<picturefile>[WIDGIT]widgit rebus\p\people.emf</picturefile>
</word>
</wordlist>
