<?xml version="1.0" encoding="utf-8" ?>

<sensorygrid>
<grid workspace_x="3" workspace_y="1">
<rows>5</rows>
<cols>7</cols>
<selfclosing>0</selfclosing>
<titlebartext></titlebartext>
<customblockscan>1</customblockscan>
<predictionsource>0</predictionsource>
<oskcellratio>0</oskcellratio>
<background style="0">
<backcolour>14737632</backcolour>
<backcolour2>14737632</backcolour2>
</background>
<cells>
<cell x="1" y="1">
<caption><![CDATA[go back]]></caption>
<tooltip><![CDATA[go back]]></tooltip>
<picture>[GRID2X]jump.back.wmf</picture>
<scanblock>1</scanblock>
<directactivate>1</directactivate>
<hidden>0</hidden>
<stylepreset>Jump Home &amp; back</stylepreset>
<commands>
<command>
<id>jump.back</id>
</command>
</commands>
</cell>
<cell x="2" y="1">
<caption><![CDATA[Sentence Starters]]></caption>
<tooltip><![CDATA[Sentence Starters]]></tooltip>
<scanblock>1</scanblock>
<hidden>0</hidden>
<stylepreset>Self Closing Page</stylepreset>
<commands>
<command>
<id>jump.to</id>
<parameter index="1"><![CDATA[Sentence Starters]]></parameter>
</command>
</commands>
</cell>
<cell x="3" y="1">
<magnifyx>3</magnifyx>
<scanblock>1</scanblock>
<hidden>0</hidden>
<stylepreset>Blank cell (no style)</stylepreset>
</cell>
<cell x="4" y="1">
<scanblock>1</scanblock>
<hidden>0</hidden>
<stylepreset>Blank cell (no style)</stylepreset>
</cell>
<cell x="5" y="1">
<scanblock>1</scanblock>
<hidden>0</hidden>
<stylepreset>Blank cell (no style)</stylepreset>
</cell>
<cell x="6" y="1">
<caption><![CDATA[rub out]]></caption>
<tooltip><![CDATA[rub out]]></tooltip>
<picture>[GRID2X]type.deleteword.wmf</picture>
<scanblock>1</scanblock>
<hidden>0</hidden>
<stylepreset>Action cell</stylepreset>
<commands>
<command>
<id>type.deleteword</id>
</command>
</commands>
</cell>
<cell x="7" y="1">
<caption><![CDATA[clear]]></caption>
<tooltip><![CDATA[clear]]></tooltip>
<picture>[GRID2X]action.clear.wmf</picture>
<scanblock>1</scanblock>
<hidden>0</hidden>
<stylepreset>Action cell</stylepreset>
<commands>
<command>
<id>action.clear</id>
</command>
</commands>
</cell>
<cell x="1" y="2">
<caption><![CDATA[asking question]]></caption>
<tooltip><![CDATA[asking question]]></tooltip>
<picture>[WIDGIT]widgit rebus\a\ask.emf</picture>
<scanblock>2</scanblock>
<directactivate>6</directactivate>
<hidden>0</hidden>
<stylepreset>Vocab cell</stylepreset>
<commands>
<command>
<id>type</id>
<parameter index="1"><![CDATA[I'm asking a question ]]></parameter>
</command>
<command>
<id>jump.back</id>
</command>
</commands>
</cell>
<cell x="2" y="2">
<caption><![CDATA[say again]]></caption>
<tooltip><![CDATA[say again please?]]></tooltip>
<picture>[WIDGIT]widgit rebus\a\again.emf</picture>
<scanblock>2</scanblock>
<hidden>0</hidden>
<stylepreset>Vocab cell</stylepreset>
<commands>
<command>
<id>type</id>
<parameter index="1"><![CDATA[can you say it again please? ]]></parameter>
</command>
<command>
<id>jump.back</id>
</command>
</commands>
</cell>
<cell x="3" y="2">
<caption><![CDATA[help me]]></caption>
<tooltip><![CDATA[Can you help me please?]]></tooltip>
<picture>[WIDGIT]widgit rebus\h\help.emf</picture>
<scanblock>2</scanblock>
<hidden>0</hidden>
<stylepreset>Vocab cell</stylepreset>
<commands>
<command>
<id>type</id>
<parameter index="1"><![CDATA[Can you help me please? ]]></parameter>
</command>
<command>
<id>jump.back</id>
</command>
</commands>
</cell>
<cell x="4" y="2">
<caption><![CDATA[what]]></caption>
<tooltip><![CDATA[what]]></tooltip>
<picture>[WIDGIT]widgit rebus\w\what 1.emf</picture>
<scanblock>4</scanblock>
<hidden>0</hidden>
<stylepreset>Auto content cell</stylepreset>
<commands>
<command>
<id>type</id>
<parameter index="1"><![CDATA[what ]]></parameter>
</command>
<command>
<id>jump.back</id>
</command>
</commands>
</cell>
<cell x="5" y="2">
<caption><![CDATA[why]]></caption>
<tooltip><![CDATA[why]]></tooltip>
<picture>[WIDGIT]widgit rebus\s\shrug.emf</picture>
<scanblock>4</scanblock>
<hidden>0</hidden>
<stylepreset>Auto content cell</stylepreset>
<commands>
<command>
<id>type</id>
<parameter index="1"><![CDATA[why ]]></parameter>
</command>
<command>
<id>jump.back</id>
</command>
</commands>
</cell>
<cell x="6" y="2">
<caption><![CDATA[where]]></caption>
<tooltip><![CDATA[where]]></tooltip>
<picture>[WIDGIT]widgit rebus\w\where 1.emf</picture>
<scanblock>4</scanblock>
<hidden>0</hidden>
<stylepreset>Auto content cell</stylepreset>
<commands>
<command>
<id>type</id>
<parameter index="1"><![CDATA[where ]]></parameter>
</command>
<command>
<id>jump.back</id>
</command>
</commands>
</cell>
<cell x="7" y="2">
<caption><![CDATA[About You]]></caption>
<tooltip><![CDATA[About You]]></tooltip>
<picture>png</picture>
<scanblock>8</scanblock>
<hidden>0</hidden>
<stylepreset>Jump cell</stylepreset>
<commands>
<command>
<id>jump.to</id>
<parameter index="1"><![CDATA[About You]]></parameter>
</command>
</commands>
</cell>
<cell x="1" y="3">
<caption><![CDATA[what time?]]></caption>
<tooltip><![CDATA[what time?]]></tooltip>
<picture>[WIDGIT]widgit rebus\t\time.emf</picture>
<scanblock>2</scanblock>
<hidden>0</hidden>
<stylepreset>Vocab cell</stylepreset>
<commands>
<command>
<id>type</id>
<parameter index="1"><![CDATA[what time ]]></parameter>
</command>
<command>
<id>jump.back</id>
</command>
</commands>
</cell>
<cell x="2" y="3">
<caption><![CDATA[time food?]]></caption>
<tooltip><![CDATA[time food?]]></tooltip>
<picture>[WIDGIT]widgit rebus\f\food.emf</picture>
<scanblock>2</scanblock>
<hidden>0</hidden>
<stylepreset>Vocab cell</stylepreset>
<commands>
<command>
<id>type</id>
<parameter index="1"><![CDATA[what time will food be? ]]></parameter>
</command>
<command>
<id>jump.back</id>
</command>
</commands>
</cell>
<cell x="3" y="3">
<caption><![CDATA[which one]]></caption>
<tooltip><![CDATA[which one]]></tooltip>
<picture>[WIDGIT]widgit rebus\w\which.emf</picture>
<scanblock>2</scanblock>
<hidden>0</hidden>
<stylepreset>Vocab cell</stylepreset>
<commands>
<command>
<id>type</id>
<parameter index="1"><![CDATA[which one ]]></parameter>
</command>
<command>
<id>jump.back</id>
</command>
</commands>
</cell>
<cell x="4" y="3">
<caption><![CDATA[when]]></caption>
<tooltip><![CDATA[when]]></tooltip>
<picture>[WIDGIT]widgit rebus\w\when.emf</picture>
<scanblock>4</scanblock>
<hidden>0</hidden>
<stylepreset>Auto content cell</stylepreset>
<commands>
<command>
<id>type</id>
<parameter index="1"><![CDATA[when ]]></parameter>
</command>
<command>
<id>jump.back</id>
</command>
</commands>
</cell>
<cell x="5" y="3">
<caption><![CDATA[which]]></caption>
<tooltip><![CDATA[which]]></tooltip>
<picture>[WIDGIT]widgit rebus 03\jan-03\that which.emf</picture>
<scanblock>4</scanblock>
<hidden>0</hidden>
<stylepreset>Auto content cell</stylepreset>
<commands>
<command>
<id>type</id>
<parameter index="1"><![CDATA[which ]]></parameter>
</command>
<command>
<id>jump.back</id>
</command>
</commands>
</cell>
<cell x="6" y="3">
<caption><![CDATA[who]]></caption>
<tooltip><![CDATA[who]]></tooltip>
<picture>[WIDGIT]widgit rebus 06\symbols 6a\who.emf</picture>
<scanblock>4</scanblock>
<hidden>0</hidden>
<stylepreset>Auto content cell</stylepreset>
<commands>
<command>
<id>type</id>
<parameter index="1"><![CDATA[who ]]></parameter>
</command>
<command>
<id>jump.back</id>
</command>
</commands>
</cell>
<cell x="7" y="3">
<caption><![CDATA[Pronouns]]></caption>
<tooltip><![CDATA[Pronouns]]></tooltip>
<picture>[WIDGIT]widgit rebus\p\pronoun.emf</picture>
<scanblock>8</scanblock>
<hidden>0</hidden>
<stylepreset>Jump cell</stylepreset>
<commands>
<command>
<id>jump.to</id>
<parameter index="1"><![CDATA[Pronouns]]></parameter>
</command>
</commands>
</cell>
<cell x="1" y="4">
<caption><![CDATA[how many]]></caption>
<tooltip><![CDATA[how many]]></tooltip>
<picture>[WIDGIT]widgit rebus 06\symbols 6b\how many.emf</picture>
<scanblock>2</scanblock>
<hidden>0</hidden>
<stylepreset>Starter</stylepreset>
<commands>
<command>
<id>type</id>
<parameter index="1"><![CDATA[how many ]]></parameter>
</command>
<command>
<id>jump.back</id>
</command>
</commands>
</cell>
<cell x="2" y="4">
<caption><![CDATA[how much]]></caption>
<tooltip><![CDATA[how much]]></tooltip>
<picture>[WIDGIT]widgit rebus\h\how much.emf</picture>
<scanblock>2</scanblock>
<hidden>0</hidden>
<stylepreset>Starter</stylepreset>
<commands>
<command>
<id>type</id>
<parameter index="1"><![CDATA[how much ]]></parameter>
</command>
<command>
<id>jump.back</id>
</command>
</commands>
</cell>
<cell x="3" y="4">
<caption><![CDATA[have you got]]></caption>
<tooltip><![CDATA[Have you got]]></tooltip>
<picture>[WIDGIT]widgit rebus\g\get 1.emf</picture>
<scanblock>2</scanblock>
<hidden>0</hidden>
<stylepreset>Starter</stylepreset>
<commands>
<command>
<id>type</id>
<parameter index="1"><![CDATA[have you got ]]></parameter>
</command>
<command>
<id>jump.back</id>
</command>
</commands>
</cell>
<cell x="4" y="4">
<caption><![CDATA[how]]></caption>
<tooltip><![CDATA[how]]></tooltip>
<picture>[WIDGIT]widgit rebus\h\how.emf</picture>
<scanblock>4</scanblock>
<hidden>0</hidden>
<stylepreset>Auto content cell</stylepreset>
<commands>
<command>
<id>type</id>
<parameter index="1"><![CDATA[how ]]></parameter>
</command>
<command>
<id>jump.back</id>
</command>
</commands>
</cell>
<cell x="5" y="4">
<caption><![CDATA[will]]></caption>
<tooltip><![CDATA[will]]></tooltip>
<picture>[WIDGIT]widgit rebus\f\future.emf</picture>
<scanblock>4</scanblock>
<hidden>0</hidden>
<stylepreset>Auto content cell</stylepreset>
<commands>
<command>
<id>type</id>
<parameter index="1"><![CDATA[will ]]></parameter>
</command>
<command>
<id>jump.back</id>
</command>
</commands>
</cell>
<cell x="6" y="4">
<caption><![CDATA[can]]></caption>
<tooltip><![CDATA[can]]></tooltip>
<picture>[WIDGIT]widgit rebus 05\symbols 5a\can.emf</picture>
<scanblock>4</scanblock>
<hidden>0</hidden>
<stylepreset>Auto content cell</stylepreset>
<commands>
<command>
<id>type</id>
<parameter index="1"><![CDATA[can ]]></parameter>
</command>
</commands>
</cell>
<cell x="7" y="4">
<caption><![CDATA[Words]]></caption>
<tooltip><![CDATA[Small Words]]></tooltip>
<picture>[WIDGIT]widgit rebus\w\word.emf</picture>
<scanblock>8</scanblock>
<hidden>0</hidden>
<stylepreset>Self Closing Page</stylepreset>
<commands>
<command>
<id>jump.to</id>
<parameter index="1"><![CDATA[Small Words]]></parameter>
</command>
</commands>
</cell>
<cell x="1" y="5">
<caption><![CDATA[Where is]]></caption>
<tooltip><![CDATA[Where is]]></tooltip>
<picture>[WIDGIT]widgit rebus\w\where 1.emf</picture>
<scanblock>2</scanblock>
<hidden>0</hidden>
<stylepreset>Starter</stylepreset>
<commands>
<command>
<id>type</id>
<parameter index="1"><![CDATA[Where is ]]></parameter>
</command>
<command>
<id>jump.back</id>
</command>
</commands>
</cell>
<cell x="2" y="5">
<caption><![CDATA[When is]]></caption>
<tooltip><![CDATA[When is]]></tooltip>
<picture>[WIDGIT]widgit rebus\w\when.emf</picture>
<scanblock>2</scanblock>
<hidden>0</hidden>
<stylepreset>Starter</stylepreset>
<commands>
<command>
<id>type</id>
<parameter index="1"><![CDATA[When is ]]></parameter>
</command>
<command>
<id>jump.back</id>
</command>
</commands>
</cell>
<cell x="3" y="5">
<caption><![CDATA[do you want]]></caption>
<tooltip><![CDATA[do you want]]></tooltip>
<picture>[WIDGIT]widgit rebus\w\want.emf</picture>
<scanblock>2</scanblock>
<hidden>0</hidden>
<stylepreset>Starter</stylepreset>
<commands>
<command>
<id>type</id>
<parameter index="1"><![CDATA[do you want ]]></parameter>
</command>
<command>
<id>jump.back</id>
</command>
</commands>
</cell>
<cell x="4" y="5">
<caption><![CDATA[is]]></caption>
<tooltip><![CDATA[is]]></tooltip>
<picture>[WIDGIT]widgit rebus\i\is.emf</picture>
<scanblock>4</scanblock>
<hidden>0</hidden>
<stylepreset>Auto content cell</stylepreset>
<commands>
<command>
<id>type</id>
<parameter index="1"><![CDATA[is ]]></parameter>
</command>
<command>
<id>jump.back</id>
</command>
</commands>
</cell>
<cell x="5" y="5">
<caption><![CDATA[are]]></caption>
<tooltip><![CDATA[are]]></tooltip>
<picture>[WIDGIT]widgit rebus\e\equal.emf</picture>
<scanblock>4</scanblock>
<hidden>0</hidden>
<stylepreset>Auto content cell</stylepreset>
<commands>
<command>
<id>type</id>
<parameter index="1"><![CDATA[are ]]></parameter>
</command>
<command>
<id>jump.back</id>
</command>
</commands>
</cell>
<cell x="6" y="5">
<caption><![CDATA[?]]></caption>
<tooltip><![CDATA[Question mark]]></tooltip>
<scanblock>4</scanblock>
<hidden>0</hidden>
<stylepreset>Keyboard key</stylepreset>
<commands>
<command>
<id>type</id>
<parameter index="1"><![CDATA[{?}]]></parameter>
</command>
<command>
<id>jump.back</id>
</command>
</commands>
</cell>
<cell x="7" y="5">
<caption><![CDATA[home]]></caption>
<tooltip><![CDATA[home]]></tooltip>
<picture>[GRID2X]jump.home.wmf</picture>
<scanblock>8</scanblock>
<directactivate>2</directactivate>
<hidden>0</hidden>
<stylepreset>Jump Home &amp; back</stylepreset>
<commands>
<command>
<id>jump.home</id>
</command>
</commands>
</cell>
</cells>
</grid>
</sensorygrid>
