<?xml version="1.0" encoding="utf-8" ?>

<sensorygrid>
<grid workspace_x="3" workspace_y="1">
<rows>5</rows>
<cols>7</cols>
<selfclosing>0</selfclosing>
<titlebartext></titlebartext>
<customblockscan>1</customblockscan>
<predictionsource>0</predictionsource>
<oskcellratio>0</oskcellratio>
<background style="0">
<backcolour>14737632</backcolour>
<backcolour2>14737632</backcolour2>
</background>
<cells>
<cell x="1" y="1">
<caption><![CDATA[go back]]></caption>
<tooltip><![CDATA[go back]]></tooltip>
<picture>[GRID2X]jump.back.wmf</picture>
<scanblock>1</scanblock>
<directactivate>1</directactivate>
<hidden>0</hidden>
<stylepreset>Jump Home &amp; back</stylepreset>
<commands>
<command>
<id>jump.back</id>
</command>
</commands>
</cell>
<cell x="2" y="1">
<caption><![CDATA[Sentence Starters]]></caption>
<tooltip><![CDATA[Sentence Starters]]></tooltip>
<scanblock>1</scanblock>
<hidden>0</hidden>
<stylepreset>Self Closing Page</stylepreset>
<commands>
<command>
<id>jump.to</id>
<parameter index="1"><![CDATA[Sentence Starters]]></parameter>
</command>
</commands>
</cell>
<cell x="3" y="1">
<magnifyx>3</magnifyx>
<scanblock>1</scanblock>
<hidden>0</hidden>
<stylepreset>Blank cell (no style)</stylepreset>
</cell>
<cell x="4" y="1">
<scanblock>1</scanblock>
<hidden>0</hidden>
<stylepreset>Blank cell (no style)</stylepreset>
</cell>
<cell x="5" y="1">
<scanblock>1</scanblock>
<hidden>0</hidden>
<stylepreset>Blank cell (no style)</stylepreset>
</cell>
<cell x="6" y="1">
<caption><![CDATA[rub out]]></caption>
<tooltip><![CDATA[rub out]]></tooltip>
<picture>[GRID2X]type.deleteword.wmf</picture>
<scanblock>1</scanblock>
<hidden>0</hidden>
<stylepreset>Action cell</stylepreset>
<commands>
<command>
<id>type.deleteword</id>
</command>
</commands>
</cell>
<cell x="7" y="1">
<caption><![CDATA[clear]]></caption>
<tooltip><![CDATA[clear]]></tooltip>
<picture>[GRID2X]action.clear.wmf</picture>
<scanblock>1</scanblock>
<directactivate>5</directactivate>
<hidden>0</hidden>
<stylepreset>Action cell</stylepreset>
<commands>
<command>
<id>action.clear</id>
</command>
</commands>
</cell>
<cell x="1" y="2">
<caption><![CDATA[My News]]></caption>
<tooltip><![CDATA[My News]]></tooltip>
<picture>[WIDGIT]widgit rebus\n\news.emf</picture>
<scanblock>2</scanblock>
<hidden>0</hidden>
<stylepreset>Jump cell</stylepreset>
<commands>
<command>
<id>jump.to</id>
<parameter index="1"><![CDATA[My News]]></parameter>
</command>
</commands>
</cell>
<cell x="2" y="2">
<caption><![CDATA[Hobbies]]></caption>
<tooltip><![CDATA[Hobbies]]></tooltip>
<picture>[WIDGIT]widgit rebus\h\hobbies.emf</picture>
<scanblock>2</scanblock>
<hidden>0</hidden>
<stylepreset>Jump cell</stylepreset>
<commands>
<command>
<id>jump.to</id>
<parameter index="1"><![CDATA[Hobbies]]></parameter>
</command>
</commands>
</cell>
<cell x="3" y="2">
<caption><![CDATA[Sports]]></caption>
<tooltip><![CDATA[Sports]]></tooltip>
<picture>[WIDGIT]widgit rebus 06\symbols 6a\sports.emf</picture>
<scanblock>2</scanblock>
<hidden>0</hidden>
<stylepreset>Jump cell</stylepreset>
<commands>
<command>
<id>jump.to</id>
<parameter index="1"><![CDATA[Sports]]></parameter>
</command>
</commands>
</cell>
<cell x="4" y="2">
<caption><![CDATA[Fun]]></caption>
<tooltip><![CDATA[Fun]]></tooltip>
<picture>[WIDGIT]widgit rebus\f\fun.emf</picture>
<scanblock>2</scanblock>
<hidden>0</hidden>
<stylepreset>Jump cell</stylepreset>
<commands>
<command>
<id>jump.to</id>
<parameter index="1"><![CDATA[Fun]]></parameter>
</command>
</commands>
</cell>
<cell x="5" y="2">
<caption><![CDATA[Therapy]]></caption>
<tooltip><![CDATA[Therapy]]></tooltip>
<picture>[WIDGIT]widgit rebus\t\therapy.emf</picture>
<scanblock>2</scanblock>
<hidden>0</hidden>
<stylepreset>Jump cell</stylepreset>
<commands>
<command>
<id>jump.to</id>
<parameter index="1"><![CDATA[Therapy]]></parameter>
</command>
</commands>
</cell>
<cell x="6" y="2">
<caption><![CDATA[Shapes]]></caption>
<tooltip><![CDATA[Shapes]]></tooltip>
<picture>[WIDGIT]widgit rebus\s\shape.emf</picture>
<scanblock>2</scanblock>
<hidden>0</hidden>
<stylepreset>Jump cell</stylepreset>
<commands>
<command>
<id>jump.to</id>
<parameter index="1"><![CDATA[Shapes]]></parameter>
</command>
</commands>
</cell>
<cell x="7" y="2">
<scanblock>4</scanblock>
<hidden>0</hidden>
<stylepreset>Blank cell (no style)</stylepreset>
</cell>
<cell x="1" y="3">
<caption><![CDATA[Going Out]]></caption>
<tooltip><![CDATA[Going Out]]></tooltip>
<picture>[WIDGIT]widgit rebus\e\exit 1.emf</picture>
<scanblock>2</scanblock>
<hidden>0</hidden>
<stylepreset>Jump cell</stylepreset>
<commands>
<command>
<id>jump.to</id>
<parameter index="1"><![CDATA[Going Out]]></parameter>
</command>
</commands>
</cell>
<cell x="2" y="3">
<caption><![CDATA[Places]]></caption>
<tooltip><![CDATA[Places]]></tooltip>
<picture>[WIDGIT]widgit rebus\p\places 1.emf</picture>
<scanblock>2</scanblock>
<hidden>0</hidden>
<stylepreset>Jump cell</stylepreset>
<commands>
<command>
<id>jump.to</id>
<parameter index="1"><![CDATA[Places - environment]]></parameter>
</command>
</commands>
</cell>
<cell x="3" y="3">
<caption><![CDATA[Plants]]></caption>
<tooltip><![CDATA[Plants]]></tooltip>
<picture>[WIDGIT]widgit rebus\p\plants.emf</picture>
<scanblock>2</scanblock>
<hidden>0</hidden>
<stylepreset>Jump cell</stylepreset>
<commands>
<command>
<id>jump.to</id>
<parameter index="1"><![CDATA[Plants]]></parameter>
</command>
</commands>
</cell>
<cell x="4" y="3">
<caption><![CDATA[Weather]]></caption>
<tooltip><![CDATA[Weather]]></tooltip>
<picture>[WIDGIT]widgit rebus\w\weather.emf</picture>
<scanblock>2</scanblock>
<hidden>0</hidden>
<stylepreset>Jump cell</stylepreset>
<commands>
<command>
<id>jump.to</id>
<parameter index="1"><![CDATA[Weather]]></parameter>
</command>
</commands>
</cell>
<cell x="5" y="3">
<caption><![CDATA[Countries]]></caption>
<tooltip><![CDATA[Countries]]></tooltip>
<picture>[WIDGIT]widgit rebus\c\countries.emf</picture>
<scanblock>2</scanblock>
<hidden>0</hidden>
<stylepreset>Jump cell</stylepreset>
<commands>
<command>
<id>jump.to</id>
<parameter index="1"><![CDATA[Countries]]></parameter>
</command>
</commands>
</cell>
<cell x="6" y="3">
<caption><![CDATA[Buildings]]></caption>
<tooltip><![CDATA[Buildings]]></tooltip>
<picture>[WIDGIT]widgit rebus\b\building.emf</picture>
<scanblock>2</scanblock>
<hidden>0</hidden>
<stylepreset>Jump cell</stylepreset>
<commands>
<command>
<id>jump.to</id>
<parameter index="1"><![CDATA[Buildings]]></parameter>
</command>
</commands>
</cell>
<cell x="7" y="3">
<scanblock>4</scanblock>
<hidden>0</hidden>
<stylepreset>Blank cell (no style)</stylepreset>
</cell>
<cell x="1" y="4">
<caption><![CDATA[Transport]]></caption>
<tooltip><![CDATA[Transport]]></tooltip>
<picture>[WIDGIT]widgit rebus\t\transport.emf</picture>
<scanblock>2</scanblock>
<hidden>0</hidden>
<stylepreset>Jump cell</stylepreset>
<commands>
<command>
<id>jump.to</id>
<parameter index="1"><![CDATA[Transport]]></parameter>
</command>
</commands>
</cell>
<cell x="2" y="4">
<caption><![CDATA[Animals]]></caption>
<tooltip><![CDATA[Animals]]></tooltip>
<picture>[WIDGIT]widgit rebus\a\animals.emf</picture>
<scanblock>2</scanblock>
<hidden>0</hidden>
<stylepreset>Jump cell</stylepreset>
<commands>
<command>
<id>jump.to</id>
<parameter index="1"><![CDATA[Animals - Pets]]></parameter>
</command>
</commands>
</cell>
<cell x="3" y="4">
<caption><![CDATA[Technology]]></caption>
<tooltip><![CDATA[Technology]]></tooltip>
<picture>[WIDGIT]widgit rebus\t\technology 1.emf</picture>
<scanblock>2</scanblock>
<hidden>0</hidden>
<stylepreset>Jump cell</stylepreset>
<commands>
<command>
<id>jump.to</id>
<parameter index="1"><![CDATA[Technology]]></parameter>
</command>
</commands>
</cell>
<cell x="4" y="4">
<caption><![CDATA[TV]]></caption>
<tooltip><![CDATA[Television]]></tooltip>
<picture>[WIDGIT]widgit rebus\t\television.emf</picture>
<scanblock>2</scanblock>
<hidden>0</hidden>
<stylepreset>Jump cell</stylepreset>
<commands>
<command>
<id>jump.to</id>
<parameter index="1"><![CDATA[Television]]></parameter>
</command>
</commands>
</cell>
<cell x="5" y="4">
<caption><![CDATA[Books]]></caption>
<tooltip><![CDATA[Books]]></tooltip>
<picture>[WIDGIT]widgit rebus\b\book.emf</picture>
<scanblock>2</scanblock>
<hidden>0</hidden>
<stylepreset>Jump cell</stylepreset>
<commands>
<command>
<id>jump.to</id>
<parameter index="1"><![CDATA[Books]]></parameter>
</command>
</commands>
</cell>
<cell x="6" y="4">
<caption><![CDATA[Toys]]></caption>
<tooltip><![CDATA[Toys]]></tooltip>
<picture>[WIDGIT]widgit rebus\t\toy.emf</picture>
<scanblock>2</scanblock>
<hidden>0</hidden>
<stylepreset>Jump cell</stylepreset>
<commands>
<command>
<id>jump.to</id>
<parameter index="1"><![CDATA[Toys]]></parameter>
</command>
</commands>
</cell>
<cell x="7" y="4">
<scanblock>4</scanblock>
<hidden>0</hidden>
<stylepreset>Blank cell (no style)</stylepreset>
</cell>
<cell x="1" y="5">
<caption><![CDATA[Manners]]></caption>
<tooltip><![CDATA[Manners]]></tooltip>
<picture>[WIDGIT]widgit rebus\m\manners.emf</picture>
<scanblock>2</scanblock>
<hidden>0</hidden>
<stylepreset>Jump cell</stylepreset>
<commands>
<command>
<id>jump.to</id>
<parameter index="1"><![CDATA[Good Manners]]></parameter>
</command>
</commands>
</cell>
<cell x="2" y="5">
<caption><![CDATA[Greetings]]></caption>
<tooltip><![CDATA[Greetings]]></tooltip>
<picture>[WIDGIT]widgit rebus\h\hello.emf</picture>
<scanblock>2</scanblock>
<hidden>0</hidden>
<stylepreset>Jump cell</stylepreset>
<commands>
<command>
<id>jump.to</id>
<parameter index="1"><![CDATA[Greetings]]></parameter>
</command>
</commands>
</cell>
<cell x="3" y="5">
<caption><![CDATA[Shops]]></caption>
<tooltip><![CDATA[Shops]]></tooltip>
<picture>[WIDGIT]widgit rebus\s\shops.emf</picture>
<scanblock>2</scanblock>
<hidden>0</hidden>
<stylepreset>Jump cell</stylepreset>
<commands>
<command>
<id>jump.to</id>
<parameter index="1"><![CDATA[Shops]]></parameter>
</command>
</commands>
</cell>
<cell x="4" y="5">
<caption><![CDATA[Money]]></caption>
<tooltip><![CDATA[Money]]></tooltip>
<picture>[WIDGIT]widgit rebus\m\money.emf</picture>
<scanblock>2</scanblock>
<hidden>0</hidden>
<stylepreset>Jump cell</stylepreset>
<commands>
<command>
<id>jump.to</id>
<parameter index="1"><![CDATA[Money]]></parameter>
</command>
</commands>
</cell>
<cell x="5" y="5">
<scanblock>2</scanblock>
<hidden>0</hidden>
<stylepreset>Blank cell (no style)</stylepreset>
</cell>
<cell x="6" y="5">
<scanblock>2</scanblock>
<hidden>0</hidden>
<stylepreset>Blank cell (no style)</stylepreset>
</cell>
<cell x="7" y="5">
<caption><![CDATA[home]]></caption>
<tooltip><![CDATA[home]]></tooltip>
<picture>[GRID2X]jump.home.wmf</picture>
<scanblock>4</scanblock>
<directactivate>2</directactivate>
<hidden>0</hidden>
<stylepreset>Jump Home &amp; back</stylepreset>
<commands>
<command>
<id>jump.home</id>
</command>
</commands>
</cell>
</cells>
</grid>
</sensorygrid>
