<?xml version="1.0" encoding="utf-8" ?>

<sensorygrid>
<grid workspace_x="3" workspace_y="1">
<rows>5</rows>
<cols>7</cols>
<selfclosing>0</selfclosing>
<titlebartext></titlebartext>
<customblockscan>1</customblockscan>
<predictionsource>0</predictionsource>
<oskcellratio>0</oskcellratio>
<background style="0">
<backcolour>14737632</backcolour>
<backcolour2>14737632</backcolour2>
</background>
<cells>
<cell x="1" y="1">
<caption><![CDATA[go back]]></caption>
<tooltip><![CDATA[go back]]></tooltip>
<picture>[GRID2X]jump.back.wmf</picture>
<scanblock>1</scanblock>
<directactivate>1</directactivate>
<hidden>0</hidden>
<stylepreset>Jump Home &amp; back</stylepreset>
<commands>
<command>
<id>jump.back</id>
</command>
</commands>
</cell>
<cell x="2" y="1">
<caption><![CDATA[Sentence Starters]]></caption>
<tooltip><![CDATA[Sentence Starters]]></tooltip>
<scanblock>1</scanblock>
<hidden>0</hidden>
<stylepreset>Self Closing Page</stylepreset>
<commands>
<command>
<id>jump.to</id>
<parameter index="1"><![CDATA[Sentence Starters]]></parameter>
</command>
</commands>
</cell>
<cell x="3" y="1">
<magnifyx>3</magnifyx>
<scanblock>1</scanblock>
<hidden>0</hidden>
<stylepreset>Blank cell (no style)</stylepreset>
</cell>
<cell x="4" y="1">
<scanblock>1</scanblock>
<hidden>0</hidden>
<stylepreset>Blank cell (no style)</stylepreset>
</cell>
<cell x="5" y="1">
<scanblock>1</scanblock>
<hidden>0</hidden>
<stylepreset>Blank cell (no style)</stylepreset>
</cell>
<cell x="6" y="1">
<caption><![CDATA[rub out]]></caption>
<tooltip><![CDATA[rub out]]></tooltip>
<picture>[GRID2X]type.deleteword.wmf</picture>
<scanblock>1</scanblock>
<hidden>0</hidden>
<stylepreset>Action cell</stylepreset>
<commands>
<command>
<id>type.deleteword</id>
</command>
</commands>
</cell>
<cell x="7" y="1">
<caption><![CDATA[clear]]></caption>
<tooltip><![CDATA[clear]]></tooltip>
<picture>[GRID2X]action.clear.wmf</picture>
<scanblock>1</scanblock>
<hidden>0</hidden>
<stylepreset>Action cell</stylepreset>
<commands>
<command>
<id>action.clear</id>
</command>
</commands>
</cell>
<cell x="1" y="2">
<caption><![CDATA[I think it is]]></caption>
<tooltip><![CDATA[I think it is]]></tooltip>
<picture>[WIDGIT]widgit rebus\t\think.emf</picture>
<scanblock>2</scanblock>
<hidden>0</hidden>
<stylepreset>Jump and Speak</stylepreset>
<commands>
<command>
<id>type</id>
<parameter index="1"><![CDATA[I think it is ]]></parameter>
</command>
<command>
<id>jump.to</id>
<parameter index="1"><![CDATA[Opinions]]></parameter>
</command>
</commands>
</cell>
<cell x="2" y="2">
<caption><![CDATA[yes]]></caption>
<tooltip><![CDATA[yes]]></tooltip>
<picture>[WIDGIT]widgit rebus\y\yes.emf</picture>
<scanblock>2</scanblock>
<hidden>0</hidden>
<stylepreset>Auto content cell</stylepreset>
<commands>
<command>
<id>type</id>
<parameter index="1"><![CDATA[yes ]]></parameter>
</command>
</commands>
</cell>
<cell x="3" y="2">
<caption><![CDATA[say something]]></caption>
<tooltip><![CDATA[say something]]></tooltip>
<picture>[WIDGIT]widgit rebus\s\say.emf</picture>
<scanblock>2</scanblock>
<hidden>0</hidden>
<stylepreset>Vocab cell</stylepreset>
<commands>
<command>
<id>type</id>
<parameter index="1"><![CDATA[I have something to say ]]></parameter>
</command>
</commands>
</cell>
<cell x="4" y="2">
<caption><![CDATA[I know answer]]></caption>
<tooltip><![CDATA[I know answer]]></tooltip>
<picture>[WIDGIT]widgit rebus\k\know.emf</picture>
<scanblock>2</scanblock>
<hidden>0</hidden>
<stylepreset>Vocab cell</stylepreset>
<commands>
<command>
<id>type</id>
<parameter index="1"><![CDATA[I know the answer ]]></parameter>
</command>
</commands>
</cell>
<cell x="5" y="2">
<caption><![CDATA[show you]]></caption>
<tooltip><![CDATA[show you]]></tooltip>
<picture>[WIDGIT]widgit rebus\s\show.emf</picture>
<scanblock>2</scanblock>
<hidden>0</hidden>
<stylepreset>Vocab cell</stylepreset>
<commands>
<command>
<id>type</id>
<parameter index="1"><![CDATA[I want to show you something ]]></parameter>
</command>
</commands>
</cell>
<cell x="6" y="2">
<caption><![CDATA[I'm joking]]></caption>
<tooltip><![CDATA[I'm joking]]></tooltip>
<picture>[WIDGIT]widgit rebus\j\joke.emf</picture>
<scanblock>2</scanblock>
<hidden>0</hidden>
<stylepreset>Vocab cell</stylepreset>
<commands>
<command>
<id>type</id>
<parameter index="1"><![CDATA[I'm only joking ]]></parameter>
</command>
</commands>
</cell>
<cell x="7" y="2">
<caption><![CDATA[Manners]]></caption>
<tooltip><![CDATA[Manners]]></tooltip>
<picture>[WIDGIT]widgit rebus\m\manners.emf</picture>
<scanblock>4</scanblock>
<hidden>0</hidden>
<stylepreset>Jump cell</stylepreset>
<commands>
<command>
<id>jump.to</id>
<parameter index="1"><![CDATA[Good Manners]]></parameter>
</command>
</commands>
</cell>
<cell x="1" y="3">
<caption><![CDATA[I'm feeling]]></caption>
<tooltip><![CDATA[I'm feeling]]></tooltip>
<picture>[WIDGIT]widgit rebus\e\emotions.emf</picture>
<scanblock>2</scanblock>
<hidden>0</hidden>
<stylepreset>Jump and Speak</stylepreset>
<commands>
<command>
<id>type</id>
<parameter index="1"><![CDATA[I'm feeling ]]></parameter>
</command>
<command>
<id>jump.to</id>
<parameter index="1"><![CDATA[Feelings]]></parameter>
</command>
</commands>
</cell>
<cell x="2" y="3">
<caption><![CDATA[no]]></caption>
<tooltip><![CDATA[no]]></tooltip>
<picture>[WIDGIT]widgit rebus\w\wrong.emf</picture>
<scanblock>2</scanblock>
<hidden>0</hidden>
<stylepreset>Auto content cell</stylepreset>
<commands>
<command>
<id>type</id>
<parameter index="1"><![CDATA[no ]]></parameter>
</command>
</commands>
</cell>
<cell x="3" y="3">
<caption><![CDATA[need book]]></caption>
<tooltip><![CDATA[I need my Communication book]]></tooltip>
<picture>[WIDGIT]widgit rebus 04\symbols b\communications book.emf</picture>
<scanblock>2</scanblock>
<hidden>0</hidden>
<stylepreset>Vocab cell</stylepreset>
<commands>
<command>
<id>type</id>
<parameter index="1"><![CDATA[I need my communication book ]]></parameter>
</command>
</commands>
</cell>
<cell x="4" y="3">
<caption><![CDATA[watch TV]]></caption>
<tooltip><![CDATA[watch TV]]></tooltip>
<picture>[WIDGIT]widgit rebus 04\symbols c\watch tv.emf</picture>
<scanblock>2</scanblock>
<hidden>0</hidden>
<stylepreset>Vocab cell</stylepreset>
<commands>
<command>
<id>type</id>
<parameter index="1"><![CDATA[I want to watch TV ]]></parameter>
</command>
</commands>
</cell>
<cell x="5" y="3">
<caption><![CDATA[ want more]]></caption>
<tooltip><![CDATA[ want more]]></tooltip>
<picture>[WIDGIT]widgit rebus\s\some.emf</picture>
<scanblock>2</scanblock>
<hidden>0</hidden>
<stylepreset>Vocab cell</stylepreset>
<commands>
<command>
<id>type</id>
<parameter index="1"><![CDATA[I would like more ]]></parameter>
</command>
</commands>
</cell>
<cell x="6" y="3">
<caption><![CDATA[interrupt]]></caption>
<tooltip><![CDATA[don't interrupt]]></tooltip>
<picture>png</picture>
<scanblock>2</scanblock>
<hidden>0</hidden>
<stylepreset>Vocab cell</stylepreset>
<commands>
<command>
<id>type</id>
<parameter index="1"><![CDATA[don't interrupt me, I had not finished talking. ]]></parameter>
</command>
</commands>
</cell>
<cell x="7" y="3">
<caption><![CDATA[Greetings]]></caption>
<tooltip><![CDATA[Greetings]]></tooltip>
<picture>[WIDGIT]widgit rebus\h\hello.emf</picture>
<scanblock>4</scanblock>
<hidden>0</hidden>
<stylepreset>Jump cell</stylepreset>
<commands>
<command>
<id>jump.to</id>
<parameter index="1"><![CDATA[Greetings]]></parameter>
</command>
</commands>
</cell>
<cell x="1" y="4">
<caption><![CDATA[I want to]]></caption>
<tooltip><![CDATA[I want to]]></tooltip>
<picture>[WIDGIT]widgit rebus\w\want.emf</picture>
<scanblock>2</scanblock>
<hidden>0</hidden>
<stylepreset>Jump and Speak</stylepreset>
<commands>
<command>
<id>type</id>
<parameter index="1"><![CDATA[I want to ]]></parameter>
</command>
<command>
<id>jump.to</id>
<parameter index="1"><![CDATA[Activities]]></parameter>
</command>
</commands>
</cell>
<cell x="2" y="4">
<caption><![CDATA[maybe]]></caption>
<tooltip><![CDATA[maybe]]></tooltip>
<picture>[WIDGIT]widgit rebus\p\perhaps.emf</picture>
<scanblock>2</scanblock>
<hidden>0</hidden>
<stylepreset>Auto content cell</stylepreset>
<commands>
<command>
<id>type</id>
<parameter index="1"><![CDATA[maybe ]]></parameter>
</command>
</commands>
</cell>
<cell x="3" y="4">
<caption><![CDATA[I've finished]]></caption>
<tooltip><![CDATA[I've finished]]></tooltip>
<picture>[WIDGIT]widgit rebus\f\finish.emf</picture>
<scanblock>2</scanblock>
<hidden>0</hidden>
<stylepreset>Vocab cell</stylepreset>
<commands>
<command>
<id>type</id>
<parameter index="1"><![CDATA[I've finished ]]></parameter>
</command>
</commands>
</cell>
<cell x="4" y="4">
<caption><![CDATA[something else]]></caption>
<tooltip><![CDATA[something else]]></tooltip>
<picture>[WIDGIT]widgit rebus\o\odd one out.emf</picture>
<scanblock>2</scanblock>
<hidden>0</hidden>
<stylepreset>Vocab cell</stylepreset>
<commands>
<command>
<id>type</id>
<parameter index="1"><![CDATA[I want to do something else ]]></parameter>
</command>
</commands>
</cell>
<cell x="5" y="4">
<caption><![CDATA[stop now]]></caption>
<tooltip><![CDATA[stop now]]></tooltip>
<picture>[WIDGIT]widgit rebus\s\stop.emf</picture>
<scanblock>2</scanblock>
<hidden>0</hidden>
<stylepreset>Vocab cell</stylepreset>
<commands>
<command>
<id>type</id>
<parameter index="1"><![CDATA[please can we stop now ]]></parameter>
</command>
</commands>
</cell>
<cell x="6" y="4">
<caption><![CDATA[had enough]]></caption>
<tooltip><![CDATA[had enough]]></tooltip>
<picture>[WIDGIT]widgit rebus\b\bored.emf</picture>
<scanblock>2</scanblock>
<hidden>0</hidden>
<stylepreset>Vocab cell</stylepreset>
<commands>
<command>
<id>type</id>
<parameter index="1"><![CDATA[I've had enough ]]></parameter>
</command>
</commands>
</cell>
<cell x="7" y="4">
<scanblock>4</scanblock>
<hidden>0</hidden>
<stylepreset>Blank cell (no style)</stylepreset>
</cell>
<cell x="1" y="5">
<caption><![CDATA[I can]]></caption>
<tooltip><![CDATA[I can]]></tooltip>
<picture>[WIDGIT]widgit rebus 05\symbols 5a\can.emf</picture>
<scanblock>2</scanblock>
<hidden>0</hidden>
<stylepreset>Auto content cell</stylepreset>
<commands>
<command>
<id>type</id>
<parameter index="1"><![CDATA[I can ]]></parameter>
</command>
</commands>
</cell>
<cell x="2" y="5">
<caption><![CDATA[I can't]]></caption>
<tooltip><![CDATA[I can't]]></tooltip>
<picture>[WIDGIT]wrebus languages\cannot.emf</picture>
<scanblock>2</scanblock>
<hidden>0</hidden>
<stylepreset>Auto content cell</stylepreset>
<commands>
<command>
<id>type</id>
<parameter index="1"><![CDATA[I can't ]]></parameter>
</command>
</commands>
</cell>
<cell x="3" y="5">
<caption><![CDATA[I do]]></caption>
<tooltip><![CDATA[I do]]></tooltip>
<picture>[WIDGIT]widgit rebus\d\do.emf</picture>
<scanblock>2</scanblock>
<hidden>0</hidden>
<stylepreset>Auto content cell</stylepreset>
<commands>
<command>
<id>type</id>
<parameter index="1"><![CDATA[I do ]]></parameter>
</command>
</commands>
</cell>
<cell x="4" y="5">
<caption><![CDATA[I don't]]></caption>
<tooltip><![CDATA[I don't]]></tooltip>
<picture>[WIDGIT]widgit rebus\d\don&apos;t do.emf</picture>
<scanblock>2</scanblock>
<hidden>0</hidden>
<stylepreset>Auto content cell</stylepreset>
<commands>
<command>
<id>type</id>
<parameter index="1"><![CDATA[I don't ]]></parameter>
</command>
</commands>
</cell>
<cell x="5" y="5">
<caption><![CDATA[please]]></caption>
<tooltip><![CDATA[please]]></tooltip>
<picture>[WIDGIT]widgit rebus\p\please.emf</picture>
<scanblock>2</scanblock>
<hidden>0</hidden>
<stylepreset>Auto content cell</stylepreset>
<commands>
<command>
<id>type</id>
<parameter index="1"><![CDATA[please ]]></parameter>
</command>
</commands>
</cell>
<cell x="6" y="5">
<caption><![CDATA[thank you]]></caption>
<tooltip><![CDATA[thank you]]></tooltip>
<picture>[WIDGIT]widgit rebus\t\thankyou.emf</picture>
<scanblock>2</scanblock>
<hidden>0</hidden>
<stylepreset>Auto content cell</stylepreset>
<commands>
<command>
<id>type</id>
<parameter index="1"><![CDATA[thank you ]]></parameter>
</command>
</commands>
</cell>
<cell x="7" y="5">
<caption><![CDATA[home]]></caption>
<tooltip><![CDATA[home]]></tooltip>
<picture>[GRID2X]jump.home.wmf</picture>
<scanblock>4</scanblock>
<directactivate>2</directactivate>
<hidden>0</hidden>
<stylepreset>Jump Home &amp; back</stylepreset>
<commands>
<command>
<id>jump.home</id>
</command>
</commands>
</cell>
</cells>
</grid>
</sensorygrid>
