<?xml version="1.0" encoding="utf-8" ?>

<wordlist>
<word>
<wordtext><![CDATA[alien ]]></wordtext>
<picturefile>[WIDGIT]widgit rebus\a\alien.emf</picturefile>
</word>
<word>
<wordtext><![CDATA[spaceman ]]></wordtext>
<picturefile>[WIDGIT]widgit rebus\a\astronaut.emf</picturefile>
</word>
<word>
<wordtext><![CDATA[robot ]]></wordtext>
<picturefile>[WIDGIT]widgit rebus\r\robot.emf</picturefile>
</word>
<word>
<wordtext><![CDATA[angel ]]></wordtext>
<picturefile>[WIDGIT]widgit rebus\a\angel.emf</picturefile>
</word>
<word>
<wordtext><![CDATA[devil ]]></wordtext>
<picturefile>[WIDGIT]widgit rebus\n\naughty.emf</picturefile>
</word>
<word>
<wordtext><![CDATA[beast ]]></wordtext>
<picturefile>[WIDGIT]widgit rebus\f\fierce animal.emf</picturefile>
</word>
<word>
<wordtext><![CDATA[monster ]]></wordtext>
<picturefile>[WIDGIT]widgit rebus\m\monster.emf</picturefile>
</word>
<word>
<wordtext><![CDATA[dragon ]]></wordtext>
<picturefile>[WIDGIT]widgit rebus\d\dragon.emf</picturefile>
</word>
<word>
<wordtext><![CDATA[ghost ]]></wordtext>
<picturefile>[WIDGIT]widgit rebus\g\ghost.emf</picturefile>
</word>
<word>
<wordtext><![CDATA[goblin ]]></wordtext>
<picturefile>[WIDGIT]widgit rebus 04\symbols a\goblin.emf</picturefile>
</word>
<word>
<wordtext><![CDATA[giant ]]></wordtext>
<picturefile>[WIDGIT]widgit rebus\g\giant.emf</picturefile>
</word>
<word>
<wordtext><![CDATA[hero ]]></wordtext>
<picturefile>[WIDGIT]widgit rebus topics\characters\super hero.emf</picturefile>
</word>
<word>
<wordtext><![CDATA[villain ]]></wordtext>
<picturefile>[WIDGIT]widgit rebus topics\history\middle ages\villain.emf</picturefile>
</word>
<word>
<wordtext><![CDATA[clown ]]></wordtext>
<picturefile>[WIDGIT]widgit rebus\c\clown.emf</picturefile>
</word>
<word>
<wordtext><![CDATA[fairy ]]></wordtext>
<picturefile>[WIDGIT]widgit rebus\f\fairy.emf</picturefile>
</word>
<word>
<wordtext><![CDATA[elf ]]></wordtext>
<picturefile>[WIDGIT]widgit rebus 07\symbols 7b\christmas grotto.emf</picturefile>
</word>
<word>
<wordtext><![CDATA[Father Christmas ]]></wordtext>
<picturefile>[WIDGIT]widgit rebus\s\santa.emf</picturefile>
</word>
<word>
<wordtext><![CDATA[cowboy ]]></wordtext>
<picturefile>[WIDGIT]widgit rebus\c\cowboy.emf</picturefile>
</word>
<word>
<wordtext><![CDATA[Indian ]]></wordtext>
<picturefile>[WIDGIT]widgit rebus 04\symbols c\somset.emf</picturefile>
</word>
<word>
<wordtext><![CDATA[magician ]]></wordtext>
<picturefile>[WIDGIT]widgit rebus\m\magician.emf</picturefile>
</word>
<word>
<wordtext><![CDATA[mermaid ]]></wordtext>
<picturefile>[WIDGIT]widgit rebus\m\mermaid.emf</picturefile>
</word>
<word>
<wordtext><![CDATA[pirate ]]></wordtext>
<picturefile>[WIDGIT]widgit rebus\p\pirate.emf</picturefile>
</word>
<word>
<wordtext><![CDATA[sailor ]]></wordtext>
<picturefile>[WIDGIT]widgit rebus\s\sailor.emf</picturefile>
</word>
<word>
<wordtext><![CDATA[snowman ]]></wordtext>
<picturefile>[WIDGIT]widgit rebus\s\snowman.emf</picturefile>
</word>
<word>
<wordtext><![CDATA[skeleton ]]></wordtext>
<picturefile>[WIDGIT]widgit rebus\s\skeleton.emf</picturefile>
</word>
<word>
<wordtext><![CDATA[vampire ]]></wordtext>
<picturefile>[WIDGIT]widgit rebus 07\symbols 7b\vampire.emf</picturefile>
</word>
<word>
<wordtext><![CDATA[zombie ]]></wordtext>
<picturefile>[WIDGIT]widgit rebus\d\dead.emf</picturefile>
</word>
<word>
<wordtext><![CDATA[witch ]]></wordtext>
<picturefile>[WIDGIT]widgit rebus\w\witch.emf</picturefile>
</word>
<word>
<wordtext><![CDATA[wizard ]]></wordtext>
<picturefile>[WIDGIT]widgit rebus\w\wizard.emf</picturefile>
</word>
<word>
<wordtext><![CDATA[soldier ]]></wordtext>
<picturefile>[WIDGIT]widgit rebus\s\soldier.emf</picturefile>
</word>
<word>
<wordtext><![CDATA[policeman ]]></wordtext>
<picturefile>[WIDGIT]england\uk wrebus\policeman.emf</picturefile>
</word>
<word>
<wordtext><![CDATA[thief ]]></wordtext>
<picturefile>[WIDGIT]widgit rebus\t\thief.emf</picturefile>
</word>
<word>
<wordtext><![CDATA[King ]]></wordtext>
<picturefile>[WIDGIT]widgit rebus 05\symbols 5a\king.emf</picturefile>
</word>
<word>
<wordtext><![CDATA[Queen ]]></wordtext>
<picturefile>[WIDGIT]widgit rebus 05\symbols 5a\queen.emf</picturefile>
</word>
<word>
<wordtext><![CDATA[Prince ]]></wordtext>
<picturefile>[WIDGIT]widgit rebus 05\symbols 5a\prince boy.emf</picturefile>
</word>
<word>
<wordtext><![CDATA[Princess ]]></wordtext>
<picturefile>[WIDGIT]widgit rebus\p\princess.emf</picturefile>
</word>
<word>
<wordtext><![CDATA[knight ]]></wordtext>
<picturefile>[WIDGIT]widgit rebus\k\knight.emf</picturefile>
</word>
</wordlist>
