<?xml version="1.0" encoding="utf-8" ?>

<sensorygrid>
<grid workspace_x="3" workspace_y="1">
<rows>5</rows>
<cols>7</cols>
<selfclosing>0</selfclosing>
<titlebartext></titlebartext>
<customblockscan>1</customblockscan>
<predictionsource>0</predictionsource>
<oskcellratio>0</oskcellratio>
<background style="0">
<backcolour>14737632</backcolour>
<backcolour2>14737632</backcolour2>
</background>
<cells>
<cell x="1" y="1">
<caption><![CDATA[go back]]></caption>
<tooltip><![CDATA[go back]]></tooltip>
<picture>[GRID2X]jump.back.wmf</picture>
<scanblock>1</scanblock>
<directactivate>1</directactivate>
<hidden>0</hidden>
<stylepreset>Jump Home &amp; back</stylepreset>
<commands>
<command>
<id>jump.back</id>
</command>
</commands>
</cell>
<cell x="2" y="1">
<caption><![CDATA[Sentence Starters]]></caption>
<tooltip><![CDATA[Sentence Starters]]></tooltip>
<scanblock>1</scanblock>
<hidden>0</hidden>
<stylepreset>Self Closing Page</stylepreset>
<commands>
<command>
<id>jump.to</id>
<parameter index="1"><![CDATA[Sentence Starters]]></parameter>
</command>
</commands>
</cell>
<cell x="3" y="1">
<magnifyx>3</magnifyx>
<scanblock>1</scanblock>
<hidden>0</hidden>
<stylepreset>Blank cell (no style)</stylepreset>
</cell>
<cell x="4" y="1">
<scanblock>1</scanblock>
<hidden>0</hidden>
<stylepreset>Blank cell (no style)</stylepreset>
</cell>
<cell x="5" y="1">
<scanblock>1</scanblock>
<hidden>0</hidden>
<stylepreset>Blank cell (no style)</stylepreset>
</cell>
<cell x="6" y="1">
<caption><![CDATA[rub out]]></caption>
<tooltip><![CDATA[rub out]]></tooltip>
<picture>[GRID2X]type.deleteword.wmf</picture>
<scanblock>1</scanblock>
<hidden>0</hidden>
<stylepreset>Action cell</stylepreset>
<commands>
<command>
<id>type.deleteword</id>
</command>
</commands>
</cell>
<cell x="7" y="1">
<caption><![CDATA[clear]]></caption>
<tooltip><![CDATA[clear]]></tooltip>
<picture>[GRID2X]action.clear.wmf</picture>
<scanblock>1</scanblock>
<directactivate>5</directactivate>
<hidden>0</hidden>
<stylepreset>Action cell</stylepreset>
<commands>
<command>
<id>action.clear</id>
</command>
</commands>
</cell>
<cell x="1" y="2">
<caption><![CDATA[I am hungry]]></caption>
<tooltip><![CDATA[I am hungry]]></tooltip>
<picture>[WIDGIT]widgit rebus\h\hungry.emf</picture>
<scanblock>2</scanblock>
<hidden>0</hidden>
<stylepreset>Jump and Speak</stylepreset>
<commands>
<command>
<id>type</id>
<parameter index="1"><![CDATA[I am hungry, please may I have something to eat ]]></parameter>
</command>
<command>
<id>jump.to</id>
<parameter index="1"><![CDATA[Meals]]></parameter>
</command>
</commands>
</cell>
<cell x="2" y="2">
<caption><![CDATA[call the doctor]]></caption>
<tooltip><![CDATA[call the doctor]]></tooltip>
<picture>[WIDGIT]widgit rebus\d\doctor.emf</picture>
<scanblock>2</scanblock>
<hidden>0</hidden>
<stylepreset>Vocab cell</stylepreset>
<commands>
<command>
<id>type</id>
<parameter index="1"><![CDATA[Call the doctor ]]></parameter>
</command>
</commands>
</cell>
<cell x="3" y="2">
<caption><![CDATA[I feel sick]]></caption>
<tooltip><![CDATA[I feel sick]]></tooltip>
<picture>[WIDGIT]widgit rebus\s\sick.emf</picture>
<scanblock>2</scanblock>
<hidden>0</hidden>
<stylepreset>Vocab cell</stylepreset>
<commands>
<command>
<id>type</id>
<parameter index="1"><![CDATA[I feel sick ]]></parameter>
</command>
</commands>
</cell>
<cell x="4" y="2">
<caption><![CDATA[tired, rest]]></caption>
<tooltip><![CDATA[tired, rest]]></tooltip>
<picture>[WIDGIT]widgit rebus\t\tired.emf</picture>
<scanblock>2</scanblock>
<directactivate>6</directactivate>
<hidden>0</hidden>
<stylepreset>Vocab cell</stylepreset>
<commands>
<command>
<id>type</id>
<parameter index="1"><![CDATA[I am really tired. I need a rest ]]></parameter>
</command>
</commands>
</cell>
<cell x="5" y="2">
<caption><![CDATA[I hate this]]></caption>
<tooltip><![CDATA[I hate this]]></tooltip>
<picture>[WIDGIT]widgit rebus\h\hate.emf</picture>
<scanblock>2</scanblock>
<hidden>0</hidden>
<stylepreset>Vocab cell</stylepreset>
<commands>
<command>
<id>type</id>
<parameter index="1"><![CDATA[I hate this ]]></parameter>
</command>
</commands>
</cell>
<cell x="6" y="2">
<caption><![CDATA[guess]]></caption>
<tooltip><![CDATA[guess]]></tooltip>
<picture>[WIDGIT]widgit rebus\g\guess.emf</picture>
<scanblock>4</scanblock>
<hidden>0</hidden>
<stylepreset>Auto content cell</stylepreset>
<commands>
<command>
<id>type</id>
<parameter index="1"><![CDATA[try and guess ]]></parameter>
</command>
</commands>
</cell>
<cell x="7" y="2">
<caption><![CDATA[Medical]]></caption>
<tooltip><![CDATA[Body - Medical]]></tooltip>
<picture>[WIDGIT]widgit rebus\m\medical.emf</picture>
<scanblock>4</scanblock>
<hidden>0</hidden>
<stylepreset>Jump cell</stylepreset>
<commands>
<command>
<id>jump.to</id>
<parameter index="1"><![CDATA[Body - Medical]]></parameter>
</command>
</commands>
</cell>
<cell x="1" y="3">
<caption><![CDATA[I am thirsty]]></caption>
<tooltip><![CDATA[I am thirsty]]></tooltip>
<picture>[WIDGIT]widgit rebus\t\thirsty 1.emf</picture>
<scanblock>2</scanblock>
<hidden>0</hidden>
<stylepreset>Jump and Speak</stylepreset>
<commands>
<command>
<id>type</id>
<parameter index="1"><![CDATA[I am thirsty, please may I have something to drink ]]></parameter>
</command>
<command>
<id>jump.to</id>
<parameter index="1"><![CDATA[Drinks]]></parameter>
</command>
</commands>
</cell>
<cell x="2" y="3">
<caption><![CDATA[it is broken]]></caption>
<tooltip><![CDATA[it is broken]]></tooltip>
<picture>[WIDGIT]widgit rebus\b\break 2.emf</picture>
<scanblock>2</scanblock>
<hidden>0</hidden>
<stylepreset>Vocab cell</stylepreset>
<commands>
<command>
<id>type</id>
<parameter index="1"><![CDATA[it is broken ]]></parameter>
</command>
</commands>
</cell>
<cell x="3" y="3">
<caption><![CDATA[my wheelchair]]></caption>
<tooltip><![CDATA[my wheelchair]]></tooltip>
<picture>png</picture>
<scanblock>2</scanblock>
<hidden>0</hidden>
<stylepreset>Vocab cell</stylepreset>
<commands>
<command>
<id>type</id>
<parameter index="1"><![CDATA[my wheelchair isn't right ]]></parameter>
</command>
</commands>
</cell>
<cell x="4" y="3">
<caption><![CDATA[my shoes hurt]]></caption>
<tooltip><![CDATA[my shoes hurt]]></tooltip>
<picture>[WIDGIT]widgit rebus\s\shoes.emf</picture>
<scanblock>2</scanblock>
<hidden>0</hidden>
<stylepreset>Vocab cell</stylepreset>
<commands>
<command>
<id>type</id>
<parameter index="1"><![CDATA[my shoes hurt ]]></parameter>
</command>
</commands>
</cell>
<cell x="5" y="3">
<caption><![CDATA[blow my nose]]></caption>
<tooltip><![CDATA[blow my nose]]></tooltip>
<picture>[WIDGIT]widgit rebus\b\blow nose.emf</picture>
<scanblock>2</scanblock>
<hidden>0</hidden>
<stylepreset>Vocab cell</stylepreset>
<commands>
<command>
<id>type</id>
<parameter index="1"><![CDATA[blow my nose ]]></parameter>
</command>
</commands>
</cell>
<cell x="6" y="3">
<caption><![CDATA[clue]]></caption>
<tooltip><![CDATA[clue]]></tooltip>
<picture>[WIDGIT]widgit rebus 04\symbols a\clue.emf</picture>
<scanblock>4</scanblock>
<hidden>0</hidden>
<stylepreset>Auto content cell</stylepreset>
<commands>
<command>
<id>type</id>
<parameter index="1"><![CDATA[the next word is a clue ]]></parameter>
</command>
</commands>
</cell>
<cell x="7" y="3">
<caption><![CDATA[opposite]]></caption>
<tooltip><![CDATA[opposite]]></tooltip>
<picture>[WIDGIT]widgit rebus\o\opposite.emf</picture>
<scanblock>4</scanblock>
<hidden>0</hidden>
<stylepreset>Auto content cell</stylepreset>
<commands>
<command>
<id>type</id>
<parameter index="1"><![CDATA[opposite of that word ]]></parameter>
</command>
</commands>
</cell>
<cell x="1" y="4">
<caption><![CDATA[uncomfortable]]></caption>
<tooltip><![CDATA[I'm uncomfortable]]></tooltip>
<picture>[WIDGIT]widgit rebus\u\uncomfortable.emf</picture>
<scanblock>2</scanblock>
<hidden>0</hidden>
<stylepreset>Jump and Speak</stylepreset>
<commands>
<command>
<id>type</id>
<parameter index="1"><![CDATA[I'm uncomfortable ]]></parameter>
</command>
<command>
<id>jump.to</id>
<parameter index="1"><![CDATA[Body]]></parameter>
</command>
</commands>
</cell>
<cell x="2" y="4">
<caption><![CDATA[don't understand]]></caption>
<tooltip><![CDATA[don't understand]]></tooltip>
<picture>[WIDGIT]widgit rebus 06\symbols 6a\dont understand 2.emf</picture>
<scanblock>2</scanblock>
<hidden>0</hidden>
<stylepreset>Vocab cell</stylepreset>
<commands>
<command>
<id>type</id>
<parameter index="1"><![CDATA[I don't understand ]]></parameter>
</command>
</commands>
</cell>
<cell x="3" y="4">
<caption><![CDATA[I don't know]]></caption>
<tooltip><![CDATA[I don't know]]></tooltip>
<picture>[WIDGIT]widgit rebus\d\don&apos;t know.emf</picture>
<scanblock>2</scanblock>
<hidden>0</hidden>
<stylepreset>Vocab cell</stylepreset>
<commands>
<command>
<id>type</id>
<parameter index="1"><![CDATA[I don't know ]]></parameter>
</command>
</commands>
</cell>
<cell x="4" y="4">
<caption><![CDATA[mistake]]></caption>
<tooltip><![CDATA[mistake]]></tooltip>
<picture>[WIDGIT]widgit rebus\w\wrong.emf</picture>
<scanblock>2</scanblock>
<hidden>0</hidden>
<stylepreset>Vocab cell</stylepreset>
<commands>
<command>
<id>type</id>
<parameter index="1"><![CDATA[I've made a mistake ]]></parameter>
</command>
</commands>
</cell>
<cell x="5" y="4">
<caption><![CDATA[toilet]]></caption>
<tooltip><![CDATA[toilet]]></tooltip>
<picture>[WIDGIT]widgit rebus\t\toilet.emf</picture>
<scanblock>2</scanblock>
<directactivate>8</directactivate>
<hidden>0</hidden>
<stylepreset>Vocab cell</stylepreset>
<commands>
<command>
<id>type</id>
<parameter index="1"><![CDATA[I need the toilet, please ]]></parameter>
</command>
</commands>
</cell>
<cell x="6" y="4">
<caption><![CDATA[can't find]]></caption>
<tooltip><![CDATA[can't find]]></tooltip>
<picture>[WIDGIT]widgit rebus\l\lost.emf</picture>
<scanblock>4</scanblock>
<hidden>0</hidden>
<stylepreset>Auto content cell</stylepreset>
<commands>
<command>
<id>type</id>
<parameter index="1"><![CDATA[I can't find the word ]]></parameter>
</command>
</commands>
</cell>
<cell x="7" y="4">
<caption><![CDATA[ start again?]]></caption>
<tooltip><![CDATA[Can I start again?]]></tooltip>
<picture>[WIDGIT]widgit rebus\a\again.emf</picture>
<scanblock>4</scanblock>
<hidden>0</hidden>
<stylepreset>Auto content cell</stylepreset>
<commands>
<command>
<id>type</id>
<parameter index="1"><![CDATA[Can I start again? ]]></parameter>
</command>
</commands>
</cell>
<cell x="1" y="5">
<caption><![CDATA[I'm feeling]]></caption>
<tooltip><![CDATA[I'm feeling]]></tooltip>
<picture>[WIDGIT]widgit rebus\e\emotions.emf</picture>
<scanblock>2</scanblock>
<hidden>0</hidden>
<stylepreset>Jump and Speak</stylepreset>
<commands>
<command>
<id>type</id>
<parameter index="1"><![CDATA[I'm feeling ]]></parameter>
</command>
<command>
<id>jump.to</id>
<parameter index="1"><![CDATA[Feelings]]></parameter>
</command>
</commands>
</cell>
<cell x="2" y="5">
<caption><![CDATA[too quiet]]></caption>
<tooltip><![CDATA[too quiet]]></tooltip>
<picture>[WIDGIT]widgit rebus\q\quiet.emf</picture>
<scanblock>2</scanblock>
<hidden>0</hidden>
<stylepreset>Vocab cell</stylepreset>
<commands>
<command>
<id>type</id>
<parameter index="1"><![CDATA[too quiet ]]></parameter>
</command>
</commands>
</cell>
<cell x="3" y="5">
<caption><![CDATA[too loud]]></caption>
<tooltip><![CDATA[too loud]]></tooltip>
<picture>[WIDGIT]widgit rebus\l\loud.emf</picture>
<scanblock>2</scanblock>
<hidden>0</hidden>
<stylepreset>Vocab cell</stylepreset>
<commands>
<command>
<id>type</id>
<parameter index="1"><![CDATA[too loud ]]></parameter>
</command>
</commands>
</cell>
<cell x="4" y="5">
<caption><![CDATA[my book]]></caption>
<tooltip><![CDATA[my book]]></tooltip>
<picture>[WIDGIT]widgit rebus 04\symbols b\communications book.emf</picture>
<scanblock>2</scanblock>
<hidden>0</hidden>
<stylepreset>Vocab cell</stylepreset>
<commands>
<command>
<id>type</id>
<parameter index="1"><![CDATA[I need my communication book ]]></parameter>
</command>
</commands>
</cell>
<cell x="5" y="5">
<caption><![CDATA[headache]]></caption>
<tooltip><![CDATA[I have a headache]]></tooltip>
<picture>[WIDGIT]widgit rebus\h\headache.emf</picture>
<scanblock>2</scanblock>
<hidden>0</hidden>
<stylepreset>Vocab cell</stylepreset>
<commands>
<command>
<id>type</id>
<parameter index="1"><![CDATA[I have a headache ]]></parameter>
</command>
</commands>
</cell>
<cell x="6" y="5">
<caption><![CDATA[What does each cell do?]]></caption>
<tooltip><![CDATA[What does each cell do?]]></tooltip>
<scanblock>4</scanblock>
<hidden>0</hidden>
<style>
<backcolour>10462191</backcolour>
<backcolour2>10462191</backcolour2>
<bordercolour>10049331</bordercolour>
<fontcolour>0</fontcolour>
<fontname>Tahoma</fontname>
<fontsize>12</fontsize>
<fontbold>0</fontbold>
<fontitalic>0</fontitalic>
<picturesize>80</picturesize>
<backgroundshape>5</backgroundshape>
</style>
<commands>
<command>
<id>jump.to</id>
<parameter index="1"><![CDATA[Further information - cell styles]]></parameter>
</command>
</commands>
</cell>
<cell x="7" y="5">
<caption><![CDATA[home]]></caption>
<tooltip><![CDATA[home]]></tooltip>
<picture>[GRID2X]jump.home.wmf</picture>
<scanblock>4</scanblock>
<directactivate>2</directactivate>
<hidden>0</hidden>
<stylepreset>Jump Home &amp; back</stylepreset>
<commands>
<command>
<id>jump.home</id>
</command>
</commands>
</cell>
</cells>
</grid>
</sensorygrid>
