<?xml version="1.0" encoding="utf-8" ?>

<sensorygrid>
<grid workspace_x="1" workspace_y="1">
<rows>4</rows>
<cols>4</cols>
<selfclosing>0</selfclosing>
<titlebartext></titlebartext>
<customblockscan>0</customblockscan>
<predictionsource>0</predictionsource>
<oskcellratio>0</oskcellratio>
<background style="0">
<backcolour>14737632</backcolour>
<backcolour2>14737632</backcolour2>
</background>
<cells>
<cell x="1" y="1">
<magnifyx>2</magnifyx>
<scanblock>1</scanblock>
<hidden>0</hidden>
<stylepreset>Blank cell (no style)</stylepreset>
</cell>
<cell x="2" y="1">
<scanblock>2</scanblock>
<hidden>0</hidden>
<stylepreset>Blank cell (no style)</stylepreset>
</cell>
<cell x="3" y="1">
<caption><![CDATA[rub out]]></caption>
<tooltip><![CDATA[rub out]]></tooltip>
<picture>[GRID2X]type.deleteword.wmf</picture>
<scanblock>4</scanblock>
<directactivate>4</directactivate>
<hidden>0</hidden>
<stylepreset>Action cell</stylepreset>
<commands>
<command>
<id>type.deleteword</id>
</command>
</commands>
</cell>
<cell x="4" y="1">
<caption><![CDATA[speak]]></caption>
<tooltip><![CDATA[speak]]></tooltip>
<picture>[GRID2X]action.speakall.wmf</picture>
<scanblock>4</scanblock>
<directactivate>3</directactivate>
<hidden>0</hidden>
<stylepreset>Action cell</stylepreset>
<commands>
<command>
<id>action.speakall</id>
</command>
</commands>
</cell>
<cell x="1" y="2">
<caption><![CDATA[Back]]></caption>
<tooltip><![CDATA[Jump Back]]></tooltip>
<picture>[GRID2X]jump.back.wmf</picture>
<scanblock>2</scanblock>
<hidden>0</hidden>
<stylepreset>Jump Home &amp; back</stylepreset>
<commands>
<command>
<id>jump.back</id>
</command>
</commands>
</cell>
<cell x="2" y="2">
<caption><![CDATA[Sentence Starters]]></caption>
<tooltip><![CDATA[Sentence Starters]]></tooltip>
<scanblock>2</scanblock>
<hidden>0</hidden>
<stylepreset>Self Closing Page</stylepreset>
<commands>
<command>
<id>jump.to</id>
<parameter index="1"><![CDATA[Sentence Starters]]></parameter>
</command>
</commands>
</cell>
<cell x="3" y="2">
<caption><![CDATA[Home]]></caption>
<tooltip><![CDATA[Jump Home]]></tooltip>
<picture>[GRID2X]jump.home.wmf</picture>
<scanblock>2</scanblock>
<hidden>0</hidden>
<stylepreset>Jump Home &amp; back</stylepreset>
<commands>
<command>
<id>jump.home</id>
</command>
</commands>
</cell>
<cell x="4" y="2">
<caption><![CDATA[Stay here]]></caption>
<tooltip><![CDATA[Stay here]]></tooltip>
<picture>[GRID2X]jump.pin.wmf</picture>
<scanblock>2</scanblock>
<hidden>0</hidden>
<stylepreset>Jump cell</stylepreset>
<commands>
<command>
<id>jump.pin</id>
</command>
</commands>
</cell>
<cell x="1" y="3">
<caption><![CDATA[Pronouns]]></caption>
<tooltip><![CDATA[Pronouns]]></tooltip>
<picture>[WIDGIT]widgit rebus\p\pronoun.emf</picture>
<scanblock>2</scanblock>
<hidden>0</hidden>
<stylepreset>Jump cell</stylepreset>
<commands>
<command>
<id>jump.to</id>
<parameter index="1"><![CDATA[Pronouns]]></parameter>
</command>
</commands>
</cell>
<cell x="2" y="3">
<caption><![CDATA[Words]]></caption>
<tooltip><![CDATA[Words]]></tooltip>
<picture>[WIDGIT]widgit rebus\w\word.emf</picture>
<scanblock>2</scanblock>
<hidden>0</hidden>
<stylepreset>Self Closing Page</stylepreset>
<commands>
<command>
<id>jump.to</id>
<parameter index="1"><![CDATA[Small Words]]></parameter>
</command>
</commands>
</cell>
<cell x="3" y="3">
<caption><![CDATA[Stop Speaking]]></caption>
<tooltip><![CDATA[Stop Speaking]]></tooltip>
<picture>[GRID2X]action.stopspeaking.wmf</picture>
<scanblock>2</scanblock>
<hidden>0</hidden>
<stylepreset>Action cell</stylepreset>
<commands>
<command>
<id>action.stopspeaking</id>
</command>
</commands>
</cell>
<cell x="4" y="3">
<caption><![CDATA[clear]]></caption>
<tooltip><![CDATA[clear]]></tooltip>
<picture>[GRID2X]action.clear.wmf</picture>
<scanblock>2</scanblock>
<directactivate>5</directactivate>
<hidden>0</hidden>
<stylepreset>Action cell</stylepreset>
<commands>
<command>
<id>action.clear</id>
</command>
</commands>
</cell>
<cell x="1" y="4">
<scanblock>2</scanblock>
<directactivate>6</directactivate>
<autocell>1</autocell>
<hidden>0</hidden>
<stylepreset>Auto content cell</stylepreset>
</cell>
<cell x="2" y="4">
<caption><![CDATA[Previous AutoCells]]></caption>
<tooltip><![CDATA[Previous AutoCells]]></tooltip>
<picture>[GRID2X]autocells.previouspage.wmf</picture>
<scanblock>2</scanblock>
<directactivate>7</directactivate>
<hidden>0</hidden>
<stylepreset>Auto content cell</stylepreset>
<commands>
<command>
<id>autocells.previouspage</id>
</command>
</commands>
</cell>
<cell x="3" y="4">
<caption><![CDATA[and]]></caption>
<tooltip><![CDATA[and]]></tooltip>
<picture>[WIDGIT]widgit rebus 04\symbols a\and 1.emf</picture>
<scanblock>2</scanblock>
<hidden>0</hidden>
<stylepreset>Auto content cell</stylepreset>
<commands>
<command>
<id>type</id>
<parameter index="1"><![CDATA[and ]]></parameter>
</command>
</commands>
</cell>
<cell x="4" y="4">
<caption><![CDATA[more words]]></caption>
<tooltip><![CDATA[more words]]></tooltip>
<picture>[GRID2X]autocells.nextpage.wmf</picture>
<scanblock>2</scanblock>
<directactivate>8</directactivate>
<hidden>0</hidden>
<stylepreset>More Words</stylepreset>
<commands>
<command>
<id>autocells.nextpage</id>
<parameter index="1"><![CDATA[0]]></parameter>
</command>
</commands>
</cell>
</cells>
</grid>
</sensorygrid>
