<?xml version="1.0" encoding="utf-8" ?>

<sensorygrid>
<grid workspace_x="3" workspace_y="1">
<rows>5</rows>
<cols>7</cols>
<selfclosing>0</selfclosing>
<titlebartext></titlebartext>
<customblockscan>1</customblockscan>
<predictionsource>0</predictionsource>
<oskcellratio>0</oskcellratio>
<background style="0">
<backcolour>14737632</backcolour>
<backcolour2>14737632</backcolour2>
</background>
<cells>
<cell x="1" y="1">
<caption><![CDATA[go back]]></caption>
<tooltip><![CDATA[go back]]></tooltip>
<picture>[GRID2X]jump.back.wmf</picture>
<scanblock>1</scanblock>
<directactivate>1</directactivate>
<hidden>0</hidden>
<stylepreset>Jump Home &amp; back</stylepreset>
<commands>
<command>
<id>jump.back</id>
</command>
</commands>
</cell>
<cell x="2" y="1">
<caption><![CDATA[Sentence Starters]]></caption>
<tooltip><![CDATA[Sentence Starters]]></tooltip>
<scanblock>1</scanblock>
<hidden>0</hidden>
<stylepreset>Self Closing Page</stylepreset>
<commands>
<command>
<id>jump.to</id>
<parameter index="1"><![CDATA[Sentence Starters]]></parameter>
</command>
</commands>
</cell>
<cell x="3" y="1">
<magnifyx>3</magnifyx>
<scanblock>1</scanblock>
<hidden>0</hidden>
<stylepreset>Blank cell (no style)</stylepreset>
</cell>
<cell x="4" y="1">
<scanblock>1</scanblock>
<hidden>0</hidden>
<stylepreset>Blank cell (no style)</stylepreset>
</cell>
<cell x="5" y="1">
<scanblock>1</scanblock>
<hidden>0</hidden>
<stylepreset>Blank cell (no style)</stylepreset>
</cell>
<cell x="6" y="1">
<caption><![CDATA[rub out]]></caption>
<tooltip><![CDATA[rub out]]></tooltip>
<picture>[GRID2X]type.deleteword.wmf</picture>
<scanblock>1</scanblock>
<directactivate>4</directactivate>
<hidden>0</hidden>
<stylepreset>Action cell</stylepreset>
<commands>
<command>
<id>type.deleteword</id>
</command>
</commands>
</cell>
<cell x="7" y="1">
<caption><![CDATA[clear]]></caption>
<tooltip><![CDATA[clear]]></tooltip>
<picture>[GRID2X]action.clear.wmf</picture>
<scanblock>1</scanblock>
<directactivate>5</directactivate>
<hidden>0</hidden>
<stylepreset>Action cell</stylepreset>
<commands>
<command>
<id>action.clear</id>
</command>
</commands>
</cell>
<cell x="1" y="2">
<caption><![CDATA[Please pick two words that rhyme with each other]]></caption>
<tooltip><![CDATA[Please pick two words that rhyme with each other]]></tooltip>
<magnifyx>7</magnifyx>
<scanblock>0</scanblock>
<hidden>0</hidden>
<stylepreset>Blank cell (no style)</stylepreset>
<commands>
<command>
<id>speaknow</id>
<parameter index="1"><![CDATA[Please pick two words that rhyme with each other]]></parameter>
<parameter index="2"><![CDATA[0]]></parameter>
</command>
</commands>
</cell>
<cell x="2" y="2">
<scanblock>1</scanblock>
<hidden>0</hidden>
<stylepreset>Blank cell (no style)</stylepreset>
</cell>
<cell x="3" y="2">
<scanblock>2</scanblock>
<hidden>0</hidden>
<stylepreset>Blank cell (no style)</stylepreset>
</cell>
<cell x="4" y="2">
<scanblock>2</scanblock>
<hidden>0</hidden>
<stylepreset>Blank cell (no style)</stylepreset>
</cell>
<cell x="5" y="2">
<scanblock>4</scanblock>
<hidden>0</hidden>
<stylepreset>Blank cell (no style)</stylepreset>
</cell>
<cell x="6" y="2">
<scanblock>4</scanblock>
<hidden>0</hidden>
<stylepreset>Blank cell (no style)</stylepreset>
</cell>
<cell x="7" y="2">
<scanblock>0</scanblock>
<hidden>0</hidden>
<stylepreset>Blank cell (no style)</stylepreset>
</cell>
<cell x="1" y="3">
<caption><![CDATA[cat]]></caption>
<tooltip><![CDATA[cat]]></tooltip>
<picture>[WIDGIT]widgit rebus\c\cat.emf</picture>
<scanblock>2</scanblock>
<hidden>0</hidden>
<stylepreset>Vocab cell</stylepreset>
<commands>
<command>
<id>type</id>
<parameter index="1"><![CDATA[cat ]]></parameter>
</command>
</commands>
</cell>
<cell x="2" y="3">
<caption><![CDATA[ball]]></caption>
<tooltip><![CDATA[ball]]></tooltip>
<picture>[WIDGIT]widgit rebus\c\cricket ball.emf</picture>
<scanblock>2</scanblock>
<hidden>0</hidden>
<stylepreset>Vocab cell</stylepreset>
<commands>
<command>
<id>type</id>
<parameter index="1"><![CDATA[ball ]]></parameter>
</command>
</commands>
</cell>
<cell x="3" y="3">
<caption><![CDATA[jam]]></caption>
<tooltip><![CDATA[jam]]></tooltip>
<picture>[WIDGIT]widgit rebus\j\jam.emf</picture>
<scanblock>2</scanblock>
<hidden>0</hidden>
<stylepreset>Vocab cell</stylepreset>
<commands>
<command>
<id>type</id>
<parameter index="1"><![CDATA[jam ]]></parameter>
</command>
</commands>
</cell>
<cell x="4" y="3">
<caption><![CDATA[tea]]></caption>
<tooltip><![CDATA[tea]]></tooltip>
<picture>[WIDGIT]widgit rebus\t\tea bag.emf</picture>
<scanblock>2</scanblock>
<hidden>0</hidden>
<stylepreset>Auto content cell</stylepreset>
<commands>
<command>
<id>type</id>
<parameter index="1"><![CDATA[tea ]]></parameter>
</command>
</commands>
</cell>
<cell x="5" y="3">
<caption><![CDATA[frog]]></caption>
<tooltip><![CDATA[frog]]></tooltip>
<picture>[WIDGIT]widgit rebus\f\frog.emf</picture>
<scanblock>2</scanblock>
<hidden>0</hidden>
<stylepreset>Auto content cell</stylepreset>
<commands>
<command>
<id>type</id>
<parameter index="1"><![CDATA[frog ]]></parameter>
</command>
</commands>
</cell>
<cell x="6" y="3">
<caption><![CDATA[cake]]></caption>
<tooltip><![CDATA[cake]]></tooltip>
<picture>[WIDGIT]widgit rebus\c\cake.emf</picture>
<scanblock>2</scanblock>
<hidden>0</hidden>
<stylepreset>Auto content cell</stylepreset>
<commands>
<command>
<id>type</id>
<parameter index="1"><![CDATA[cake ]]></parameter>
</command>
</commands>
</cell>
<cell x="7" y="3">
<caption><![CDATA[rhymes with]]></caption>
<tooltip><![CDATA[rhymes with]]></tooltip>
<picture>[WIDGIT]widgit rebus 05\symbols 5a\rhyme.emf</picture>
<scanblock>4</scanblock>
<hidden>0</hidden>
<stylepreset>Starter</stylepreset>
<commands>
<command>
<id>type</id>
<parameter index="1"><![CDATA[rhymes with ]]></parameter>
</command>
</commands>
</cell>
<cell x="1" y="4">
<caption><![CDATA[dog]]></caption>
<tooltip><![CDATA[dog]]></tooltip>
<picture>[WIDGIT]widgit rebus\c\cattle dog.emf</picture>
<scanblock>2</scanblock>
<hidden>0</hidden>
<stylepreset>Vocab cell</stylepreset>
<commands>
<command>
<id>type</id>
<parameter index="1"><![CDATA[dog ]]></parameter>
</command>
</commands>
</cell>
<cell x="2" y="4">
<caption><![CDATA[chin]]></caption>
<tooltip><![CDATA[chin]]></tooltip>
<picture>[WIDGIT]widgit rebus 06\symbols 6b\chin.emf</picture>
<scanblock>2</scanblock>
<hidden>0</hidden>
<stylepreset>Vocab cell</stylepreset>
<commands>
<command>
<id>type</id>
<parameter index="1"><![CDATA[chin ]]></parameter>
</command>
</commands>
</cell>
<cell x="3" y="4">
<caption><![CDATA[spoon]]></caption>
<tooltip><![CDATA[spoon]]></tooltip>
<picture>[WIDGIT]widgit rebus\s\spoon.emf</picture>
<scanblock>2</scanblock>
<hidden>0</hidden>
<stylepreset>Vocab cell</stylepreset>
<commands>
<command>
<id>type</id>
<parameter index="1"><![CDATA[spoon ]]></parameter>
</command>
</commands>
</cell>
<cell x="4" y="4">
<caption><![CDATA[wall]]></caption>
<tooltip><![CDATA[wall]]></tooltip>
<picture>[WIDGIT]widgit rebus\w\wall 1.emf</picture>
<scanblock>2</scanblock>
<hidden>0</hidden>
<stylepreset>Auto content cell</stylepreset>
<commands>
<command>
<id>type</id>
<parameter index="1"><![CDATA[wall ]]></parameter>
</command>
</commands>
</cell>
<cell x="5" y="4">
<caption><![CDATA[cook]]></caption>
<tooltip><![CDATA[cook]]></tooltip>
<picture>[WIDGIT]widgit rebus\c\cook 1.emf</picture>
<scanblock>2</scanblock>
<hidden>0</hidden>
<stylepreset>Auto content cell</stylepreset>
<commands>
<command>
<id>type</id>
<parameter index="1"><![CDATA[cook ]]></parameter>
</command>
</commands>
</cell>
<cell x="6" y="4">
<caption><![CDATA[ham]]></caption>
<tooltip><![CDATA[ham]]></tooltip>
<picture>[WIDGIT]widgit rebus\h\ham.emf</picture>
<scanblock>2</scanblock>
<hidden>0</hidden>
<stylepreset>Auto content cell</stylepreset>
<commands>
<command>
<id>type</id>
<parameter index="1"><![CDATA[ham ]]></parameter>
</command>
</commands>
</cell>
<cell x="7" y="4">
<scanblock>4</scanblock>
<hidden>0</hidden>
<stylepreset>Blank cell (no style)</stylepreset>
</cell>
<cell x="1" y="5">
<caption><![CDATA[book]]></caption>
<tooltip><![CDATA[book]]></tooltip>
<picture>[WIDGIT]widgit rebus\b\book.emf</picture>
<scanblock>2</scanblock>
<hidden>0</hidden>
<stylepreset>Vocab cell</stylepreset>
<commands>
<command>
<id>type</id>
<parameter index="1"><![CDATA[book ]]></parameter>
</command>
</commands>
</cell>
<cell x="2" y="5">
<caption><![CDATA[lake]]></caption>
<tooltip><![CDATA[lake]]></tooltip>
<picture>[WIDGIT]widgit rebus\l\lake.emf</picture>
<scanblock>2</scanblock>
<hidden>0</hidden>
<stylepreset>Vocab cell</stylepreset>
<commands>
<command>
<id>type</id>
<parameter index="1"><![CDATA[lake ]]></parameter>
</command>
</commands>
</cell>
<cell x="3" y="5">
<caption><![CDATA[knee]]></caption>
<tooltip><![CDATA[knee]]></tooltip>
<picture>[WIDGIT]widgit rebus\k\knee.emf</picture>
<scanblock>2</scanblock>
<hidden>0</hidden>
<stylepreset>Vocab cell</stylepreset>
<commands>
<command>
<id>type</id>
<parameter index="1"><![CDATA[knee ]]></parameter>
</command>
</commands>
</cell>
<cell x="4" y="5">
<caption><![CDATA[bat]]></caption>
<tooltip><![CDATA[bat]]></tooltip>
<picture>[WIDGIT]widgit rebus\b\bat 1.emf</picture>
<scanblock>2</scanblock>
<hidden>0</hidden>
<stylepreset>Auto content cell</stylepreset>
<commands>
<command>
<id>type</id>
<parameter index="1"><![CDATA[bat ]]></parameter>
</command>
</commands>
</cell>
<cell x="5" y="5">
<caption><![CDATA[bin]]></caption>
<tooltip><![CDATA[bin]]></tooltip>
<picture>[WIDGIT]widgit rebus\b\bin.emf</picture>
<scanblock>2</scanblock>
<hidden>0</hidden>
<stylepreset>Auto content cell</stylepreset>
<commands>
<command>
<id>type</id>
<parameter index="1"><![CDATA[bin ]]></parameter>
</command>
</commands>
</cell>
<cell x="6" y="5">
<caption><![CDATA[moon]]></caption>
<tooltip><![CDATA[moon]]></tooltip>
<picture>[WIDGIT]widgit rebus\m\moon.emf</picture>
<scanblock>2</scanblock>
<hidden>0</hidden>
<stylepreset>Auto content cell</stylepreset>
<commands>
<command>
<id>type</id>
<parameter index="1"><![CDATA[moon ]]></parameter>
</command>
</commands>
</cell>
<cell x="7" y="5">
<caption><![CDATA[home]]></caption>
<tooltip><![CDATA[home]]></tooltip>
<picture>[GRID2X]jump.home.wmf</picture>
<scanblock>4</scanblock>
<directactivate>2</directactivate>
<hidden>0</hidden>
<stylepreset>Jump Home &amp; back</stylepreset>
<commands>
<command>
<id>jump.home</id>
</command>
</commands>
</cell>
</cells>
</grid>
</sensorygrid>
