<?xml version="1.0" encoding="utf-8" ?>

<sensorygrid>
<grid workspace_x="3" workspace_y="1">
<rows>5</rows>
<cols>7</cols>
<selfclosing>0</selfclosing>
<titlebartext></titlebartext>
<customblockscan>1</customblockscan>
<predictionsource>0</predictionsource>
<oskcellratio>0</oskcellratio>
<background style="0">
<backcolour>14737632</backcolour>
<backcolour2>14737632</backcolour2>
</background>
<cells>
<cell x="1" y="1">
<caption><![CDATA[go back]]></caption>
<tooltip><![CDATA[go back]]></tooltip>
<picture>[GRID2X]jump.back.wmf</picture>
<scanblock>1</scanblock>
<directactivate>1</directactivate>
<hidden>0</hidden>
<stylepreset>Jump Home &amp; back</stylepreset>
<commands>
<command>
<id>jump.back</id>
</command>
</commands>
</cell>
<cell x="2" y="1">
<caption><![CDATA[Sentence Starters]]></caption>
<tooltip><![CDATA[Sentence Starters]]></tooltip>
<scanblock>1</scanblock>
<hidden>0</hidden>
<stylepreset>Self Closing Page</stylepreset>
<commands>
<command>
<id>jump.to</id>
<parameter index="1"><![CDATA[Sentence Starters]]></parameter>
</command>
</commands>
</cell>
<cell x="3" y="1">
<magnifyx>3</magnifyx>
<scanblock>1</scanblock>
<hidden>0</hidden>
<stylepreset>Blank cell (no style)</stylepreset>
</cell>
<cell x="4" y="1">
<scanblock>1</scanblock>
<hidden>0</hidden>
<stylepreset>Blank cell (no style)</stylepreset>
</cell>
<cell x="5" y="1">
<scanblock>1</scanblock>
<hidden>0</hidden>
<stylepreset>Blank cell (no style)</stylepreset>
</cell>
<cell x="6" y="1">
<caption><![CDATA[rub out]]></caption>
<tooltip><![CDATA[rub out]]></tooltip>
<picture>[GRID2X]type.deleteword.wmf</picture>
<scanblock>1</scanblock>
<hidden>0</hidden>
<stylepreset>Action cell</stylepreset>
<commands>
<command>
<id>type.deleteword</id>
</command>
</commands>
</cell>
<cell x="7" y="1">
<caption><![CDATA[home]]></caption>
<tooltip><![CDATA[home]]></tooltip>
<picture>[GRID2X]jump.home.wmf</picture>
<scanblock>1</scanblock>
<directactivate>2</directactivate>
<hidden>0</hidden>
<stylepreset>Jump Home &amp; back</stylepreset>
<commands>
<command>
<id>jump.home</id>
</command>
</commands>
</cell>
<cell x="1" y="2">
<caption><![CDATA[I am hungry]]></caption>
<tooltip><![CDATA[I am hungry]]></tooltip>
<picture>[WIDGIT]widgit rebus\h\hungry.emf</picture>
<scanblock>2</scanblock>
<hidden>0</hidden>
<stylepreset>Jump and Speak</stylepreset>
<commands>
<command>
<id>type</id>
<parameter index="1"><![CDATA[I am hungry, please may I have something to eat ]]></parameter>
</command>
<command>
<id>jump.to</id>
<parameter index="1"><![CDATA[Meals]]></parameter>
</command>
</commands>
</cell>
<cell x="2" y="2">
<scanblock>0</scanblock>
<hidden>0</hidden>
<stylepreset>Blank cell (no style)</stylepreset>
</cell>
<cell x="3" y="2">
<caption><![CDATA[chew my food]]></caption>
<tooltip><![CDATA[I need time to chew my food]]></tooltip>
<picture>[WIDGIT]widgit rebus\c\chew.emf</picture>
<scanblock>2</scanblock>
<hidden>0</hidden>
<stylepreset>Vocab cell</stylepreset>
<commands>
<command>
<id>type</id>
<parameter index="1"><![CDATA[I need time to chew my food ]]></parameter>
</command>
</commands>
</cell>
<cell x="4" y="2">
<caption><![CDATA[a straw]]></caption>
<tooltip><![CDATA[I need a straw]]></tooltip>
<picture>[WIDGIT]widgit rebus\s\straw 1.emf</picture>
<scanblock>2</scanblock>
<hidden>0</hidden>
<stylepreset>Vocab cell</stylepreset>
<commands>
<command>
<id>type</id>
<parameter index="1"><![CDATA[I need a straw ]]></parameter>
</command>
</commands>
</cell>
<cell x="5" y="2">
<caption><![CDATA[to answer]]></caption>
<tooltip><![CDATA[I need time to answer]]></tooltip>
<picture>[WIDGIT]widgit rebus\a\answer 1.emf</picture>
<scanblock>2</scanblock>
<hidden>0</hidden>
<stylepreset>Vocab cell</stylepreset>
<commands>
<command>
<id>type</id>
<parameter index="1"><![CDATA[I need time to answer ]]></parameter>
</command>
</commands>
</cell>
<cell x="6" y="2">
<scanblock>0</scanblock>
<hidden>0</hidden>
<stylepreset>Blank cell (no style)</stylepreset>
</cell>
<cell x="7" y="2">
<scanblock>0</scanblock>
<hidden>0</hidden>
<stylepreset>Blank cell (no style)</stylepreset>
</cell>
<cell x="1" y="3">
<caption><![CDATA[I am thirsty]]></caption>
<tooltip><![CDATA[I am thirsty]]></tooltip>
<picture>[WIDGIT]widgit rebus\t\thirsty 1.emf</picture>
<scanblock>2</scanblock>
<hidden>0</hidden>
<stylepreset>Jump and Speak</stylepreset>
<commands>
<command>
<id>type</id>
<parameter index="1"><![CDATA[I am thirsty, please may I have something to drink ]]></parameter>
</command>
<command>
<id>jump.to</id>
<parameter index="1"><![CDATA[Drinks]]></parameter>
</command>
</commands>
</cell>
<cell x="2" y="3">
<scanblock>0</scanblock>
<hidden>0</hidden>
<stylepreset>Blank cell (no style)</stylepreset>
</cell>
<cell x="3" y="3">
<scanblock>2</scanblock>
<autocell>1</autocell>
<hidden>0</hidden>
<stylepreset>Auto content cell</stylepreset>
</cell>
<cell x="4" y="3">
<scanblock>2</scanblock>
<autocell>1</autocell>
<hidden>0</hidden>
<stylepreset>Auto content cell</stylepreset>
</cell>
<cell x="5" y="3">
<scanblock>2</scanblock>
<autocell>1</autocell>
<hidden>0</hidden>
<stylepreset>Auto content cell</stylepreset>
</cell>
<cell x="6" y="3">
<scanblock>0</scanblock>
<hidden>0</hidden>
<stylepreset>Blank cell (no style)</stylepreset>
</cell>
<cell x="7" y="3">
<scanblock>0</scanblock>
<hidden>0</hidden>
<stylepreset>Blank cell (no style)</stylepreset>
</cell>
<cell x="1" y="4">
<caption><![CDATA[I'm uncomfortable]]></caption>
<tooltip><![CDATA[I'm uncomfortable]]></tooltip>
<picture>[WIDGIT]widgit rebus\u\uncomfortable.emf</picture>
<scanblock>2</scanblock>
<hidden>0</hidden>
<stylepreset>Jump and Speak</stylepreset>
<commands>
<command>
<id>type</id>
<parameter index="1"><![CDATA[I'm uncomfortable, please move my ]]></parameter>
</command>
<command>
<id>jump.to</id>
<parameter index="1"><![CDATA[Body]]></parameter>
</command>
</commands>
</cell>
<cell x="2" y="4">
<scanblock>0</scanblock>
<hidden>0</hidden>
<stylepreset>Blank cell (no style)</stylepreset>
</cell>
<cell x="3" y="4">
<scanblock>2</scanblock>
<autocell>1</autocell>
<hidden>0</hidden>
<stylepreset>Auto content cell</stylepreset>
</cell>
<cell x="4" y="4">
<scanblock>2</scanblock>
<autocell>1</autocell>
<hidden>0</hidden>
<stylepreset>Auto content cell</stylepreset>
</cell>
<cell x="5" y="4">
<scanblock>2</scanblock>
<autocell>1</autocell>
<hidden>0</hidden>
<stylepreset>Auto content cell</stylepreset>
</cell>
<cell x="6" y="4">
<scanblock>0</scanblock>
<hidden>0</hidden>
<stylepreset>Blank cell (no style)</stylepreset>
</cell>
<cell x="7" y="4">
<scanblock>0</scanblock>
<hidden>0</hidden>
<stylepreset>Blank cell (no style)</stylepreset>
</cell>
<cell x="1" y="5">
<caption><![CDATA[I'm feeling]]></caption>
<tooltip><![CDATA[I'm feeling]]></tooltip>
<picture>[WIDGIT]widgit rebus\e\emotions.emf</picture>
<scanblock>2</scanblock>
<hidden>0</hidden>
<stylepreset>Jump and Speak</stylepreset>
<commands>
<command>
<id>type</id>
<parameter index="1"><![CDATA[I'm feeling ]]></parameter>
</command>
<command>
<id>jump.to</id>
<parameter index="1"><![CDATA[Feelings]]></parameter>
</command>
</commands>
</cell>
<cell x="2" y="5">
<scanblock>0</scanblock>
<hidden>0</hidden>
<stylepreset>Blank cell (no style)</stylepreset>
</cell>
<cell x="3" y="5">
<scanblock>2</scanblock>
<autocell>1</autocell>
<hidden>0</hidden>
<stylepreset>Auto content cell</stylepreset>
</cell>
<cell x="4" y="5">
<scanblock>2</scanblock>
<autocell>1</autocell>
<hidden>0</hidden>
<stylepreset>Auto content cell</stylepreset>
</cell>
<cell x="5" y="5">
<scanblock>2</scanblock>
<autocell>1</autocell>
<hidden>0</hidden>
<stylepreset>Auto content cell</stylepreset>
</cell>
<cell x="6" y="5">
<scanblock>0</scanblock>
<hidden>0</hidden>
<stylepreset>Blank cell (no style)</stylepreset>
</cell>
<cell x="7" y="5">
<scanblock>0</scanblock>
<hidden>0</hidden>
<stylepreset>Blank cell (no style)</stylepreset>
</cell>
</cells>
</grid>
</sensorygrid>
