<?xml version="1.0" encoding="utf-8" ?>

<wordlist>
<word>
<wordtext><![CDATA[Bath ]]></wordtext>
<picturefile>[WIDGIT]widgit rebus topics\history\ancient greeks\greek column.emf</picturefile>
</word>
<word>
<wordtext><![CDATA[Belfast ]]></wordtext>
<picturefile>[WIDGIT]widgit rebus\c\city 1.emf</picturefile>
</word>
<word>
<wordtext><![CDATA[Birmingham ]]></wordtext>
<picturefile>[WIDGIT]widgit rebus\j\jewellery.emf</picturefile>
</word>
<word>
<wordtext><![CDATA[Bradford ]]></wordtext>
<picturefile>[WIDGIT]widgit rebus\c\city 1.emf</picturefile>
</word>
<word>
<wordtext><![CDATA[Brighton ]]></wordtext>
<picturefile>[WIDGIT]widgit rebus\p\pier.emf</picturefile>
</word>
<word>
<wordtext><![CDATA[Bristol ]]></wordtext>
<picturefile>[WIDGIT]widgit rebus\h\harbour.emf</picturefile>
</word>
<word>
<wordtext><![CDATA[Cardiff ]]></wordtext>
<picturefile>[WIDGIT]widgit rebus\c\cardiff castle.emf</picturefile>
</word>
<word>
<wordtext><![CDATA[Edinburgh ]]></wordtext>
<picturefile>[WIDGIT]widgit rebus 04\symbols b\capital city.emf</picturefile>
</word>
<word>
<wordtext><![CDATA[Glasgow ]]></wordtext>
<picturefile>[WIDGIT]widgit rebus\s\scotland.emf</picturefile>
</word>
<word>
<wordtext><![CDATA[Great Britain ]]></wordtext>
<picturefile>[WIDGIT]widgit rebus\e\england.emf</picturefile>
</word>
<word>
<wordtext><![CDATA[Leeds ]]></wordtext>
<picturefile>rad5AE89.jpg</picturefile>
</word>
<word>
<wordtext><![CDATA[Liverpool ]]></wordtext>
<picturefile>[WIDGIT]england\uk wrebus\sport\liverpool fc.emf</picturefile>
</word>
<word>
<wordtext><![CDATA[London ]]></wordtext>
<picturefile>[WIDGIT]widgit rebus\l\london.emf</picturefile>
</word>
<word>
<wordtext><![CDATA[Manchester ]]></wordtext>
<picturefile>[WIDGIT]widgit rebus\f\football 1.emf</picturefile>
</word>
<word>
<wordtext><![CDATA[Nottingham ]]></wordtext>
<picturefile>[WIDGIT]widgit rebus\c\city 1.emf</picturefile>
</word>
<word>
<wordtext><![CDATA[Sheffield ]]></wordtext>
<picturefile>[WIDGIT]widgit rebus\c\city 1.emf</picturefile>
</word>
<word>
<wordtext><![CDATA[York ]]></wordtext>
<picturefile>[WIDGIT]widgit rebus\v\viking.emf</picturefile>
</word>
<word>
<wordtext><![CDATA[England ]]></wordtext>
<picturefile>[WIDGIT]widgit rebus\e\england 1.emf</picturefile>
</word>
<word>
<wordtext><![CDATA[Wales ]]></wordtext>
<picturefile>[WIDGIT]widgit rebus\w\wales.emf</picturefile>
</word>
<word>
<wordtext><![CDATA[Scotland ]]></wordtext>
<picturefile>[WIDGIT]widgit rebus\s\scotland.emf</picturefile>
</word>
<word>
<wordtext><![CDATA[Ireland ]]></wordtext>
<picturefile>[WIDGIT]widgit rebus\i\ireland.emf</picturefile>
</word>
<word>
<wordtext><![CDATA[Northern Ireland ]]></wordtext>
<picturefile>[WIDGIT]widgit rebus\n\northern ireland.emf</picturefile>
</word>
<word>
<wordtext><![CDATA[Isle of Wight ]]></wordtext>
<picturefile>[WIDGIT]widgit rebus\i\island 6.emf</picturefile>
</word>
<word>
<wordtext><![CDATA[Jersey ]]></wordtext>
<picturefile>[WIDGIT]widgit rebus 04\symbols a\jersey.emf</picturefile>
</word>
<word>
<wordtext><![CDATA[Guernsey ]]></wordtext>
<picturefile>[WIDGIT]widgit rebus 04\symbols a\guernsey.emf</picturefile>
</word>
<word>
<wordtext><![CDATA[Isle of Man ]]></wordtext>
<picturefile>[WIDGIT]widgit rebus 04\symbols a\isle of man.emf</picturefile>
</word>
<word>
<wordtext><![CDATA[United Kingdom ]]></wordtext>
<picturefile>[WIDGIT]widgit rebus\b\britain.emf</picturefile>
</word>
<word>
<wordtext><![CDATA[Britain ]]></wordtext>
<picturefile>[WIDGIT]widgit rebus\b\britain.emf</picturefile>
</word>
<word>
<wordtext><![CDATA[Atlantic Ocean ]]></wordtext>
<picturefile>[WIDGIT]widgit rebus 05\symbols 5a\atlantic.emf</picturefile>
</word>
<word>
<wordtext><![CDATA[North sea ]]></wordtext>
<picturefile>radA070D.png</picturefile>
</word>
<word>
<wordtext><![CDATA[English Channel ]]></wordtext>
<picturefile>radEA6AA.png</picturefile>
</word>
<word>
<wordtext><![CDATA[Irish Sea ]]></wordtext>
<picturefile>radE30CE.png</picturefile>
</word>
<word>
<wordtext><![CDATA[Channel Tunnel ]]></wordtext>
<picturefile>[WIDGIT]widgit rebus\c\channel tunnel.emf</picturefile>
</word>
</wordlist>
