<?xml version="1.0" encoding="utf-8" ?>

<wordlist>
<word>
<wordtext><![CDATA[television ]]></wordtext>
<picturefile>radAA56F.png</picturefile>
</word>
<word>
<wordtext><![CDATA[computer ]]></wordtext>
<picturefile>rad24882.png</picturefile>
</word>
<word>
<wordtext><![CDATA[laptop ]]></wordtext>
<picturefile>rad769A6.png</picturefile>
</word>
<word>
<wordtext><![CDATA[iPad ]]></wordtext>
<picturefile>rad9490A.jpg</picturefile>
</word>
<word>
<wordtext><![CDATA[iPod ]]></wordtext>
<picturefile>[WIDGIT]widgit rebus 06\symbols 6a\ipod.emf</picturefile>
</word>
<word>
<wordtext><![CDATA[mp3 player ]]></wordtext>
<picturefile>[WIDGIT]widgit rebus 06\symbols 6a\mp3.emf</picturefile>
</word>
<word>
<wordtext><![CDATA[VOCA ]]></wordtext>
<picturefile>[WIDGIT]widgit rebus\c\communication aid.emf</picturefile>
</word>
<word>
<wordtext><![CDATA[battery ]]></wordtext>
<picturefile>[WIDGIT]widgit rebus\b\battery 1.emf</picturefile>
</word>
<word>
<wordtext><![CDATA[charger ]]></wordtext>
<picturefile>[WIDGIT]widgit rebus\m\mobile phone charger.emf</picturefile>
</word>
<word>
<wordtext><![CDATA[headphones ]]></wordtext>
<picturefile>[WIDGIT]widgit rebus\h\headphones.emf</picturefile>
</word>
<word>
<wordtext><![CDATA[camera ]]></wordtext>
<picturefile>[WIDGIT]widgit rebus\c\camera.emf</picturefile>
</word>
<word>
<wordtext><![CDATA[radio ]]></wordtext>
<picturefile>[WIDGIT]widgit rebus 09\symbols 9b\radio.emf</picturefile>
</word>
<word>
<wordtext><![CDATA[phone ]]></wordtext>
<picturefile>radC45BD.png</picturefile>
</word>
<word>
<wordtext><![CDATA[video camera ]]></wordtext>
<picturefile>[WIDGIT]widgit rebus 04\symbols a\camcorder.emf</picturefile>
</word>
<word>
<wordtext><![CDATA[games console ]]></wordtext>
<picturefile>[WIDGIT]widgit rebus\g\games console.emf</picturefile>
</word>
<word>
<wordtext><![CDATA[stereo ]]></wordtext>
<picturefile>[WIDGIT]widgit rebus\s\stereo.emf</picturefile>
</word>
<word>
<wordtext><![CDATA[DVD player ]]></wordtext>
<picturefile>[WIDGIT]widgit rebus\c\cd player.emf</picturefile>
</word>
<word>
<wordtext><![CDATA[DVD ]]></wordtext>
<picturefile>[WIDGIT]widgit rebus\d\dvd.emf</picturefile>
</word>
<word>
<wordtext><![CDATA[CD ]]></wordtext>
<picturefile>[WIDGIT]widgit rebus\c\cd.emf</picturefile>
</word>
<word>
<wordtext><![CDATA[memory stick ]]></wordtext>
<picturefile>[WIDGIT]widgit rebus 06\symbols 6a\memory stick.emf</picturefile>
</word>
<word>
<wordtext><![CDATA[printer ]]></wordtext>
<picturefile>[WIDGIT]widgit rebus\p\printer.emf</picturefile>
</word>
<word>
<wordtext><![CDATA[keyboard ]]></wordtext>
<picturefile>[WIDGIT]widgit rebus\k\keyboard 2.emf</picturefile>
</word>
<word>
<wordtext><![CDATA[mouse ]]></wordtext>
<picturefile>[WIDGIT]widgit rebus\m\mouse.emf</picturefile>
</word>
<word>
<wordtext><![CDATA[switch ]]></wordtext>
<picturefile>[WIDGIT]widgit rebus\s\switch 2.emf</picturefile>
</word>
<word>
<wordtext><![CDATA[extension lead ]]></wordtext>
<picturefile>[WIDGIT]widgit rebus\e\extension lead.emf</picturefile>
</word>
<word>
<wordtext><![CDATA[technology ]]></wordtext>
<picturefile>[WIDGIT]widgit rebus\t\technology 1.emf</picturefile>
</word>
</wordlist>
