<?xml version="1.0" encoding="utf-8" ?>

<wordlist>
<word>
<wordtext><![CDATA[house ]]></wordtext>
<picturefile>[WIDGIT]widgit rebus\h\house.emf</picturefile>
</word>
<word>
<wordtext><![CDATA[farm ]]></wordtext>
<picturefile>[WIDGIT]widgit rebus\f\farm.emf</picturefile>
</word>
<word>
<wordtext><![CDATA[zoo ]]></wordtext>
<picturefile>[WIDGIT]widgit rebus\z\zoo.emf</picturefile>
</word>
<word>
<wordtext><![CDATA[jungle ]]></wordtext>
<picturefile>[WIDGIT]widgit rebus\j\jungle.emf</picturefile>
</word>
<word>
<wordtext><![CDATA[woods ]]></wordtext>
<picturefile>[WIDGIT]widgit rebus\w\wood.emf</picturefile>
</word>
<word>
<wordtext><![CDATA[water ]]></wordtext>
<picturefile>[WIDGIT]widgit rebus\w\water 1.emf</picturefile>
</word>
<word>
<wordtext><![CDATA[sea ]]></wordtext>
<picturefile>[WIDGIT]widgit rebus\s\sea.emf</picturefile>
</word>
<word>
<wordtext><![CDATA[tree ]]></wordtext>
<picturefile>[WIDGIT]widgit rebus\t\tree.emf</picturefile>
</word>
<word>
<wordtext><![CDATA[nest ]]></wordtext>
<picturefile>[WIDGIT]widgit rebus\n\nest.emf</picturefile>
</word>
<word>
<wordtext><![CDATA[burrow ]]></wordtext>
<picturefile>[WIDGIT]widgit rebus\b\burrow.emf</picturefile>
</word>
<word>
<wordtext><![CDATA[earth ]]></wordtext>
<picturefile>[WIDGIT]widgit rebus\s\soil.emf</picturefile>
</word>
<word>
<wordtext><![CDATA[cage ]]></wordtext>
<picturefile>[WIDGIT]widgit rebus\c\cage.emf</picturefile>
</word>
<word>
<wordtext><![CDATA[hive ]]></wordtext>
<picturefile>[WIDGIT]widgit rebus\h\hive.emf</picturefile>
</word>
<word>
<wordtext><![CDATA[hutch ]]></wordtext>
<picturefile>[WIDGIT]widgit rebus\h\hutch.emf</picturefile>
</word>
<word>
<wordtext><![CDATA[kennel ]]></wordtext>
<picturefile>[WIDGIT]widgit rebus\k\kennel.emf</picturefile>
</word>
<word>
<wordtext><![CDATA[tank ]]></wordtext>
<picturefile>[WIDGIT]widgit rebus\f\fish tank.emf</picturefile>
</word>
<word>
<wordtext><![CDATA[barn ]]></wordtext>
<picturefile>[WIDGIT]widgit rebus\b\barn.emf</picturefile>
</word>
<word>
<wordtext><![CDATA[stable ]]></wordtext>
<picturefile>[WIDGIT]widgit rebus\s\stable.emf</picturefile>
</word>
<word>
<wordtext><![CDATA[pigsty ]]></wordtext>
<picturefile>[WIDGIT]widgit rebus\p\pigsty.emf</picturefile>
</word>
<word>
<wordtext><![CDATA[field ]]></wordtext>
<picturefile>[WIDGIT]widgit rebus\f\field.emf</picturefile>
</word>
<word>
<wordtext><![CDATA[web ]]></wordtext>
<picturefile>[WIDGIT]widgit rebus\s\spiders web.emf</picturefile>
</word>
<word>
<wordtext><![CDATA[hibernate ]]></wordtext>
<picturefile>[WIDGIT]widgit rebus 08\symbols 8a\hibernate.emf</picturefile>
</word>
<word>
<wordtext><![CDATA[vet ]]></wordtext>
<picturefile>[WIDGIT]widgit rebus\v\vets 1.emf</picturefile>
</word>
</wordlist>
