<?xml version="1.0" encoding="utf-8" ?>

<wordlist>
<word>
<wordtext><![CDATA[doll ]]></wordtext>
<picturefile>[WIDGIT]widgit rebus\d\doll.emf</picturefile>
</word>
<word>
<wordtext><![CDATA[doll's house ]]></wordtext>
<picturefile>[WIDGIT]widgit rebus\b\bungalow.emf</picturefile>
</word>
<word>
<wordtext><![CDATA[puppets ]]></wordtext>
<picturefile>[WIDGIT]widgit rebus\p\puppet 1.emf</picturefile>
</word>
<word>
<wordtext><![CDATA[teddy bear ]]></wordtext>
<picturefile>[WIDGIT]widgit rebus\t\teddy.emf</picturefile>
</word>
<word>
<wordtext><![CDATA[toy cars ]]></wordtext>
<picturefile>[WIDGIT]widgit rebus\c\cars.emf</picturefile>
</word>
<word>
<wordtext><![CDATA[toy garage ]]></wordtext>
<picturefile>[WIDGIT]widgit rebus\p\petrol station.emf</picturefile>
</word>
<word>
<wordtext><![CDATA[toy farm ]]></wordtext>
<picturefile>[WIDGIT]widgit rebus\f\farm.emf</picturefile>
</word>
<word>
<wordtext><![CDATA[play dough ]]></wordtext>
<picturefile>[WIDGIT]widgit rebus\p\playdough.emf</picturefile>
</word>
<word>
<wordtext><![CDATA[bricks ]]></wordtext>
<picturefile>[WIDGIT]widgit rebus\b\bricks.emf</picturefile>
</word>
<word>
<wordtext><![CDATA[Lego ]]></wordtext>
<picturefile>[WIDGIT]widgit rebus\l\lego.emf</picturefile>
</word>
<word>
<wordtext><![CDATA[bubbles ]]></wordtext>
<picturefile>[WIDGIT]widgit rebus\b\bubble.emf</picturefile>
</word>
<word>
<wordtext><![CDATA[ball ]]></wordtext>
<picturefile>[WIDGIT]widgit rebus\b\ball.emf</picturefile>
</word>
<word>
<wordtext><![CDATA[kite ]]></wordtext>
<picturefile>[WIDGIT]widgit rebus\k\kite.emf</picturefile>
</word>
</wordlist>
