<?xml version="1.0" encoding="utf-8" ?>

<wordlist>
<word>
<wordtext><![CDATA[Harry Potter ]]></wordtext>
<picturefile>[WIDGIT]widgit rebus\l\little wizard.emf</picturefile>
</word>
<word>
<wordtext><![CDATA[Hungry Caterpillar ]]></wordtext>
<picturefile>[WIDGIT]widgit rebus\c\caterpillar.emf</picturefile>
</word>
<word>
<wordtext><![CDATA[The Gruffalo ]]></wordtext>
<picturefile>radDC135.jpg</picturefile>
</word>
<word>
<wordtext><![CDATA[Dr Seuss ]]></wordtext>
<picturefile>radB0BB3.jpg</picturefile>
</word>
<word>
<wordtext><![CDATA[comic ]]></wordtext>
<picturefile>[WIDGIT]widgit rebus\c\comic.emf</picturefile>
</word>
<word>
<wordtext><![CDATA[magazine ]]></wordtext>
<picturefile>[WIDGIT]widgit rebus\j\journal.emf</picturefile>
</word>
<word>
<wordtext><![CDATA[newspaper ]]></wordtext>
<picturefile>[WIDGIT]widgit rebus\n\newspaper.emf</picturefile>
</word>
<word>
<wordtext><![CDATA[book ]]></wordtext>
<picturefile>[WIDGIT]widgit rebus\b\book.emf</picturefile>
</word>
</wordlist>
