<?xml version="1.0" encoding="utf-8" ?>

<sensorygrid>
<grid workspace_x="3" workspace_y="1">
<rows>5</rows>
<cols>7</cols>
<selfclosing>0</selfclosing>
<titlebartext></titlebartext>
<customblockscan>1</customblockscan>
<predictionsource>0</predictionsource>
<oskcellratio>0</oskcellratio>
<background style="0">
<backcolour>14737632</backcolour>
<backcolour2>14737632</backcolour2>
</background>
<cells>
<cell x="1" y="1">
<caption><![CDATA[speak]]></caption>
<tooltip><![CDATA[speak]]></tooltip>
<picture>[GRID2X]action.speakall.wmf</picture>
<scanblock>1</scanblock>
<directactivate>5</directactivate>
<stylepreset>Action cell</stylepreset>
<commands>
<command>
<id>action.speakall</id>
</command>
</commands>
</cell>
<cell x="2" y="1">
<caption><![CDATA[Sentence Starters]]></caption>
<tooltip><![CDATA[Sentence Starters]]></tooltip>
<scanblock>1</scanblock>
<stylepreset>Self Closing Page</stylepreset>
<commands>
<command>
<id>jump.to</id>
<parameter index="1"><![CDATA[Sentence Starters]]></parameter>
</command>
</commands>
</cell>
<cell x="3" y="1">
<magnifyx>3</magnifyx>
<scanblock>1</scanblock>
<stylepreset>Blank cell (no style)</stylepreset>
</cell>
<cell x="4" y="1">
<scanblock>1</scanblock>
<stylepreset>Blank cell (no style)</stylepreset>
</cell>
<cell x="5" y="1">
<scanblock>1</scanblock>
<stylepreset>Blank cell (no style)</stylepreset>
</cell>
<cell x="6" y="1">
<caption><![CDATA[rub out]]></caption>
<tooltip><![CDATA[rub out]]></tooltip>
<picture>[GRID2X]type.deleteword.wmf</picture>
<scanblock>1</scanblock>
<stylepreset>Action cell</stylepreset>
<commands>
<command>
<id>type.deleteword</id>
</command>
</commands>
</cell>
<cell x="7" y="1">
<caption><![CDATA[clear]]></caption>
<tooltip><![CDATA[clear]]></tooltip>
<picture>[GRID2X]action.clear.wmf</picture>
<scanblock>1</scanblock>
<stylepreset>Action cell</stylepreset>
<commands>
<command>
<id>action.clear</id>
</command>
</commands>
</cell>
<cell x="1" y="2">
<caption><![CDATA[Quick Talk]]></caption>
<tooltip><![CDATA[Quick Talk]]></tooltip>
<picture>[WIDGIT]widgit rebus\s\speak.emf</picture>
<scanblock>2</scanblock>
<directactivate>2</directactivate>
<stylepreset>Jump cell</stylepreset>
<commands>
<command>
<id>jump.to</id>
<parameter index="1"><![CDATA[Quick Talk]]></parameter>
</command>
</commands>
</cell>
<cell x="2" y="2">
<caption><![CDATA[Help]]></caption>
<tooltip><![CDATA[Help]]></tooltip>
<picture>[WIDGIT]widgit rebus\e\exclamation mark.emf</picture>
<scanblock>2</scanblock>
<stylepreset>Jump cell</stylepreset>
<commands>
<command>
<id>jump.to</id>
<parameter index="1"><![CDATA[Somethings wrong]]></parameter>
</command>
</commands>
</cell>
<cell x="3" y="2">
<caption><![CDATA[Opinions]]></caption>
<tooltip><![CDATA[Opinions]]></tooltip>
<picture>[WIDGIT]widgit rebus\i\idea.emf</picture>
<scanblock>2</scanblock>
<stylepreset>Jump cell</stylepreset>
<commands>
<command>
<id>jump.to</id>
<parameter index="1"><![CDATA[Opinions]]></parameter>
</command>
</commands>
</cell>
<cell x="4" y="2">
<caption><![CDATA[Describing]]></caption>
<tooltip><![CDATA[Describing]]></tooltip>
<picture>[WIDGIT]widgit rebus\d\describe.emf</picture>
<scanblock>2</scanblock>
<stylepreset>Jump cell</stylepreset>
<commands>
<command>
<id>jump.to</id>
<parameter index="1"><![CDATA[Describing]]></parameter>
</command>
</commands>
</cell>
<cell x="5" y="2">
<caption><![CDATA[Quantities]]></caption>
<tooltip><![CDATA[Quantities]]></tooltip>
<picture>[WIDGIT]widgit rebus 06\symbols 6b\how many.emf</picture>
<scanblock>2</scanblock>
<stylepreset>Jump cell</stylepreset>
<commands>
<command>
<id>jump.to</id>
<parameter index="1"><![CDATA[Quantities]]></parameter>
</command>
</commands>
</cell>
<cell x="6" y="2">
<caption><![CDATA[Questions]]></caption>
<tooltip><![CDATA[Questions]]></tooltip>
<picture>[WIDGIT]widgit rebus\q\question.emf</picture>
<scanblock>2</scanblock>
<stylepreset>Self Closing Page</stylepreset>
<commands>
<command>
<id>jump.to</id>
<parameter index="1"><![CDATA[Questions]]></parameter>
</command>
</commands>
</cell>
<cell x="7" y="2">
<caption><![CDATA[ABC]]></caption>
<tooltip><![CDATA[ABC]]></tooltip>
<picture>[WIDGIT]widgit rebus\a\alphabet.emf</picture>
<scanblock>4</scanblock>
<stylepreset>Jump to Keyboard</stylepreset>
<commands>
<command>
<id>jump.to</id>
<parameter index="1"><![CDATA[Keyboard QWERTY - with prediction]]></parameter>
</command>
</commands>
</cell>
<cell x="1" y="3">
<caption><![CDATA[Actions]]></caption>
<tooltip><![CDATA[Actions]]></tooltip>
<picture>[WIDGIT]widgit rebus\a\actions.emf</picture>
<scanblock>2</scanblock>
<stylepreset>Jump cell</stylepreset>
<commands>
<command>
<id>jump.to</id>
<parameter index="1"><![CDATA[Actions]]></parameter>
</command>
</commands>
</cell>
<cell x="2" y="3">
<caption><![CDATA[Activities]]></caption>
<tooltip><![CDATA[Activities]]></tooltip>
<picture>[WIDGIT]widgit rebus\a\activity.emf</picture>
<scanblock>2</scanblock>
<stylepreset>Jump cell</stylepreset>
<commands>
<command>
<id>jump.to</id>
<parameter index="1"><![CDATA[Activities]]></parameter>
</command>
</commands>
</cell>
<cell x="3" y="3">
<caption><![CDATA[Pronouns]]></caption>
<tooltip><![CDATA[Pronouns]]></tooltip>
<picture>[WIDGIT]widgit rebus\p\pronoun.emf</picture>
<scanblock>2</scanblock>
<stylepreset>Jump cell</stylepreset>
<commands>
<command>
<id>jump.to</id>
<parameter index="1"><![CDATA[Pronouns]]></parameter>
</command>
</commands>
</cell>
<cell x="4" y="3">
<caption><![CDATA[People]]></caption>
<tooltip><![CDATA[People]]></tooltip>
<picture>[WIDGIT]widgit rebus\p\people.emf</picture>
<scanblock>2</scanblock>
<stylepreset>Jump cell</stylepreset>
<commands>
<command>
<id>jump.to</id>
<parameter index="1"><![CDATA[People]]></parameter>
</command>
</commands>
</cell>
<cell x="5" y="3">
<caption><![CDATA[Body]]></caption>
<tooltip><![CDATA[Body]]></tooltip>
<picture>[WIDGIT]widgit rebus\b\body 1.emf</picture>
<scanblock>2</scanblock>
<directactivate>8</directactivate>
<stylepreset>Jump cell</stylepreset>
<commands>
<command>
<id>jump.to</id>
<parameter index="1"><![CDATA[Body]]></parameter>
</command>
</commands>
</cell>
<cell x="6" y="3">
<caption><![CDATA[Feelings]]></caption>
<tooltip><![CDATA[Feelings]]></tooltip>
<picture>[WIDGIT]widgit rebus\e\emotions.emf</picture>
<scanblock>2</scanblock>
<directactivate>3</directactivate>
<stylepreset>Jump cell</stylepreset>
<commands>
<command>
<id>jump.to</id>
<parameter index="1"><![CDATA[Feelings]]></parameter>
</command>
</commands>
</cell>
<cell x="7" y="3">
<caption><![CDATA[Counting]]></caption>
<tooltip><![CDATA[Counting Numbers]]></tooltip>
<picture>[WIDGIT]widgit rebus\n\number.emf</picture>
<scanblock>4</scanblock>
<stylepreset>Jump to Keyboard</stylepreset>
<commands>
<command>
<id>jump.to</id>
<parameter index="1"><![CDATA[Counting Numbers]]></parameter>
</command>
</commands>
</cell>
<cell x="1" y="4">
<caption><![CDATA[Meals]]></caption>
<tooltip><![CDATA[Meals]]></tooltip>
<picture>[WIDGIT]widgit rebus\m\meal.emf</picture>
<scanblock>2</scanblock>
<directactivate>6</directactivate>
<stylepreset>Jump cell</stylepreset>
<commands>
<command>
<id>jump.to</id>
<parameter index="1"><![CDATA[Meals]]></parameter>
</command>
</commands>
</cell>
<cell x="2" y="4">
<caption><![CDATA[Snacks]]></caption>
<tooltip><![CDATA[Snacks]]></tooltip>
<picture>[WIDGIT]widgit rebus\s\snack.emf</picture>
<scanblock>2</scanblock>
<style>
<backcolour>578546</backcolour>
<backcolour2>578546</backcolour2>
<bordercolour>10049331</bordercolour>
<fontcolour>0</fontcolour>
<fontname>Tahoma</fontname>
<fontsize>14</fontsize>
<fontbold>0</fontbold>
<fontitalic>0</fontitalic>
<picturesize>70</picturesize>
<backgroundshape>5</backgroundshape>
</style>
<commands>
<command>
<id>jump.to</id>
<parameter index="1"><![CDATA[Snacks]]></parameter>
</command>
</commands>
</cell>
<cell x="3" y="4">
<caption><![CDATA[Drinks]]></caption>
<tooltip><![CDATA[Drinks]]></tooltip>
<picture>[WIDGIT]widgit rebus\d\drinks.emf</picture>
<scanblock>2</scanblock>
<stylepreset>Jump cell</stylepreset>
<commands>
<command>
<id>jump.to</id>
<parameter index="1"><![CDATA[Drinks]]></parameter>
</command>
</commands>
</cell>
<cell x="4" y="4">
<caption><![CDATA[Equipment]]></caption>
<tooltip><![CDATA[Eating Equipment]]></tooltip>
<picture>[WIDGIT]widgit rebus\k\knife 1.emf</picture>
<scanblock>2</scanblock>
<stylepreset>Jump cell</stylepreset>
<commands>
<command>
<id>jump.to</id>
<parameter index="1"><![CDATA[Eating Equipment]]></parameter>
</command>
</commands>
</cell>
<cell x="5" y="4">
<caption><![CDATA[Clothes]]></caption>
<tooltip><![CDATA[Clothes]]></tooltip>
<picture>[WIDGIT]widgit rebus\c\clothes.emf</picture>
<scanblock>2</scanblock>
<directactivate>7</directactivate>
<stylepreset>Jump cell</stylepreset>
<commands>
<command>
<id>jump.to</id>
<parameter index="1"><![CDATA[Clothes]]></parameter>
</command>
</commands>
</cell>
<cell x="6" y="4">
<caption><![CDATA[Colours]]></caption>
<picture>[WIDGIT]widgit rebus\c\colours.emf</picture>
<scanblock>2</scanblock>
<stylepreset>Jump cell</stylepreset>
<commands>
<command>
<id>jump.to</id>
<parameter index="1"><![CDATA[Colours]]></parameter>
</command>
</commands>
</cell>
<cell x="7" y="4">
<caption><![CDATA[Words]]></caption>
<tooltip><![CDATA[Small Words]]></tooltip>
<picture>[WIDGIT]widgit rebus\w\word.emf</picture>
<scanblock>4</scanblock>
<stylepreset>Self Closing Page</stylepreset>
<commands>
<command>
<id>jump.to</id>
<parameter index="1"><![CDATA[Small Words]]></parameter>
</command>
</commands>
</cell>
<cell x="1" y="5">
<caption><![CDATA[At Home]]></caption>
<tooltip><![CDATA[At Home]]></tooltip>
<picture>[WIDGIT]widgit rebus\h\home.emf</picture>
<scanblock>2</scanblock>
<stylepreset>Jump cell</stylepreset>
<commands>
<command>
<id>jump.to</id>
<parameter index="1"><![CDATA[At Home]]></parameter>
</command>
</commands>
</cell>
<cell x="2" y="5">
<caption><![CDATA[At School]]></caption>
<tooltip><![CDATA[At School]]></tooltip>
<picture>[WIDGIT]widgit rebus\s\school.emf</picture>
<scanblock>2</scanblock>
<stylepreset>Jump cell</stylepreset>
<commands>
<command>
<id>jump.to</id>
<parameter index="1"><![CDATA[At School]]></parameter>
</command>
</commands>
</cell>
<cell x="3" y="5">
<caption><![CDATA[Time]]></caption>
<tooltip><![CDATA[Time]]></tooltip>
<picture>[WIDGIT]widgit rebus\t\time.emf</picture>
<scanblock>2</scanblock>
<stylepreset>Jump cell</stylepreset>
<commands>
<command>
<id>jump.to</id>
<parameter index="1"><![CDATA[Time]]></parameter>
</command>
</commands>
</cell>
<cell x="4" y="5">
<caption><![CDATA[Position]]></caption>
<tooltip><![CDATA[Position]]></tooltip>
<picture>[WIDGIT]widgit rebus topics\science maths\poisition.emf</picture>
<scanblock>2</scanblock>
<stylepreset>Jump cell</stylepreset>
<commands>
<command>
<id>jump.to</id>
<parameter index="1"><![CDATA[Position]]></parameter>
</command>
</commands>
</cell>
<cell x="5" y="5">
<caption><![CDATA[About me]]></caption>
<tooltip><![CDATA[About me]]></tooltip>
<picture>[WIDGIT]widgit rebus\m\me.emf</picture>
<scanblock>2</scanblock>
<stylepreset>Jump cell</stylepreset>
<commands>
<command>
<id>jump.to</id>
<parameter index="1"><![CDATA[about me]]></parameter>
</command>
</commands>
</cell>
<cell x="6" y="5">
<caption><![CDATA[About You]]></caption>
<tooltip><![CDATA[About You]]></tooltip>
<picture>png</picture>
<scanblock>2</scanblock>
<stylepreset>Jump cell</stylepreset>
<commands>
<command>
<id>jump.to</id>
<parameter index="1"><![CDATA[About You]]></parameter>
</command>
</commands>
</cell>
<cell x="7" y="5">
<caption><![CDATA[More Pages]]></caption>
<tooltip><![CDATA[More Pages]]></tooltip>
<picture>[GRID2X]jump.to.wmf</picture>
<scanblock>4</scanblock>
<stylepreset>More Pages</stylepreset>
<commands>
<command>
<id>jump.to</id>
<parameter index="1"><![CDATA[More Pages]]></parameter>
</command>
</commands>
</cell>
</cells>
</grid>
</sensorygrid>
