<?xml version="1.0" encoding="utf-8" ?>

<wordlist>
<word>
<wordtext><![CDATA[space ]]></wordtext>
<picturefile>[WIDGIT]widgit rebus\s\space.emf</picturefile>
</word>
<word>
<wordtext><![CDATA[star ]]></wordtext>
<picturefile>[WIDGIT]widgit rebus\s\star.emf</picturefile>
</word>
<word>
<wordtext><![CDATA[galaxy ]]></wordtext>
<picturefile>[WIDGIT]widgit rebus\g\galaxy.emf</picturefile>
</word>
<word>
<wordtext><![CDATA[Sun ]]></wordtext>
<picturefile>[WIDGIT]widgit rebus\s\sun.emf</picturefile>
</word>
<word>
<wordtext><![CDATA[Moon ]]></wordtext>
<picturefile>[WIDGIT]widgit rebus\m\moon.emf</picturefile>
</word>
<word>
<wordtext><![CDATA[planet ]]></wordtext>
<picturefile>[WIDGIT]widgit rebus\p\planet.emf</picturefile>
</word>
<word>
<wordtext><![CDATA[solar system ]]></wordtext>
<picturefile>[WIDGIT]widgit rebus\g\galaxy 1.emf</picturefile>
</word>
<word>
<wordtext><![CDATA[Mercury ]]></wordtext>
<picturefile>[WIDGIT]widgit rebus\m\mercury.emf</picturefile>
</word>
<word>
<wordtext><![CDATA[Venus ]]></wordtext>
<picturefile>[WIDGIT]widgit rebus\v\venus.emf</picturefile>
</word>
<word>
<wordtext><![CDATA[Earth ]]></wordtext>
<picturefile>[WIDGIT]widgit rebus\e\earth 2.emf</picturefile>
</word>
<word>
<wordtext><![CDATA[Mars ]]></wordtext>
<picturefile>[WIDGIT]widgit rebus\m\mars.emf</picturefile>
</word>
<word>
<wordtext><![CDATA[Jupiter ]]></wordtext>
<picturefile>[WIDGIT]widgit rebus\j\jupiter.emf</picturefile>
</word>
<word>
<wordtext><![CDATA[Saturn ]]></wordtext>
<picturefile>[WIDGIT]widgit rebus\s\saturn.emf</picturefile>
</word>
<word>
<wordtext><![CDATA[Uranus ]]></wordtext>
<picturefile>[WIDGIT]widgit rebus 05\symbols 5a\uranus.emf</picturefile>
</word>
<word>
<wordtext><![CDATA[Neptune ]]></wordtext>
<picturefile>[WIDGIT]widgit rebus\n\neptune.emf</picturefile>
</word>
<word>
<wordtext><![CDATA[Pluto ]]></wordtext>
<picturefile>[WIDGIT]widgit rebus\p\pluto.emf</picturefile>
</word>
<word>
<wordtext><![CDATA[observatory ]]></wordtext>
<picturefile>[WIDGIT]widgit rebus 07\symbols 7a\observatory.emf</picturefile>
</word>
<word>
<wordtext><![CDATA[telescope ]]></wordtext>
<picturefile>[WIDGIT]widgit rebus 06\symbols 6b\telescope.emf</picturefile>
</word>
<word>
<wordtext><![CDATA[vacuum ]]></wordtext>
<picturefile>[WIDGIT]widgit rebus 04\symbols b\empty.emf</picturefile>
</word>
<word>
<wordtext><![CDATA[orbit ]]></wordtext>
<picturefile>[WIDGIT]widgit rebus\o\orbit.emf</picturefile>
</word>
<word>
<wordtext><![CDATA[satellite ]]></wordtext>
<picturefile>[WIDGIT]widgit rebus\s\satellite.emf</picturefile>
</word>
<word>
<wordtext><![CDATA[asteroid ]]></wordtext>
<picturefile>[WIDGIT]widgit rebus\s\stone.emf</picturefile>
</word>
<word>
<wordtext><![CDATA[meteorite ]]></wordtext>
<picturefile>[WIDGIT]widgit rebus 05\symbols 5a\comet.emf</picturefile>
</word>
<word>
<wordtext><![CDATA[world ]]></wordtext>
<picturefile>[WIDGIT]widgit rebus\w\world.emf</picturefile>
</word>
</wordlist>
