<?xml version="1.0" encoding="utf-8" ?>

<wordlist>
<word>
<wordtext><![CDATA[eat ]]></wordtext>
<picturefile>[WIDGIT]widgit rebus\e\eat.emf</picturefile>
</word>
<word>
<wordtext><![CDATA[drink ]]></wordtext>
<picturefile>[WIDGIT]widgit rebus\d\drink.emf</picturefile>
</word>
<word>
<wordtext><![CDATA[cook ]]></wordtext>
<picturefile>[WIDGIT]widgit rebus\c\chef.emf</picturefile>
</word>
<word>
<wordtext><![CDATA[cry ]]></wordtext>
<picturefile>[WIDGIT]widgit rebus\c\cry.emf</picturefile>
</word>
<word>
<wordtext><![CDATA[laugh ]]></wordtext>
<picturefile>[WIDGIT]widgit rebus\l\laugh.emf</picturefile>
</word>
<word>
<wordtext><![CDATA[read ]]></wordtext>
<picturefile>[WIDGIT]widgit rebus\r\read.emf</picturefile>
</word>
<word>
<wordtext><![CDATA[write ]]></wordtext>
<picturefile>[WIDGIT]widgit rebus\w\write.emf</picturefile>
</word>
<word>
<wordtext><![CDATA[draw ]]></wordtext>
<picturefile>[WIDGIT]widgit rebus\d\draw.emf</picturefile>
</word>
<word>
<wordtext><![CDATA[wash ]]></wordtext>
<picturefile>[WIDGIT]widgit rebus\w\wash it.emf</picturefile>
</word>
<word>
<wordtext><![CDATA[bathe ]]></wordtext>
<picturefile>[WIDGIT]widgit rebus\b\bathe.emf</picturefile>
</word>
<word>
<wordtext><![CDATA[sleep ]]></wordtext>
<picturefile>[WIDGIT]widgit rebus\s\sleep.emf</picturefile>
</word>
<word>
<wordtext><![CDATA[shop ]]></wordtext>
<picturefile>[WIDGIT]widgit rebus\s\shopping.emf</picturefile>
</word>
<word>
<wordtext><![CDATA[work ]]></wordtext>
<picturefile>[WIDGIT]widgit rebus\j\job.emf</picturefile>
</word>
<word>
<wordtext><![CDATA[play ]]></wordtext>
<picturefile>[WIDGIT]widgit rebus\p\play.emf</picturefile>
</word>
<word>
<wordtext><![CDATA[sing ]]></wordtext>
<picturefile>[WIDGIT]widgit rebus\s\sing.emf</picturefile>
</word>
<word>
<wordtext><![CDATA[dance ]]></wordtext>
<picturefile>[WIDGIT]widgit rebus\d\dance.emf</picturefile>
</word>
<word>
<wordtext><![CDATA[swim ]]></wordtext>
<picturefile>[WIDGIT]widgit rebus\s\swim.emf</picturefile>
</word>
<word>
<wordtext><![CDATA[walk ]]></wordtext>
<picturefile>[WIDGIT]widgit rebus\w\walk.emf</picturefile>
</word>
<word>
<wordtext><![CDATA[run ]]></wordtext>
<picturefile>[WIDGIT]widgit rebus\r\run.emf</picturefile>
</word>
<word>
<wordtext><![CDATA[talk ]]></wordtext>
<picturefile>[WIDGIT]widgit rebus\s\speak.emf</picturefile>
</word>
</wordlist>
