<?xml version="1.0" encoding="utf-8" ?>

<wordlist>
<word>
<wordtext><![CDATA[diesel ]]></wordtext>
<picturefile>[WIDGIT]widgit rebus\d\diesel.emf</picturefile>
</word>
<word>
<wordtext><![CDATA[petrol ]]></wordtext>
<picturefile>[WIDGIT]widgit rebus\p\petrol.emf</picturefile>
</word>
<word>
<wordtext><![CDATA[unleaded ]]></wordtext>
<picturefile>[WIDGIT]widgit rebus 09\symbols 9b\unleaded.emf</picturefile>
</word>
<word>
<wordtext><![CDATA[oil ]]></wordtext>
<picturefile>rad92056.png</picturefile>
</word>
<word>
<wordtext><![CDATA[boot ]]></wordtext>
<picturefile>[WIDGIT]widgit rebus\b\boot 1.emf</picturefile>
</word>
<word>
<wordtext><![CDATA[door ]]></wordtext>
<picturefile>[WIDGIT]widgit rebus\c\car door.emf</picturefile>
</word>
<word>
<wordtext><![CDATA[wheel ]]></wordtext>
<picturefile>[WIDGIT]widgit rebus\w\wheel.emf</picturefile>
</word>
<word>
<wordtext><![CDATA[tyre ]]></wordtext>
<picturefile>[WIDGIT]widgit rebus\t\tyre.emf</picturefile>
</word>
<word>
<wordtext><![CDATA[brakes ]]></wordtext>
<picturefile>[WIDGIT]widgit rebus\b\breaks.emf</picturefile>
</word>
<word>
<wordtext><![CDATA[glove compartment ]]></wordtext>
<picturefile>[WIDGIT]widgit rebus 09\symbols 9b\glove compartment.emf</picturefile>
</word>
<word>
<wordtext><![CDATA[dashboard ]]></wordtext>
<picturefile>[WIDGIT]widgit rebus 09\symbols 9b\dashboard.emf</picturefile>
</word>
<word>
<wordtext><![CDATA[steering wheel ]]></wordtext>
<picturefile>rad9DAF7.png</picturefile>
</word>
<word>
<wordtext><![CDATA[radio ]]></wordtext>
<picturefile>[WIDGIT]widgit rebus\r\radio.emf</picturefile>
</word>
<word>
<wordtext><![CDATA[airbag ]]></wordtext>
<picturefile>[WIDGIT]widgit rebus 09\symbols 9b\airbag.emf</picturefile>
</word>
<word>
<wordtext><![CDATA[seat ]]></wordtext>
<picturefile>[WIDGIT]widgit rebus\s\seat 1.emf</picturefile>
</word>
<word>
<wordtext><![CDATA[seat belt ]]></wordtext>
<picturefile>[WIDGIT]widgit rebus\s\safety belt.emf</picturefile>
</word>
<word>
<wordtext><![CDATA[baby seat ]]></wordtext>
<picturefile>radEE183.png</picturefile>
</word>
<word>
<wordtext><![CDATA[engine ]]></wordtext>
<picturefile>[WIDGIT]widgit rebus\e\engine.emf</picturefile>
</word>
<word>
<wordtext><![CDATA[battery ]]></wordtext>
<picturefile>rad6AFD6.png</picturefile>
</word>
<word>
<wordtext><![CDATA[exhaust ]]></wordtext>
<picturefile>[WIDGIT]widgit rebus 04\symbols a\exhaust.emf</picturefile>
</word>
<word>
<wordtext><![CDATA[windscreen ]]></wordtext>
<picturefile>[WIDGIT]widgit rebus 09\symbols 9b\windscreen.emf</picturefile>
</word>
<word>
<wordtext><![CDATA[windscreen wipers ]]></wordtext>
<picturefile>[WIDGIT]widgit rebus 09\symbols 9b\windscreen wipers.emf</picturefile>
</word>
<word>
<wordtext><![CDATA[lights ]]></wordtext>
<picturefile>[WIDGIT]widgit rebus\l\light 1.emf</picturefile>
</word>
<word>
<wordtext><![CDATA[fog lights ]]></wordtext>
<picturefile>[WIDGIT]widgit rebus 09\symbols 9b\fog lights.emf</picturefile>
</word>
<word>
<wordtext><![CDATA[hazard lights ]]></wordtext>
<picturefile>[WIDGIT]widgit rebus 09\symbols 9b\hazard lights.emf</picturefile>
</word>
<word>
<wordtext><![CDATA[break down ]]></wordtext>
<picturefile>[WIDGIT]widgit rebus\b\break 2.emf</picturefile>
</word>
<word>
<wordtext><![CDATA[dead battery ]]></wordtext>
<picturefile>[WIDGIT]widgit rebus 09\symbols 9b\dead battery.emf</picturefile>
</word>
<word>
<wordtext><![CDATA[puncture ]]></wordtext>
<picturefile>[WIDGIT]widgit rebus 09\symbols 9b\puncture.emf</picturefile>
</word>
<word>
<wordtext><![CDATA[license ]]></wordtext>
<picturefile>[WIDGIT]widgit rebus\d\driving licence.emf</picturefile>
</word>
<word>
<wordtext><![CDATA[insurance ]]></wordtext>
<picturefile>[WIDGIT]widgit rebus\c\car tax.emf</picturefile>
</word>
<word>
<wordtext><![CDATA[tax ]]></wordtext>
<picturefile>[WIDGIT]widgit rebus\c\car tax.emf</picturefile>
</word>
<word>
<wordtext><![CDATA[car park ]]></wordtext>
<picturefile>[WIDGIT]widgit rebus\c\carpark.emf</picturefile>
</word>
<word>
<wordtext><![CDATA[car wash ]]></wordtext>
<picturefile>[WIDGIT]widgit rebus\c\car wash.emf</picturefile>
</word>
<word>
<wordtext><![CDATA[G.P.S. ]]></wordtext>
<picturefile>[WIDGIT]widgit rebus\s\satellite.emf</picturefile>
</word>
<word>
<wordtext><![CDATA[key ]]></wordtext>
<picturefile>[WIDGIT]widgit rebus\k\key.emf</picturefile>
</word>
<word>
<wordtext><![CDATA[rental ]]></wordtext>
<picturefile>[WIDGIT]widgit rebus\h\hire.emf</picturefile>
</word>
</wordlist>
