<?xml version="1.0" encoding="utf-8" ?>

<wordlist>
<word>
<wordtext><![CDATA[head ]]></wordtext>
<picturefile>[WIDGIT]widgit rebus\h\head.emf</picturefile>
</word>
<word>
<wordtext><![CDATA[throat ]]></wordtext>
<picturefile>[WIDGIT]widgit rebus\n\neck.emf</picturefile>
</word>
<word>
<wordtext><![CDATA[neck ]]></wordtext>
<picturefile>[WIDGIT]widgit rebus\n\neck.emf</picturefile>
</word>
<word>
<wordtext><![CDATA[stomach ]]></wordtext>
<picturefile>[WIDGIT]widgit rebus\s\stomach.emf</picturefile>
</word>
<word>
<wordtext><![CDATA[back ]]></wordtext>
<picturefile>[WIDGIT]widgit rebus\b\back 2.emf</picturefile>
</word>
<word>
<wordtext><![CDATA[arm ]]></wordtext>
<picturefile>[WIDGIT]widgit rebus\a\arm.emf</picturefile>
</word>
<word>
<wordtext><![CDATA[hand ]]></wordtext>
<picturefile>[WIDGIT]widgit rebus\h\hand.emf</picturefile>
</word>
<word>
<wordtext><![CDATA[finger ]]></wordtext>
<picturefile>[WIDGIT]widgit rebus\f\finger 1.emf</picturefile>
</word>
<word>
<wordtext><![CDATA[leg ]]></wordtext>
<picturefile>[WIDGIT]widgit rebus\l\leg.emf</picturefile>
</word>
<word>
<wordtext><![CDATA[foot ]]></wordtext>
<picturefile>[WIDGIT]widgit rebus\f\foot.emf</picturefile>
</word>
<word>
<wordtext><![CDATA[ankle ]]></wordtext>
<picturefile>[WIDGIT]widgit rebus\a\ankle.emf</picturefile>
</word>
<word>
<wordtext><![CDATA[toe ]]></wordtext>
<picturefile>[WIDGIT]widgit rebus\t\toe.emf</picturefile>
</word>
<word>
<wordtext><![CDATA[nail ]]></wordtext>
<picturefile>[WIDGIT]widgit rebus 06\symbols 6b\fingernail.emf</picturefile>
</word>
<word>
<wordtext><![CDATA[bottom ]]></wordtext>
<picturefile>[WIDGIT]widgit rebus sex ed\bum.emf</picturefile>
</word>
<word>
<wordtext><![CDATA[hip ]]></wordtext>
<picturefile>[WIDGIT]widgit rebus\h\hips.emf</picturefile>
</word>
<word>
<wordtext><![CDATA[headache ]]></wordtext>
<picturefile>[WIDGIT]widgit rebus\h\headache.emf</picturefile>
</word>
<word>
<wordtext><![CDATA[earache ]]></wordtext>
<picturefile>[WIDGIT]widgit rebus 06\symbols 6a\earache.emf</picturefile>
</word>
<word>
<wordtext><![CDATA[stomach ache ]]></wordtext>
<picturefile>[WIDGIT]widgit rebus\s\stomach ache.emf</picturefile>
</word>
</wordlist>
