<?xml version="1.0" encoding="utf-8" ?>

<wordlist>
<word>
<wordtext><![CDATA[drink ]]></wordtext>
<picturefile>[WIDGIT]widgit rebus\d\drink.emf</picturefile>
</word>
<word>
<wordtext><![CDATA[water ]]></wordtext>
<picturefile>[WIDGIT]widgit rebus 06\symbols 6b\glass of water.emf</picturefile>
</word>
<word>
<wordtext><![CDATA[milk ]]></wordtext>
<picturefile>[WIDGIT]widgit rebus 07\symbols 7b\milk carton.emf</picturefile>
</word>
<word>
<wordtext><![CDATA[milkshake ]]></wordtext>
<picturefile>[WIDGIT]widgit rebus\m\milk shake.emf</picturefile>
</word>
<word>
<wordtext><![CDATA[hot chocolate ]]></wordtext>
<picturefile>[WIDGIT]widgit rebus\h\hot chocolate.emf</picturefile>
</word>
<word>
<wordtext><![CDATA[tea ]]></wordtext>
<picturefile>[WIDGIT]widgit rebus\t\tea bag.emf</picturefile>
</word>
<word>
<wordtext><![CDATA[coffee ]]></wordtext>
<picturefile>[WIDGIT]widgit rebus\c\coffee.emf</picturefile>
</word>
<word>
<wordtext><![CDATA[juice ]]></wordtext>
<picturefile>[WIDGIT]widgit rebus\j\juice 1.emf</picturefile>
</word>
<word>
<wordtext><![CDATA[squash ]]></wordtext>
<picturefile>[WIDGIT]widgit rebus 04\symbols a\squash.emf</picturefile>
</word>
<word>
<wordtext><![CDATA[lemonade ]]></wordtext>
<picturefile>[WIDGIT]widgit rebus\l\lemonade.emf</picturefile>
</word>
<word>
<wordtext><![CDATA[coke ]]></wordtext>
<picturefile>[WIDGIT]widgit rebus\c\coke.emf</picturefile>
</word>
<word>
<wordtext><![CDATA[straw ]]></wordtext>
<picturefile>[WIDGIT]widgit rebus\s\straw 1.emf</picturefile>
</word>
<word>
<wordtext><![CDATA[ice ]]></wordtext>
<picturefile>[WIDGIT]widgit rebus\i\ice cube.emf</picturefile>
</word>
<word>
<wordtext><![CDATA[wine ]]></wordtext>
<picturefile>[WIDGIT]widgit rebus\w\wine.emf</picturefile>
</word>
<word>
<wordtext><![CDATA[beer ]]></wordtext>
<picturefile>[WIDGIT]widgit rebus\b\beer.emf</picturefile>
</word>
<word>
<wordtext><![CDATA[spirit ]]></wordtext>
<picturefile>[WIDGIT]widgit rebus\w\whisky.emf</picturefile>
</word>
</wordlist>
