<?xml version="1.0" encoding="utf-8" ?>

<wordlist>
<word>
<wordtext><![CDATA[doctors ]]></wordtext>
<picturefile>[WIDGIT]widgit rebus 05\symbols 5a\doctors.emf</picturefile>
</word>
<word>
<wordtext><![CDATA[hospital ]]></wordtext>
<picturefile>[WIDGIT]widgit rebus\h\hospital.emf</picturefile>
</word>
<word>
<wordtext><![CDATA[police station ]]></wordtext>
<picturefile>[WIDGIT]england\uk wrebus\police station.emf</picturefile>
</word>
<word>
<wordtext><![CDATA[airport ]]></wordtext>
<picturefile>[WIDGIT]widgit rebus\a\airport.emf</picturefile>
</word>
<word>
<wordtext><![CDATA[bus station ]]></wordtext>
<picturefile>[WIDGIT]widgit rebus\b\bus station.emf</picturefile>
</word>
<word>
<wordtext><![CDATA[bank ]]></wordtext>
<picturefile>[WIDGIT]widgit rebus\b\bank.emf</picturefile>
</word>
<word>
<wordtext><![CDATA[cinema ]]></wordtext>
<picturefile>[WIDGIT]widgit rebus\c\cinema.emf</picturefile>
</word>
<word>
<wordtext><![CDATA[gym ]]></wordtext>
<picturefile>[WIDGIT]widgit rebus\l\leisure centre.emf</picturefile>
</word>
<word>
<wordtext><![CDATA[library ]]></wordtext>
<picturefile>[WIDGIT]widgit rebus\l\library.emf</picturefile>
</word>
<word>
<wordtext><![CDATA[hotel ]]></wordtext>
<picturefile>[WIDGIT]widgit rebus\h\hotel.emf</picturefile>
</word>
<word>
<wordtext><![CDATA[school ]]></wordtext>
<picturefile>[WIDGIT]widgit rebus\s\school.emf</picturefile>
</word>
<word>
<wordtext><![CDATA[museum ]]></wordtext>
<picturefile>[WIDGIT]widgit rebus\m\museum.emf</picturefile>
</word>
<word>
<wordtext><![CDATA[swimming pool ]]></wordtext>
<picturefile>[WIDGIT]widgit rebus\s\swimming pool.emf</picturefile>
</word>
<word>
<wordtext><![CDATA[pub ]]></wordtext>
<picturefile>[WIDGIT]widgit rebus\i\inn.emf</picturefile>
</word>
<word>
<wordtext><![CDATA[building ]]></wordtext>
<picturefile>[WIDGIT]widgit rebus\b\building.emf</picturefile>
</word>
<word>
<wordtext><![CDATA[bungalow ]]></wordtext>
<picturefile>[WIDGIT]widgit rebus\b\bungalow.emf</picturefile>
</word>
<word>
<wordtext><![CDATA[house ]]></wordtext>
<picturefile>[WIDGIT]widgit rebus\h\house.emf</picturefile>
</word>
<word>
<wordtext><![CDATA[flat ]]></wordtext>
<picturefile>[WIDGIT]widgit rebus\f\flat.emf</picturefile>
</word>
<word>
<wordtext><![CDATA[castle ]]></wordtext>
<picturefile>[WIDGIT]widgit rebus\c\castle 1.emf</picturefile>
</word>
<word>
<wordtext><![CDATA[church ]]></wordtext>
<picturefile>[WIDGIT]widgit rebus\c\church.emf</picturefile>
</word>
<word>
<wordtext><![CDATA[graveyard ]]></wordtext>
<picturefile>[WIDGIT]widgit rebus\c\cemetary.emf</picturefile>
</word>
<word>
<wordtext><![CDATA[factory ]]></wordtext>
<picturefile>[WIDGIT]widgit rebus\f\factory 1.emf</picturefile>
</word>
<word>
<wordtext><![CDATA[garage ]]></wordtext>
<picturefile>[WIDGIT]widgit rebus 06\symbols 6a\garage.emf</picturefile>
</word>
<word>
<wordtext><![CDATA[petrol station ]]></wordtext>
<picturefile>[WIDGIT]widgit rebus\p\petrol station.emf</picturefile>
</word>
<word>
<wordtext><![CDATA[funfair ]]></wordtext>
<picturefile>[WIDGIT]widgit rebus\f\fair.emf</picturefile>
</word>
<word>
<wordtext><![CDATA[lighthouse ]]></wordtext>
<picturefile>[WIDGIT]widgit rebus 04\symbols b\lighthouse.emf</picturefile>
</word>
<word>
<wordtext><![CDATA[stables ]]></wordtext>
<picturefile>[WIDGIT]widgit rebus\s\stable.emf</picturefile>
</word>
<word>
<wordtext><![CDATA[theatre ]]></wordtext>
<picturefile>[WIDGIT]widgit rebus\p\play 2.emf</picturefile>
</word>
<word>
<wordtext><![CDATA[accessible ]]></wordtext>
<picturefile>[WIDGIT]widgit rebus\d\disabled access.emf</picturefile>
</word>
<word>
<wordtext><![CDATA[ramp ]]></wordtext>
<picturefile>[WIDGIT]widgit rebus\r\ramp 1.emf</picturefile>
</word>
</wordlist>
