<?xml version="1.0" encoding="utf-8" ?>

<wordlist>
<word>
<wordtext><![CDATA[wheelchair ]]></wordtext>
<picturefile>[WIDGIT]widgit rebus 05\symbols 5a\wheelchair man.emf</picturefile>
</word>
<word>
<wordtext><![CDATA[walker ]]></wordtext>
<picturefile>[WIDGIT]widgit rebus\h\hart walker.emf</picturefile>
</word>
<word>
<wordtext><![CDATA[scooter ]]></wordtext>
<picturefile>[WIDGIT]widgit rebus\s\scooter.emf</picturefile>
</word>
<word>
<wordtext><![CDATA[bike ]]></wordtext>
<picturefile>[WIDGIT]widgit rebus\c\cycle.emf</picturefile>
</word>
<word>
<wordtext><![CDATA[motorbike ]]></wordtext>
<picturefile>[WIDGIT]widgit rebus\m\motorbike.emf</picturefile>
</word>
<word>
<wordtext><![CDATA[car ]]></wordtext>
<picturefile>[WIDGIT]widgit rebus\c\car.emf</picturefile>
</word>
<word>
<wordtext><![CDATA[taxi ]]></wordtext>
<picturefile>[WIDGIT]widgit rebus\t\taxi.emf</picturefile>
</word>
<word>
<wordtext><![CDATA[van ]]></wordtext>
<picturefile>[WIDGIT]widgit rebus\v\van.emf</picturefile>
</word>
<word>
<wordtext><![CDATA[minibus ]]></wordtext>
<picturefile>[WIDGIT]widgit rebus\m\minibus.emf</picturefile>
</word>
<word>
<wordtext><![CDATA[bus ]]></wordtext>
<picturefile>[WIDGIT]widgit rebus\c\coach.emf</picturefile>
</word>
<word>
<wordtext><![CDATA[truck ]]></wordtext>
<picturefile>[WIDGIT]widgit rebus\l\lorry.emf</picturefile>
</word>
<word>
<wordtext><![CDATA[train ]]></wordtext>
<picturefile>[WIDGIT]widgit rebus\t\train.emf</picturefile>
</word>
<word>
<wordtext><![CDATA[tram ]]></wordtext>
<picturefile>[WIDGIT]widgit rebus 05\symbols 5a\tram.emf</picturefile>
</word>
<word>
<wordtext><![CDATA[ambulance ]]></wordtext>
<picturefile>[WIDGIT]widgit rebus\a\ambulance.emf</picturefile>
</word>
<word>
<wordtext><![CDATA[fire engine ]]></wordtext>
<picturefile>[WIDGIT]widgit rebus\f\fire engine.emf</picturefile>
</word>
<word>
<wordtext><![CDATA[police car ]]></wordtext>
<picturefile>[WIDGIT]widgit rebus\p\police car.emf</picturefile>
</word>
<word>
<wordtext><![CDATA[aeroplane ]]></wordtext>
<picturefile>[WIDGIT]widgit rebus\a\aeroplane.emf</picturefile>
</word>
<word>
<wordtext><![CDATA[helicopter ]]></wordtext>
<picturefile>[WIDGIT]widgit rebus\h\helicopter.emf</picturefile>
</word>
<word>
<wordtext><![CDATA[hot air balloon ]]></wordtext>
<picturefile>[WIDGIT]widgit rebus\h\hot air balloon.emf</picturefile>
</word>
<word>
<wordtext><![CDATA[skateboard ]]></wordtext>
<picturefile>[WIDGIT]widgit rebus\s\skateboard.emf</picturefile>
</word>
<word>
<wordtext><![CDATA[buggy ]]></wordtext>
<picturefile>[WIDGIT]widgit rebus\b\buggy.emf</picturefile>
</word>
<word>
<wordtext><![CDATA[hovercraft ]]></wordtext>
<picturefile>[WIDGIT]widgit rebus\h\hovercraft.emf</picturefile>
</word>
<word>
<wordtext><![CDATA[kayak ]]></wordtext>
<picturefile>[WIDGIT]widgit rebus\c\canoeing.emf</picturefile>
</word>
<word>
<wordtext><![CDATA[boat ]]></wordtext>
<picturefile>[WIDGIT]widgit rebus\b\boat.emf</picturefile>
</word>
<word>
<wordtext><![CDATA[ferry ]]></wordtext>
<picturefile>[WIDGIT]widgit rebus\f\ferry.emf</picturefile>
</word>
<word>
<wordtext><![CDATA[submarine ]]></wordtext>
<picturefile>[WIDGIT]widgit rebus topics\history\ww2\submarine.emf</picturefile>
</word>
<word>
<wordtext><![CDATA[tank ]]></wordtext>
<picturefile>[WIDGIT]widgit rebus 05\symbols 5a\tank.emf</picturefile>
</word>
<word>
<wordtext><![CDATA[racing car ]]></wordtext>
<picturefile>[WIDGIT]widgit rebus\f\f1 car.emf</picturefile>
</word>
<word>
<wordtext><![CDATA[go cart ]]></wordtext>
<picturefile>[WIDGIT]widgit rebus\g\gokart.emf</picturefile>
</word>
<word>
<wordtext><![CDATA[tractor ]]></wordtext>
<picturefile>[WIDGIT]widgit rebus\t\tractor.emf</picturefile>
</word>
</wordlist>
