<?xml version="1.0" encoding="utf-8" ?>

<wordlist>
<word>
<wordtext><![CDATA[sports ]]></wordtext>
<picturefile>[WIDGIT]widgit rebus 06\symbols 6a\sports.emf</picturefile>
</word>
<word>
<wordtext><![CDATA[aerobics ]]></wordtext>
<picturefile>[WIDGIT]widgit rebus\a\aerobics.emf</picturefile>
</word>
<word>
<wordtext><![CDATA[dancing ]]></wordtext>
<picturefile>[WIDGIT]widgit rebus\d\dance.emf</picturefile>
</word>
<word>
<wordtext><![CDATA[basketball ]]></wordtext>
<picturefile>[WIDGIT]widgit rebus\b\basket ball.emf</picturefile>
</word>
<word>
<wordtext><![CDATA[boccia ]]></wordtext>
<picturefile>[WIDGIT]widgit rebus 09\symbols 9a\boccia.emf</picturefile>
</word>
<word>
<wordtext><![CDATA[bowling ]]></wordtext>
<picturefile>[WIDGIT]widgit rebus\b\bowling.emf</picturefile>
</word>
<word>
<wordtext><![CDATA[boxing ]]></wordtext>
<picturefile>[WIDGIT]widgit rebus\f\fight.emf</picturefile>
</word>
<word>
<wordtext><![CDATA[cricket ]]></wordtext>
<picturefile>[WIDGIT]widgit rebus\c\cricket.emf</picturefile>
</word>
<word>
<wordtext><![CDATA[football ]]></wordtext>
<picturefile>[WIDGIT]widgit rebus\f\football 1.emf</picturefile>
</word>
<word>
<wordtext><![CDATA[racing ]]></wordtext>
<picturefile>[WIDGIT]widgit rebus\f\f1race.emf</picturefile>
</word>
<word>
<wordtext><![CDATA[rugby ]]></wordtext>
<picturefile>[WIDGIT]widgit rebus\r\rugby.emf</picturefile>
</word>
<word>
<wordtext><![CDATA[hockey ]]></wordtext>
<picturefile>[WIDGIT]widgit rebus\h\hockey.emf</picturefile>
</word>
<word>
<wordtext><![CDATA[netball ]]></wordtext>
<picturefile>[WIDGIT]widgit rebus\n\netball.emf</picturefile>
</word>
<word>
<wordtext><![CDATA[rounders ]]></wordtext>
<picturefile>[WIDGIT]widgit rebus\r\rounders.emf</picturefile>
</word>
<word>
<wordtext><![CDATA[athletics ]]></wordtext>
<picturefile>[WIDGIT]widgit rebus\a\athletic.emf</picturefile>
</word>
<word>
<wordtext><![CDATA[gymnastics ]]></wordtext>
<picturefile>[WIDGIT]widgit rebus\g\gymnastics.emf</picturefile>
</word>
<word>
<wordtext><![CDATA[Olympics ]]></wordtext>
<picturefile>[WIDGIT]widgit rebus\o\olympics.emf</picturefile>
</word>
<word>
<wordtext><![CDATA[running ]]></wordtext>
<picturefile>[WIDGIT]widgit rebus\r\run.emf</picturefile>
</word>
<word>
<wordtext><![CDATA[badminton ]]></wordtext>
<picturefile>[WIDGIT]widgit rebus\b\badminton.emf</picturefile>
</word>
<word>
<wordtext><![CDATA[tennis ]]></wordtext>
<picturefile>[WIDGIT]widgit rebus\t\tennis.emf</picturefile>
</word>
<word>
<wordtext><![CDATA[baseball ]]></wordtext>
<picturefile>[WIDGIT]widgit rebus\b\baseball.emf</picturefile>
</word>
<word>
<wordtext><![CDATA[darts ]]></wordtext>
<picturefile>[WIDGIT]widgit rebus\d\darts.emf</picturefile>
</word>
<word>
<wordtext><![CDATA[snooker ]]></wordtext>
<picturefile>[WIDGIT]widgit rebus\s\snooker 1.emf</picturefile>
</word>
<word>
<wordtext><![CDATA[swimming ]]></wordtext>
<picturefile>[WIDGIT]widgit rebus\s\swim.emf</picturefile>
</word>
<word>
<wordtext><![CDATA[diving ]]></wordtext>
<picturefile>[WIDGIT]widgit rebus\d\dive.emf</picturefile>
</word>
<word>
<wordtext><![CDATA[skating ]]></wordtext>
<picturefile>[WIDGIT]widgit rebus\f\figure skating.emf</picturefile>
</word>
<word>
<wordtext><![CDATA[golf ]]></wordtext>
<picturefile>[WIDGIT]widgit rebus\g\golf.emf</picturefile>
</word>
<word>
<wordtext><![CDATA[horse riding ]]></wordtext>
<picturefile>[WIDGIT]widgit rebus\r\ride.emf</picturefile>
</word>
<word>
<wordtext><![CDATA[martial arts ]]></wordtext>
<picturefile>[WIDGIT]widgit rebus\k\karate.emf</picturefile>
</word>
<word>
<wordtext><![CDATA[judo ]]></wordtext>
<picturefile>[WIDGIT]widgit rebus\j\judo.emf</picturefile>
</word>
<word>
<wordtext><![CDATA[skiing ]]></wordtext>
<picturefile>[WIDGIT]widgit rebus\s\skiing.emf</picturefile>
</word>
<word>
<wordtext><![CDATA[kayaking ]]></wordtext>
<picturefile>[WIDGIT]widgit rebus\c\canoeing.emf</picturefile>
</word>
<word>
<wordtext><![CDATA[sailing ]]></wordtext>
<picturefile>[WIDGIT]widgit rebus\s\sailing.emf</picturefile>
</word>
<word>
<wordtext><![CDATA[surfing ]]></wordtext>
<picturefile>[WIDGIT]widgit rebus\s\surfing.emf</picturefile>
</word>
<word>
<wordtext><![CDATA[wrestling ]]></wordtext>
<picturefile>[WIDGIT]widgit rebus 05\symbols 5a\wrestle.emf</picturefile>
</word>
<word>
<wordtext><![CDATA[yoga ]]></wordtext>
<picturefile>[WIDGIT]widgit rebus 06\symbols 6b\yoga.emf</picturefile>
</word>
</wordlist>
