<?xml version="1.0" encoding="utf-8" ?>

<wordlist>
<word>
<wordtext><![CDATA[1p ]]></wordtext>
<picturefile>[WIDGIT]england\uk wrebus\1p.emf</picturefile>
</word>
<word>
<wordtext><![CDATA[2p ]]></wordtext>
<picturefile>[WIDGIT]england\uk wrebus\2p.emf</picturefile>
</word>
<word>
<wordtext><![CDATA[5p ]]></wordtext>
<picturefile>[WIDGIT]england\uk wrebus\5p.emf</picturefile>
</word>
<word>
<wordtext><![CDATA[10p ]]></wordtext>
<picturefile>[WIDGIT]england\uk wrebus\10p.emf</picturefile>
</word>
<word>
<wordtext><![CDATA[20p ]]></wordtext>
<picturefile>[WIDGIT]england\uk wrebus\20p.emf</picturefile>
</word>
<word>
<wordtext><![CDATA[50p ]]></wordtext>
<picturefile>[WIDGIT]england\uk wrebus\50p.emf</picturefile>
</word>
<word>
<wordtext><![CDATA[1 pound ]]></wordtext>
<picturefile>[WIDGIT]england\uk wrebus\1 pound.emf</picturefile>
</word>
<word>
<wordtext><![CDATA[2 pounds ]]></wordtext>
<picturefile>[WIDGIT]england\uk wrebus\2 pounds.emf</picturefile>
</word>
<word>
<wordtext><![CDATA[5 pounds ]]></wordtext>
<picturefile>[WIDGIT]england\uk wrebus\5 pounds.emf</picturefile>
</word>
<word>
<wordtext><![CDATA[10 pounds ]]></wordtext>
<picturefile>[WIDGIT]england\uk wrebus\10 pounds.emf</picturefile>
</word>
<word>
<wordtext><![CDATA[£ ]]></wordtext>
<picturefile>[WIDGIT]widgit rebus 04\symbols c\pound sign.emf</picturefile>
</word>
<word>
<wordtext><![CDATA[pence ]]></wordtext>
<picturefile>[WIDGIT]widgit rebus\p\p 1.emf</picturefile>
</word>
</wordlist>
