<?xml version="1.0" encoding="utf-8" ?>

<sensorygrid>
<grid>
<rows>5</rows>
<cols>7</cols>
<selfclosing>0</selfclosing>
<titlebartext></titlebartext>
<customblockscan>1</customblockscan>
<predictionsource>0</predictionsource>
<oskcellratio>0</oskcellratio>
<background style="0">
<backcolour>12171705</backcolour>
<backcolour2>14737632</backcolour2>
</background>
<cells>
<cell x="1" y="1">
<caption><![CDATA[go back]]></caption>
<tooltip><![CDATA[go back]]></tooltip>
<picture>[GRID2X]jump.back.wmf</picture>
<scanblock>1</scanblock>
<directactivate>1</directactivate>
<hidden>0</hidden>
<stylepreset>Jump Home &amp; back</stylepreset>
<commands>
<command>
<id>jump.back</id>
</command>
</commands>
</cell>
<cell x="2" y="1">
<caption><![CDATA[Jump back to the previous page]]></caption>
<tooltip><![CDATA[Jump back to the previous page]]></tooltip>
<scanblock>1</scanblock>
<hidden>0</hidden>
<stylepreset>transparent</stylepreset>
<commands>
<command>
<id>type</id>
<parameter index="1"><![CDATA[Jump back to the previous page ]]></parameter>
</command>
</commands>
</cell>
<cell x="3" y="1">
<caption><![CDATA[home]]></caption>
<tooltip><![CDATA[home]]></tooltip>
<picture>[GRID2X]jump.home.wmf</picture>
<scanblock>1</scanblock>
<directactivate>2</directactivate>
<hidden>0</hidden>
<stylepreset>Jump Home &amp; back</stylepreset>
<commands>
<command>
<id>jump.home</id>
</command>
</commands>
</cell>
<cell x="4" y="1">
<caption><![CDATA[Jump to the Home/Start Page]]></caption>
<tooltip><![CDATA[Jump to the Home/Start Page]]></tooltip>
<scanblock>1</scanblock>
<hidden>0</hidden>
<stylepreset>transparent</stylepreset>
<commands>
<command>
<id>type</id>
<parameter index="1"><![CDATA[Jump to the Home/Start Page ]]></parameter>
</command>
</commands>
</cell>
<cell x="5" y="1">
<caption><![CDATA[Jump to Self Closing Page]]></caption>
<tooltip><![CDATA[Jump to Self Closing Page]]></tooltip>
<scanblock>1</scanblock>
<hidden>0</hidden>
<stylepreset>Self Closing Page</stylepreset>
<commands>
<command>
<id>speaknow</id>
<parameter index="1"><![CDATA[Jump to Self Closing Page]]></parameter>
<parameter index="2"><![CDATA[0]]></parameter>
</command>
</commands>
</cell>
<cell x="6" y="1">
<scanblock>1</scanblock>
<hidden>0</hidden>
<stylepreset>Blank cell (no style)</stylepreset>
</cell>
<cell x="7" y="1">
<scanblock>1</scanblock>
<hidden>0</hidden>
<stylepreset>Blank cell (no style)</stylepreset>
</cell>
<cell x="1" y="2">
<caption><![CDATA[Jump to a new page]]></caption>
<tooltip><![CDATA[Jump to a new page]]></tooltip>
<scanblock>1</scanblock>
<hidden>0</hidden>
<stylepreset>Jump cell</stylepreset>
<commands>
<command>
<id>speaknow</id>
<parameter index="1"><![CDATA[Jump to a new page]]></parameter>
<parameter index="2"><![CDATA[0]]></parameter>
</command>
</commands>
</cell>
<cell x="2" y="2">
<scanblock>1</scanblock>
<hidden>0</hidden>
<stylepreset>Blank cell (no style)</stylepreset>
</cell>
<cell x="3" y="2">
<caption><![CDATA[Jump and Speak]]></caption>
<tooltip><![CDATA[Jump and Speak]]></tooltip>
<scanblock>1</scanblock>
<hidden>0</hidden>
<stylepreset>Jump and Speak</stylepreset>
<commands>
<command>
<id>type</id>
<parameter index="1"><![CDATA[Jump and Speak ]]></parameter>
</command>
</commands>
</cell>
<cell x="4" y="2">
<scanblock>1</scanblock>
<hidden>0</hidden>
<stylepreset>Blank cell (no style)</stylepreset>
</cell>
<cell x="5" y="2">
<caption><![CDATA[Jump to Keyboard and Numbers]]></caption>
<tooltip><![CDATA[Jump to Keyboard and Numbers]]></tooltip>
<scanblock>1</scanblock>
<hidden>0</hidden>
<stylepreset>Jump to Keyboard</stylepreset>
<commands>
<command>
<id>speaknow</id>
<parameter index="1"><![CDATA[Jump to Keyboard and Numbers]]></parameter>
<parameter index="2"><![CDATA[0]]></parameter>
</command>
</commands>
</cell>
<cell x="6" y="2">
<scanblock>1</scanblock>
<hidden>0</hidden>
<stylepreset>Blank cell (no style)</stylepreset>
</cell>
<cell x="7" y="2">
<scanblock>1</scanblock>
<hidden>0</hidden>
<stylepreset>Blank cell (no style)</stylepreset>
</cell>
<cell x="1" y="3">
<caption><![CDATA[speak]]></caption>
<tooltip><![CDATA[speak]]></tooltip>
<picture>[GRID2X]action.speakall.wmf</picture>
<scanblock>1</scanblock>
<directactivate>3</directactivate>
<hidden>0</hidden>
<stylepreset>Action cell</stylepreset>
<commands>
<command>
<id>speaknow</id>
<parameter index="1"><![CDATA[Speak all the text in the workspace (you can also speak the workspace by selecting it)]]></parameter>
<parameter index="2"><![CDATA[0]]></parameter>
</command>
</commands>
</cell>
<cell x="2" y="3">
<caption><![CDATA[Speak all the text in the workspace (or hit the workspace to speak)]]></caption>
<tooltip><![CDATA[Speak all the text in the workspace (or hit the workspace to speak)]]></tooltip>
<scanblock>1</scanblock>
<hidden>0</hidden>
<stylepreset>transparent</stylepreset>
<commands>
<command>
<id>type</id>
<parameter index="1"><![CDATA[Speak all the text in the workspace (or hit the workspace to speak)]]></parameter>
</command>
</commands>
</cell>
<cell x="3" y="3">
<caption><![CDATA[rub out]]></caption>
<tooltip><![CDATA[rub out]]></tooltip>
<picture>[GRID2X]type.deleteword.wmf</picture>
<scanblock>1</scanblock>
<directactivate>4</directactivate>
<hidden>0</hidden>
<stylepreset>Action cell</stylepreset>
<commands>
<command>
<id>speaknow</id>
<parameter index="1"><![CDATA[Deletes the last word/phrase typed]]></parameter>
<parameter index="2"><![CDATA[0]]></parameter>
</command>
</commands>
</cell>
<cell x="4" y="3">
<caption><![CDATA[Deletes the last word/phrase typed]]></caption>
<tooltip><![CDATA[Deletes the last word/phrase typed]]></tooltip>
<scanblock>1</scanblock>
<hidden>0</hidden>
<stylepreset>transparent</stylepreset>
<commands>
<command>
<id>type</id>
<parameter index="1"><![CDATA[Deletes the last word/phrase typed ]]></parameter>
</command>
</commands>
</cell>
<cell x="5" y="3">
<caption><![CDATA[clear]]></caption>
<tooltip><![CDATA[clear]]></tooltip>
<picture>[GRID2X]action.clear.wmf</picture>
<scanblock>1</scanblock>
<hidden>0</hidden>
<stylepreset>Action cell</stylepreset>
<commands>
<command>
<id>speaknow</id>
<parameter index="1"><![CDATA[Clears the sentence bar ]]></parameter>
<parameter index="2"><![CDATA[0]]></parameter>
</command>
</commands>
</cell>
<cell x="6" y="3">
<caption><![CDATA[Clears the sentence bar ]]></caption>
<tooltip><![CDATA[Clears the sentence bar ]]></tooltip>
<scanblock>1</scanblock>
<hidden>0</hidden>
<stylepreset>transparent</stylepreset>
<commands>
<command>
<id>type</id>
<parameter index="1"><![CDATA[Clears the sentence bar ]]></parameter>
</command>
</commands>
</cell>
<cell x="7" y="3">
<scanblock>1</scanblock>
<hidden>0</hidden>
<stylepreset>Blank cell (no style)</stylepreset>
</cell>
<cell x="1" y="4">
<caption><![CDATA[Sentence 
Starters]]></caption>
<tooltip><![CDATA[Sentence  Starters]]></tooltip>
<scanblock>1</scanblock>
<hidden>0</hidden>
<stylepreset>Starter</stylepreset>
<commands>
<command>
<id>type</id>
<parameter index="1"><![CDATA[Sentence Starters]]></parameter>
</command>
</commands>
</cell>
<cell x="2" y="4">
<scanblock>1</scanblock>
<hidden>0</hidden>
<stylepreset>Blank cell (no style)</stylepreset>
</cell>
<cell x="3" y="4">
<caption><![CDATA[Phrases
(Second part of sentence)]]></caption>
<tooltip><![CDATA[Phrases (Second part of sentence)]]></tooltip>
<scanblock>1</scanblock>
<hidden>0</hidden>
<stylepreset>Vocab cell</stylepreset>
<commands>
<command>
<id>speaknow</id>
<parameter index="1"><![CDATA[Phrases (Second part of sentence)]]></parameter>
<parameter index="2"><![CDATA[0]]></parameter>
</command>
</commands>
</cell>
<cell x="4" y="4">
<scanblock>1</scanblock>
<hidden>0</hidden>
<stylepreset>Blank cell (no style)</stylepreset>
</cell>
<cell x="5" y="4">
<scanblock>1</scanblock>
<hidden>0</hidden>
<stylepreset>Blank cell (no style)</stylepreset>
</cell>
<cell x="6" y="4">
<scanblock>1</scanblock>
<hidden>0</hidden>
<stylepreset>Blank cell (no style)</stylepreset>
</cell>
<cell x="7" y="4">
<scanblock>1</scanblock>
<hidden>0</hidden>
<stylepreset>Blank cell (no style)</stylepreset>
</cell>
<cell x="1" y="5">
<caption><![CDATA[Words]]></caption>
<tooltip><![CDATA[Words]]></tooltip>
<scanblock>1</scanblock>
<hidden>0</hidden>
<stylepreset>Auto content cell</stylepreset>
<commands>
<command>
<id>speaknow</id>
<parameter index="1"><![CDATA[Words]]></parameter>
<parameter index="2"><![CDATA[0]]></parameter>
</command>
</commands>
</cell>
<cell x="2" y="5">
<scanblock>1</scanblock>
<hidden>0</hidden>
<stylepreset>Blank cell (no style)</stylepreset>
</cell>
<cell x="3" y="5">
<caption><![CDATA[More Words]]></caption>
<tooltip><![CDATA[More Words]]></tooltip>
<picture>[GRID2X]autocells.nextpage.wmf</picture>
<scanblock>1</scanblock>
<directactivate>8</directactivate>
<hidden>0</hidden>
<stylepreset>Auto content cell</stylepreset>
<commands>
<command>
<id>speaknow</id>
<parameter index="1"><![CDATA[Scrolls through the words in a wordlist ]]></parameter>
<parameter index="2"><![CDATA[0]]></parameter>
</command>
</commands>
</cell>
<cell x="4" y="5">
<caption><![CDATA[Scrolls through the words in a wordlist 
]]></caption>
<tooltip><![CDATA[Scrolls through the words in a wordlist  ]]></tooltip>
<scanblock>1</scanblock>
<hidden>0</hidden>
<stylepreset>transparent</stylepreset>
<commands>
<command>
<id>type</id>
<parameter index="1"><![CDATA[Scrolls through the words in a wordlist (Level B Only) ]]></parameter>
</command>
</commands>
</cell>
<cell x="5" y="5">
<scanblock>1</scanblock>
<hidden>0</hidden>
<stylepreset>Blank cell (no style)</stylepreset>
</cell>
<cell x="6" y="5">
<scanblock>1</scanblock>
<hidden>0</hidden>
<stylepreset>Blank cell (no style)</stylepreset>
</cell>
<cell x="7" y="5">
<scanblock>1</scanblock>
<hidden>0</hidden>
<stylepreset>Blank cell (no style)</stylepreset>
</cell>
</cells>
</grid>
</sensorygrid>
