<?xml version="1.0" encoding="utf-8" ?>

<wordlist>
<word>
<wordtext><![CDATA[animal ]]></wordtext>
<picturefile>[WIDGIT]widgit rebus\a\animals.emf</picturefile>
</word>
<word>
<wordtext><![CDATA[colour ]]></wordtext>
<picturefile>[WIDGIT]widgit rebus\c\colours.emf</picturefile>
</word>
<word>
<wordtext><![CDATA[drink ]]></wordtext>
<picturefile>[WIDGIT]widgit rebus\d\drink(g).emf</picturefile>
</word>
<word>
<wordtext><![CDATA[food ]]></wordtext>
<picturefile>[WIDGIT]widgit rebus\f\food.emf</picturefile>
</word>
<word>
<wordtext><![CDATA[lesson ]]></wordtext>
<picturefile>[WIDGIT]widgit rebus\l\lesson.emf</picturefile>
</word>
<word>
<wordtext><![CDATA[TV show ]]></wordtext>
<picturefile>[WIDGIT]widgit rebus\t\tv program.emf</picturefile>
</word>
<word>
<wordtext><![CDATA[team ]]></wordtext>
<picturefile>[WIDGIT]widgit rebus\m\my group.emf</picturefile>
</word>
<word>
<wordtext><![CDATA[sport ]]></wordtext>
<picturefile>[WIDGIT]widgit rebus 06\symbols 6a\sports.emf</picturefile>
</word>
<word>
<wordtext><![CDATA[shop ]]></wordtext>
<picturefile>[WIDGIT]widgit rebus\s\shop.emf</picturefile>
</word>
<word>
<wordtext><![CDATA[music ]]></wordtext>
<picturefile>[WIDGIT]widgit rebus\m\music.emf</picturefile>
</word>
<word>
<wordtext><![CDATA[band ]]></wordtext>
<picturefile>[WIDGIT]widgit rebus\b\band.emf</picturefile>
</word>
<word>
<wordtext><![CDATA[singer ]]></wordtext>
<picturefile>[WIDGIT]widgit rebus 04\symbols b\singer male.emf</picturefile>
</word>
<word>
<wordtext><![CDATA[song ]]></wordtext>
<picturefile>[WIDGIT]widgit rebus\s\song.emf</picturefile>
</word>
<word>
<wordtext><![CDATA[album ]]></wordtext>
<picturefile>[WIDGIT]widgit rebus\r\record.emf</picturefile>
</word>
<word>
<wordtext><![CDATA[thing ]]></wordtext>
<picturefile>[WIDGIT]widgit rebus\t\things 1.emf</picturefile>
</word>
</wordlist>
