<?xml version="1.0" encoding="utf-8" ?>

<wordlist>
<word>
<wordtext><![CDATA[short ]]></wordtext>
<picturefile>[WIDGIT]widgit rebus\s\short 1.emf</picturefile>
</word>
<word>
<wordtext><![CDATA[tall ]]></wordtext>
<picturefile>[WIDGIT]widgit rebus\t\tall.emf</picturefile>
</word>
<word>
<wordtext><![CDATA[slim ]]></wordtext>
<picturefile>[WIDGIT]widgit rebus\s\skinny.emf</picturefile>
</word>
<word>
<wordtext><![CDATA[fat ]]></wordtext>
<picturefile>[WIDGIT]widgit rebus\f\fat 1.emf</picturefile>
</word>
<word>
<wordtext><![CDATA[strong ]]></wordtext>
<picturefile>[WIDGIT]widgit rebus\s\strong.emf</picturefile>
</word>
<word>
<wordtext><![CDATA[weak ]]></wordtext>
<picturefile>[WIDGIT]widgit rebus topics\science maths\weak.emf</picturefile>
</word>
<word>
<wordtext><![CDATA[clever ]]></wordtext>
<picturefile>[WIDGIT]widgit rebus\c\clever.emf</picturefile>
</word>
<word>
<wordtext><![CDATA[stupid ]]></wordtext>
<picturefile>[WIDGIT]widgit rebus\s\silly.emf</picturefile>
</word>
<word>
<wordtext><![CDATA[dead ]]></wordtext>
<picturefile>[WIDGIT]widgit rebus\d\dead.emf</picturefile>
</word>
<word>
<wordtext><![CDATA[alive ]]></wordtext>
<picturefile>[WIDGIT]widgit rebus\w\well 1.emf</picturefile>
</word>
<word>
<wordtext><![CDATA[funny ]]></wordtext>
<picturefile>[WIDGIT]widgit rebus\l\laugh.emf</picturefile>
</word>
<word>
<wordtext><![CDATA[serious ]]></wordtext>
<picturefile>[WIDGIT]widgit rebus\n\not funny.emf</picturefile>
</word>
<word>
<wordtext><![CDATA[pretty ]]></wordtext>
<picturefile>[WIDGIT]widgit rebus\p\pretty.emf</picturefile>
</word>
<word>
<wordtext><![CDATA[handsome ]]></wordtext>
<picturefile>[WIDGIT]widgit rebus\h\handsome.emf</picturefile>
</word>
<word>
<wordtext><![CDATA[ugly ]]></wordtext>
<picturefile>[WIDGIT]widgit rebus\u\ugly.emf</picturefile>
</word>
<word>
<wordtext><![CDATA[messy ]]></wordtext>
<picturefile>[WIDGIT]widgit rebus 04\symbols b\scruffy1.emf</picturefile>
</word>
<word>
<wordtext><![CDATA[neat ]]></wordtext>
<picturefile>[WIDGIT]widgit rebus 04\symbols b\neat1.emf</picturefile>
</word>
<word>
<wordtext><![CDATA[noisy ]]></wordtext>
<picturefile>[WIDGIT]widgit rebus\n\noise.emf</picturefile>
</word>
<word>
<wordtext><![CDATA[quiet ]]></wordtext>
<picturefile>[WIDGIT]widgit rebus\q\quiet.emf</picturefile>
</word>
<word>
<wordtext><![CDATA[shy ]]></wordtext>
<picturefile>[WIDGIT]widgit rebus\s\shy.emf</picturefile>
</word>
<word>
<wordtext><![CDATA[silly ]]></wordtext>
<picturefile>[WIDGIT]widgit rebus\s\silly.emf</picturefile>
</word>
<word>
<wordtext><![CDATA[clean ]]></wordtext>
<picturefile>[WIDGIT]widgit rebus\c\clean 1.emf</picturefile>
</word>
<word>
<wordtext><![CDATA[dirty ]]></wordtext>
<picturefile>[WIDGIT]widgit rebus 05\symbols 5a\filthy.emf</picturefile>
</word>
<word>
<wordtext><![CDATA[well behaved ]]></wordtext>
<picturefile>[WIDGIT]widgit rebus 06\symbols 6a\im fine.emf</picturefile>
</word>
<word>
<wordtext><![CDATA[naughty ]]></wordtext>
<picturefile>[WIDGIT]widgit rebus\n\naughty.emf</picturefile>
</word>
</wordlist>
