<?xml version="1.0" encoding="utf-8" ?>

<wordlist>
<word>
<wordtext><![CDATA[pet ]]></wordtext>
<picturefile>[WIDGIT]widgit rebus\p\pets.emf</picturefile>
</word>
<word>
<wordtext><![CDATA[animal ]]></wordtext>
<picturefile>[WIDGIT]widgit rebus\a\animals.emf</picturefile>
</word>
<word>
<wordtext><![CDATA[baby ]]></wordtext>
<picturefile>[WIDGIT]widgit rebus 03\feb 03\baby animals.emf</picturefile>
</word>
<word>
<wordtext><![CDATA[cat ]]></wordtext>
<picturefile>[WIDGIT]widgit rebus\c\cat.emf</picturefile>
</word>
<word>
<wordtext><![CDATA[kitten ]]></wordtext>
<picturefile>[WIDGIT]widgit rebus\k\kitten.emf</picturefile>
</word>
<word>
<wordtext><![CDATA[dog ]]></wordtext>
<picturefile>[WIDGIT]widgit rebus\c\cattle dog.emf</picturefile>
</word>
<word>
<wordtext><![CDATA[puppy ]]></wordtext>
<picturefile>[WIDGIT]widgit rebus\p\puppy.emf</picturefile>
</word>
<word>
<wordtext><![CDATA[rabbit ]]></wordtext>
<picturefile>[WIDGIT]widgit rebus\r\rabbit.emf</picturefile>
</word>
<word>
<wordtext><![CDATA[mouse ]]></wordtext>
<picturefile>[WIDGIT]widgit rebus\m\mouse 1.emf</picturefile>
</word>
<word>
<wordtext><![CDATA[guinea pig ]]></wordtext>
<picturefile>[WIDGIT]widgit rebus\g\guineapig.emf</picturefile>
</word>
<word>
<wordtext><![CDATA[hamster ]]></wordtext>
<picturefile>[WIDGIT]widgit rebus\h\hamster.emf</picturefile>
</word>
<word>
<wordtext><![CDATA[bird ]]></wordtext>
<picturefile>[WIDGIT]widgit rebus\b\bird.emf</picturefile>
</word>
<word>
<wordtext><![CDATA[fish ]]></wordtext>
<picturefile>[WIDGIT]widgit rebus\f\fish 1.emf</picturefile>
</word>
<word>
<wordtext><![CDATA[horse ]]></wordtext>
<picturefile>[WIDGIT]widgit rebus\h\horse.emf</picturefile>
</word>
<word>
<wordtext><![CDATA[foal ]]></wordtext>
<picturefile>[WIDGIT]widgit rebus\f\foal.emf</picturefile>
</word>
</wordlist>
