<?xml version="1.0" encoding="utf-8" ?>

<wordlist>
<word>
<wordtext><![CDATA[face ]]></wordtext>
<picturefile>[WIDGIT]widgit rebus\f\face.emf</picturefile>
</word>
<word>
<wordtext><![CDATA[ear ]]></wordtext>
<picturefile>[WIDGIT]widgit rebus\e\ear.emf</picturefile>
</word>
<word>
<wordtext><![CDATA[eyes ]]></wordtext>
<picturefile>[WIDGIT]widgit rebus\e\eyes.emf</picturefile>
</word>
<word>
<wordtext><![CDATA[eye ]]></wordtext>
<picturefile>[WIDGIT]widgit rebus\e\eye.emf</picturefile>
</word>
<word>
<wordtext><![CDATA[eyebrows ]]></wordtext>
<picturefile>[WIDGIT]widgit rebus\e\eyebrow.emf</picturefile>
</word>
<word>
<wordtext><![CDATA[eyelashes  ]]></wordtext>
<picturefile>[WIDGIT]widgit rebus\e\eyelashes.emf</picturefile>
</word>
<word>
<wordtext><![CDATA[mouth ]]></wordtext>
<picturefile>[WIDGIT]widgit rebus 04\symbols b\mouth 2.emf</picturefile>
</word>
<word>
<wordtext><![CDATA[teeth ]]></wordtext>
<picturefile>[WIDGIT]widgit rebus\t\teeth.emf</picturefile>
</word>
<word>
<wordtext><![CDATA[tongue ]]></wordtext>
<picturefile>[WIDGIT]widgit rebus\t\tongue.emf</picturefile>
</word>
<word>
<wordtext><![CDATA[gum ]]></wordtext>
<picturefile>[WIDGIT]widgit rebus\g\gum.emf</picturefile>
</word>
<word>
<wordtext><![CDATA[lips ]]></wordtext>
<picturefile>[WIDGIT]widgit rebus\l\lips.emf</picturefile>
</word>
<word>
<wordtext><![CDATA[nose ]]></wordtext>
<picturefile>[WIDGIT]widgit rebus\n\nose.emf</picturefile>
</word>
<word>
<wordtext><![CDATA[cheeks ]]></wordtext>
<picturefile>[WIDGIT]widgit rebus\c\cheek.emf</picturefile>
</word>
<word>
<wordtext><![CDATA[chin ]]></wordtext>
<picturefile>[WIDGIT]widgit rebus 06\symbols 6b\chin.emf</picturefile>
</word>
<word>
<wordtext><![CDATA[forehead ]]></wordtext>
<picturefile>[WIDGIT]widgit rebus\f\forehead.emf</picturefile>
</word>
<word>
<wordtext><![CDATA[hair ]]></wordtext>
<picturefile>[WIDGIT]widgit rebus\h\hair.emf</picturefile>
</word>
</wordlist>
