<?xml version="1.0" encoding="utf-8" ?>

<wordlist>
<word>
<wordtext><![CDATA[cold ]]></wordtext>
<picturefile>[WIDGIT]widgit rebus\s\shiver.emf</picturefile>
</word>
<word>
<wordtext><![CDATA[hot ]]></wordtext>
<picturefile>[WIDGIT]widgit rebus\s\sweat.emf</picturefile>
</word>
<word>
<wordtext><![CDATA[sunny ]]></wordtext>
<picturefile>[WIDGIT]widgit rebus\s\sunny.emf</picturefile>
</word>
<word>
<wordtext><![CDATA[cloudy ]]></wordtext>
<picturefile>[WIDGIT]widgit rebus\d\dull.emf</picturefile>
</word>
<word>
<wordtext><![CDATA[foggy ]]></wordtext>
<picturefile>[WIDGIT]widgit rebus\f\fog.emf</picturefile>
</word>
<word>
<wordtext><![CDATA[raining ]]></wordtext>
<picturefile>[WIDGIT]widgit rebus\r\rain.emf</picturefile>
</word>
<word>
<wordtext><![CDATA[windy ]]></wordtext>
<picturefile>[WIDGIT]widgit rebus\w\wind.emf</picturefile>
</word>
<word>
<wordtext><![CDATA[stormy ]]></wordtext>
<picturefile>[WIDGIT]widgit rebus\s\storm.emf</picturefile>
</word>
<word>
<wordtext><![CDATA[thunder ]]></wordtext>
<picturefile>[WIDGIT]widgit rebus\t\thunder.emf</picturefile>
</word>
<word>
<wordtext><![CDATA[lightning ]]></wordtext>
<picturefile>[WIDGIT]widgit rebus\l\lightening.emf</picturefile>
</word>
<word>
<wordtext><![CDATA[frosty ]]></wordtext>
<picturefile>[WIDGIT]widgit rebus\c\cold.emf</picturefile>
</word>
<word>
<wordtext><![CDATA[snowing ]]></wordtext>
<picturefile>[WIDGIT]widgit rebus\s\snow.emf</picturefile>
</word>
<word>
<wordtext><![CDATA[foggy ]]></wordtext>
<picturefile>[WIDGIT]widgit rebus\f\fog.emf</picturefile>
</word>
<word>
<wordtext><![CDATA[fine ]]></wordtext>
<picturefile>[WIDGIT]widgit rebus\f\fine weather.emf</picturefile>
</word>
<word>
<wordtext><![CDATA[terrible ]]></wordtext>
<picturefile>[WIDGIT]widgit rebus\t\terrible.emf</picturefile>
</word>
<word>
<wordtext><![CDATA[beautiful ]]></wordtext>
<picturefile>[WIDGIT]widgit rebus\b\beautiful.emf</picturefile>
</word>
</wordlist>
