<?xml version="1.0" encoding="utf-8" ?>

<sensorygrid>
<grid workspace_x="3" workspace_y="1">
<rows>5</rows>
<cols>7</cols>
<selfclosing>0</selfclosing>
<titlebartext></titlebartext>
<customblockscan>1</customblockscan>
<predictionsource>0</predictionsource>
<oskcellratio>0</oskcellratio>
<background style="0">
<backcolour>14737632</backcolour>
<backcolour2>14737632</backcolour2>
</background>
<cells>
<cell x="1" y="1">
<caption><![CDATA[go back]]></caption>
<tooltip><![CDATA[go back]]></tooltip>
<picture>[GRID2X]jump.back.wmf</picture>
<scanblock>1</scanblock>
<directactivate>1</directactivate>
<hidden>0</hidden>
<stylepreset>Jump Home &amp; back</stylepreset>
<commands>
<command>
<id>jump.back</id>
</command>
</commands>
</cell>
<cell x="2" y="1">
<caption><![CDATA[Sentence Starters]]></caption>
<tooltip><![CDATA[Sentence Starters]]></tooltip>
<scanblock>1</scanblock>
<hidden>0</hidden>
<stylepreset>Self Closing Page</stylepreset>
<commands>
<command>
<id>jump.to</id>
<parameter index="1"><![CDATA[Sentence Starters]]></parameter>
</command>
</commands>
</cell>
<cell x="3" y="1">
<magnifyx>3</magnifyx>
<scanblock>1</scanblock>
<hidden>0</hidden>
<stylepreset>Blank cell (no style)</stylepreset>
</cell>
<cell x="4" y="1">
<scanblock>1</scanblock>
<hidden>0</hidden>
<stylepreset>Blank cell (no style)</stylepreset>
</cell>
<cell x="5" y="1">
<scanblock>1</scanblock>
<hidden>0</hidden>
<stylepreset>Blank cell (no style)</stylepreset>
</cell>
<cell x="6" y="1">
<caption><![CDATA[backspace]]></caption>
<tooltip><![CDATA[backspace]]></tooltip>
<picture>png</picture>
<scanblock>1</scanblock>
<hidden>0</hidden>
<stylepreset>Action cell</stylepreset>
<commands>
<command>
<id>type</id>
<parameter index="1"><![CDATA[{backspace}]]></parameter>
</command>
</commands>
</cell>
<cell x="7" y="1">
<caption><![CDATA[rub out]]></caption>
<tooltip><![CDATA[rub out]]></tooltip>
<picture>[GRID2X]type.deleteword.wmf</picture>
<scanblock>1</scanblock>
<hidden>0</hidden>
<stylepreset>Action cell</stylepreset>
<commands>
<command>
<id>type.deleteword</id>
</command>
</commands>
</cell>
<cell x="1" y="2">
<caption><![CDATA[.]]></caption>
<tooltip><![CDATA[.]]></tooltip>
<scanblock>2</scanblock>
<hidden>0</hidden>
<stylepreset>Keyboard key - extra</stylepreset>
<commands>
<command>
<id>type</id>
<parameter index="1"><![CDATA[{.}]]></parameter>
<parameter index="4"><![CDATA[0]]></parameter>
</command>
</commands>
</cell>
<cell x="2" y="2">
<caption><![CDATA[,]]></caption>
<tooltip><![CDATA[,]]></tooltip>
<scanblock>2</scanblock>
<hidden>0</hidden>
<stylepreset>Keyboard key - extra</stylepreset>
<commands>
<command>
<id>type</id>
<parameter index="1"><![CDATA[{,}]]></parameter>
</command>
</commands>
</cell>
<cell x="3" y="2">
<caption><![CDATA[?]]></caption>
<tooltip><![CDATA[?]]></tooltip>
<scanblock>2</scanblock>
<hidden>0</hidden>
<stylepreset>Keyboard key - extra</stylepreset>
<commands>
<command>
<id>type</id>
<parameter index="1"><![CDATA[{?}]]></parameter>
<parameter index="4"><![CDATA[0]]></parameter>
</command>
</commands>
</cell>
<cell x="4" y="2">
<caption><![CDATA[!]]></caption>
<tooltip><![CDATA[!]]></tooltip>
<scanblock>2</scanblock>
<hidden>0</hidden>
<stylepreset>Keyboard key - extra</stylepreset>
<commands>
<command>
<id>type</id>
<parameter index="1"><![CDATA[{!}]]></parameter>
</command>
</commands>
</cell>
<cell x="5" y="2">
<caption><![CDATA[']]></caption>
<tooltip><![CDATA[']]></tooltip>
<scanblock>2</scanblock>
<hidden>0</hidden>
<stylepreset>Keyboard key - extra</stylepreset>
<commands>
<command>
<id>type</id>
<parameter index="1"><![CDATA[']]></parameter>
</command>
</commands>
</cell>
<cell x="6" y="2">
<caption><![CDATA[@]]></caption>
<tooltip><![CDATA[@]]></tooltip>
<scanblock>2</scanblock>
<hidden>0</hidden>
<stylepreset>Keyboard key - extra</stylepreset>
<commands>
<command>
<id>type</id>
<parameter index="1"><![CDATA[@]]></parameter>
</command>
</commands>
</cell>
<cell x="7" y="2">
<caption><![CDATA[space]]></caption>
<tooltip><![CDATA[space]]></tooltip>
<scanblock>4</scanblock>
<hidden>0</hidden>
<stylepreset>Auto content cell</stylepreset>
<commands>
<command>
<id>type</id>
<parameter index="1"><![CDATA[ ]]></parameter>
</command>
</commands>
</cell>
<cell x="1" y="3">
<caption><![CDATA[0]]></caption>
<tooltip><![CDATA[0]]></tooltip>
<scanblock>2</scanblock>
<hidden>0</hidden>
<stylepreset>Keyboard key</stylepreset>
<commands>
<command>
<id>type</id>
<parameter index="1"><![CDATA[0]]></parameter>
</command>
</commands>
</cell>
<cell x="2" y="3">
<caption><![CDATA[1]]></caption>
<tooltip><![CDATA[1]]></tooltip>
<scanblock>2</scanblock>
<hidden>0</hidden>
<stylepreset>Keyboard key</stylepreset>
<commands>
<command>
<id>type</id>
<parameter index="1"><![CDATA[1]]></parameter>
</command>
</commands>
</cell>
<cell x="3" y="3">
<caption><![CDATA[2]]></caption>
<tooltip><![CDATA[2]]></tooltip>
<scanblock>2</scanblock>
<hidden>0</hidden>
<stylepreset>Keyboard key</stylepreset>
<commands>
<command>
<id>type</id>
<parameter index="1"><![CDATA[2]]></parameter>
</command>
</commands>
</cell>
<cell x="4" y="3">
<caption><![CDATA[3]]></caption>
<tooltip><![CDATA[3]]></tooltip>
<scanblock>2</scanblock>
<hidden>0</hidden>
<stylepreset>Keyboard key</stylepreset>
<commands>
<command>
<id>type</id>
<parameter index="1"><![CDATA[3]]></parameter>
</command>
</commands>
</cell>
<cell x="5" y="3">
<caption><![CDATA[4]]></caption>
<tooltip><![CDATA[4]]></tooltip>
<scanblock>2</scanblock>
<hidden>0</hidden>
<stylepreset>Keyboard key</stylepreset>
<commands>
<command>
<id>type</id>
<parameter index="1"><![CDATA[4]]></parameter>
</command>
</commands>
</cell>
<cell x="6" y="3">
<caption><![CDATA[5]]></caption>
<tooltip><![CDATA[5]]></tooltip>
<scanblock>2</scanblock>
<hidden>0</hidden>
<stylepreset>Keyboard key</stylepreset>
<commands>
<command>
<id>type</id>
<parameter index="1"><![CDATA[5]]></parameter>
</command>
</commands>
</cell>
<cell x="7" y="3">
<caption><![CDATA[point]]></caption>
<tooltip><![CDATA[point]]></tooltip>
<picture>[WIDGIT]widgit rebus topics\science maths\point.emf</picture>
<scanblock>4</scanblock>
<hidden>0</hidden>
<stylepreset>Auto content cell</stylepreset>
<commands>
<command>
<id>type</id>
<parameter index="1"><![CDATA[.]]></parameter>
</command>
</commands>
</cell>
<cell x="1" y="4">
<caption><![CDATA[6]]></caption>
<tooltip><![CDATA[6]]></tooltip>
<scanblock>2</scanblock>
<hidden>0</hidden>
<stylepreset>Keyboard key</stylepreset>
<commands>
<command>
<id>type</id>
<parameter index="1"><![CDATA[6]]></parameter>
</command>
</commands>
</cell>
<cell x="2" y="4">
<caption><![CDATA[7]]></caption>
<tooltip><![CDATA[7]]></tooltip>
<scanblock>2</scanblock>
<hidden>0</hidden>
<stylepreset>Keyboard key</stylepreset>
<commands>
<command>
<id>type</id>
<parameter index="1"><![CDATA[7]]></parameter>
</command>
</commands>
</cell>
<cell x="3" y="4">
<caption><![CDATA[8]]></caption>
<tooltip><![CDATA[8]]></tooltip>
<scanblock>2</scanblock>
<hidden>0</hidden>
<stylepreset>Keyboard key</stylepreset>
<commands>
<command>
<id>type</id>
<parameter index="1"><![CDATA[8]]></parameter>
</command>
</commands>
</cell>
<cell x="4" y="4">
<caption><![CDATA[9]]></caption>
<tooltip><![CDATA[9]]></tooltip>
<scanblock>2</scanblock>
<hidden>0</hidden>
<stylepreset>Keyboard key</stylepreset>
<commands>
<command>
<id>type</id>
<parameter index="1"><![CDATA[9]]></parameter>
</command>
</commands>
</cell>
<cell x="5" y="4">
<caption><![CDATA[00]]></caption>
<tooltip><![CDATA[00]]></tooltip>
<scanblock>2</scanblock>
<hidden>0</hidden>
<stylepreset>Keyboard key</stylepreset>
<commands>
<command>
<id>type</id>
<parameter index="1"><![CDATA[00]]></parameter>
</command>
</commands>
</cell>
<cell x="6" y="4">
<scanblock>2</scanblock>
<hidden>0</hidden>
<stylepreset>Blank cell (no style)</stylepreset>
</cell>
<cell x="7" y="4">
<scanblock>4</scanblock>
<hidden>0</hidden>
<stylepreset>Blank cell (no style)</stylepreset>
</cell>
<cell x="1" y="5">
<scanblock>2</scanblock>
<hidden>0</hidden>
<stylepreset>Blank cell (no style)</stylepreset>
</cell>
<cell x="2" y="5">
<scanblock>2</scanblock>
<hidden>0</hidden>
<stylepreset>Blank cell (no style)</stylepreset>
</cell>
<cell x="3" y="5">
<scanblock>2</scanblock>
<hidden>0</hidden>
<stylepreset>Blank cell (no style)</stylepreset>
</cell>
<cell x="4" y="5">
<scanblock>2</scanblock>
<hidden>0</hidden>
<stylepreset>Blank cell (no style)</stylepreset>
</cell>
<cell x="5" y="5">
<scanblock>2</scanblock>
<hidden>0</hidden>
<stylepreset>Blank cell (no style)</stylepreset>
</cell>
<cell x="6" y="5">
<scanblock>2</scanblock>
<hidden>0</hidden>
<stylepreset>Blank cell (no style)</stylepreset>
</cell>
<cell x="7" y="5">
<caption><![CDATA[Copy]]></caption>
<tooltip><![CDATA[Copy]]></tooltip>
<picture>[GRID2X]clipboard.copy.wmf</picture>
<scanblock>4</scanblock>
<hidden>0</hidden>
<stylepreset>Keyboard key - extra small text</stylepreset>
<commands>
<command>
<id>clipboard.copy</id>
</command>
<command>
<id>jump.to</id>
<parameter index="1"><![CDATA[Keyboard ABC - Keyguard  - copy command]]></parameter>
</command>
</commands>
</cell>
</cells>
</grid>
</sensorygrid>
