<?xml version="1.0" encoding="utf-8" ?>

<sensorygrid>
<grid workspace_x="3" workspace_y="1">
<rows>6</rows>
<cols>10</cols>
<selfclosing>0</selfclosing>
<titlebartext></titlebartext>
<customblockscan>1</customblockscan>
<predictionsource>0</predictionsource>
<oskcellratio>0</oskcellratio>
<symbolgridrows>1</symbolgridrows>
<symbolgridcols>11</symbolgridcols>
<background style="0">
<backcolour>14737632</backcolour>
<backcolour2>14737632</backcolour2>
</background>
<cells>
<cell x="1" y="1">
<caption><![CDATA[go back]]></caption>
<tooltip><![CDATA[go back]]></tooltip>
<picture>[GRID2X]jump.back.wmf</picture>
<magnifyx>2</magnifyx>
<scanblock>1</scanblock>
<directactivate>1</directactivate>
<hidden>0</hidden>
<stylepreset>Jump Home &amp; back</stylepreset>
<commands>
<command>
<id>jump.back</id>
</command>
</commands>
</cell>
<cell x="2" y="1">
<scanblock>1</scanblock>
<hidden>0</hidden>
<stylepreset>Blank cell (no style)</stylepreset>
</cell>
<cell x="3" y="1">
<magnifyx>6</magnifyx>
<scanblock>1</scanblock>
<hidden>0</hidden>
<stylepreset>Blank cell (no style)</stylepreset>
</cell>
<cell x="4" y="1">
<scanblock>1</scanblock>
<hidden>0</hidden>
<stylepreset>Blank cell (no style)</stylepreset>
</cell>
<cell x="5" y="1">
<scanblock>1</scanblock>
<hidden>0</hidden>
<stylepreset>Blank cell (no style)</stylepreset>
</cell>
<cell x="6" y="1">
<scanblock>1</scanblock>
<hidden>0</hidden>
<stylepreset>Blank cell (no style)</stylepreset>
</cell>
<cell x="7" y="1">
<scanblock>1</scanblock>
<hidden>0</hidden>
<stylepreset>Blank cell (no style)</stylepreset>
</cell>
<cell x="8" y="1">
<scanblock>1</scanblock>
<hidden>0</hidden>
<stylepreset>Blank cell (no style)</stylepreset>
</cell>
<cell x="9" y="1">
<caption><![CDATA[rub out]]></caption>
<tooltip><![CDATA[rub out]]></tooltip>
<picture>[GRID2X]type.deleteword.wmf</picture>
<scanblock>1</scanblock>
<hidden>0</hidden>
<stylepreset>Action cell</stylepreset>
<commands>
<command>
<id>type.deleteword</id>
</command>
</commands>
</cell>
<cell x="10" y="1">
<caption><![CDATA[speak]]></caption>
<tooltip><![CDATA[speak]]></tooltip>
<picture>[GRID2X]action.speakall.wmf</picture>
<scanblock>1</scanblock>
<directactivate>5</directactivate>
<hidden>0</hidden>
<stylepreset>Action cell</stylepreset>
<commands>
<command>
<id>action.speakall</id>
</command>
</commands>
</cell>
<cell x="1" y="2">
<scanblock>2</scanblock>
<hidden>0</hidden>
<stylepreset>Blank cell (no style)</stylepreset>
</cell>
<cell x="2" y="2">
<scanblock>2</scanblock>
<hidden>0</hidden>
<stylepreset>Blank cell (no style)</stylepreset>
</cell>
<cell x="3" y="2">
<scanblock>2</scanblock>
<hidden>0</hidden>
<stylepreset>Blank cell (no style)</stylepreset>
</cell>
<cell x="4" y="2">
<scanblock>2</scanblock>
<hidden>0</hidden>
<stylepreset>Blank cell (no style)</stylepreset>
</cell>
<cell x="5" y="2">
<scanblock>2</scanblock>
<hidden>0</hidden>
<stylepreset>Blank cell (no style)</stylepreset>
</cell>
<cell x="6" y="2">
<scanblock>2</scanblock>
<hidden>0</hidden>
<stylepreset>Blank cell (no style)</stylepreset>
</cell>
<cell x="7" y="2">
<scanblock>2</scanblock>
<hidden>0</hidden>
<stylepreset>Blank cell (no style)</stylepreset>
</cell>
<cell x="8" y="2">
<scanblock>2</scanblock>
<hidden>0</hidden>
<stylepreset>Blank cell (no style)</stylepreset>
</cell>
<cell x="9" y="2">
<scanblock>2</scanblock>
<hidden>0</hidden>
<stylepreset>Blank cell (no style)</stylepreset>
</cell>
<cell x="10" y="2">
<scanblock>2</scanblock>
<hidden>0</hidden>
<stylepreset>Blank cell (no style)</stylepreset>
</cell>
<cell x="1" y="3">
<scanblock>2</scanblock>
<hidden>0</hidden>
<stylepreset>Blank cell (no style)</stylepreset>
</cell>
<cell x="2" y="3">
<caption><![CDATA[Text copied to clipboard.

Paste into Facebook, Twitter or any other website or App.]]></caption>
<tooltip><![CDATA[Text copied to clipboard.  Paste into Facebook, Twitter or any other website or App.]]></tooltip>
<magnifyx>8</magnifyx>
<magnifyy>2</magnifyy>
<scanblock>0</scanblock>
<hidden>0</hidden>
<stylepreset>Title</stylepreset>
</cell>
<cell x="3" y="3">
<caption><![CDATA[e]]></caption>
<tooltip><![CDATA[e]]></tooltip>
<scanblock>2</scanblock>
<hidden>0</hidden>
<stylepreset>Keyboard key</stylepreset>
<commands>
<command>
<id>type</id>
<parameter index="1"><![CDATA[e]]></parameter>
</command>
</commands>
</cell>
<cell x="4" y="3">
<caption><![CDATA[r]]></caption>
<tooltip><![CDATA[r]]></tooltip>
<scanblock>2</scanblock>
<hidden>0</hidden>
<stylepreset>Keyboard key</stylepreset>
<commands>
<command>
<id>type</id>
<parameter index="1"><![CDATA[r]]></parameter>
</command>
</commands>
</cell>
<cell x="5" y="3">
<caption><![CDATA[t]]></caption>
<tooltip><![CDATA[t]]></tooltip>
<scanblock>2</scanblock>
<hidden>0</hidden>
<stylepreset>Keyboard key</stylepreset>
<commands>
<command>
<id>type</id>
<parameter index="1"><![CDATA[t]]></parameter>
</command>
</commands>
</cell>
<cell x="6" y="3">
<caption><![CDATA[y]]></caption>
<tooltip><![CDATA[y]]></tooltip>
<scanblock>2</scanblock>
<hidden>0</hidden>
<stylepreset>Keyboard key</stylepreset>
<commands>
<command>
<id>type</id>
<parameter index="1"><![CDATA[y]]></parameter>
</command>
</commands>
</cell>
<cell x="7" y="3">
<caption><![CDATA[u]]></caption>
<tooltip><![CDATA[u]]></tooltip>
<scanblock>2</scanblock>
<hidden>0</hidden>
<stylepreset>Keyboard key</stylepreset>
<commands>
<command>
<id>type</id>
<parameter index="1"><![CDATA[u]]></parameter>
</command>
</commands>
</cell>
<cell x="8" y="3">
<scanblock>2</scanblock>
<hidden>0</hidden>
<stylepreset>Blank cell (no style)</stylepreset>
</cell>
<cell x="9" y="3">
<scanblock>2</scanblock>
<hidden>0</hidden>
<stylepreset>Blank cell (no style)</stylepreset>
</cell>
<cell x="10" y="3">
<scanblock>2</scanblock>
<hidden>0</hidden>
<stylepreset>Blank cell (no style)</stylepreset>
</cell>
<cell x="1" y="4">
<scanblock>2</scanblock>
<hidden>0</hidden>
<stylepreset>Blank cell (no style)</stylepreset>
</cell>
<cell x="2" y="4">
<caption><![CDATA[s]]></caption>
<tooltip><![CDATA[s]]></tooltip>
<scanblock>2</scanblock>
<hidden>0</hidden>
<stylepreset>Keyboard key</stylepreset>
<commands>
<command>
<id>type</id>
<parameter index="1"><![CDATA[s]]></parameter>
</command>
</commands>
</cell>
<cell x="3" y="4">
<scanblock>1</scanblock>
<hidden>0</hidden>
<stylepreset>Blank cell (no style)</stylepreset>
</cell>
<cell x="4" y="4">
<caption><![CDATA[f]]></caption>
<tooltip><![CDATA[f]]></tooltip>
<scanblock>2</scanblock>
<hidden>0</hidden>
<stylepreset>Keyboard key</stylepreset>
<commands>
<command>
<id>type</id>
<parameter index="1"><![CDATA[f]]></parameter>
</command>
</commands>
</cell>
<cell x="5" y="4">
<caption><![CDATA[g]]></caption>
<tooltip><![CDATA[g]]></tooltip>
<scanblock>2</scanblock>
<hidden>0</hidden>
<stylepreset>Keyboard key</stylepreset>
<commands>
<command>
<id>type</id>
<parameter index="1"><![CDATA[g]]></parameter>
</command>
</commands>
</cell>
<cell x="6" y="4">
<caption><![CDATA[h]]></caption>
<tooltip><![CDATA[h]]></tooltip>
<scanblock>2</scanblock>
<hidden>0</hidden>
<stylepreset>Keyboard key</stylepreset>
<commands>
<command>
<id>type</id>
<parameter index="1"><![CDATA[h]]></parameter>
</command>
</commands>
</cell>
<cell x="7" y="4">
<caption><![CDATA[j]]></caption>
<tooltip><![CDATA[j]]></tooltip>
<scanblock>2</scanblock>
<hidden>0</hidden>
<stylepreset>Keyboard key</stylepreset>
<commands>
<command>
<id>type</id>
<parameter index="1"><![CDATA[j]]></parameter>
</command>
</commands>
</cell>
<cell x="8" y="4">
<caption><![CDATA[k]]></caption>
<tooltip><![CDATA[k]]></tooltip>
<scanblock>2</scanblock>
<hidden>0</hidden>
<stylepreset>Keyboard key</stylepreset>
<commands>
<command>
<id>type</id>
<parameter index="1"><![CDATA[k]]></parameter>
</command>
</commands>
</cell>
<cell x="9" y="4">
<caption><![CDATA[l]]></caption>
<tooltip><![CDATA[l]]></tooltip>
<scanblock>2</scanblock>
<hidden>0</hidden>
<stylepreset>Keyboard key</stylepreset>
<commands>
<command>
<id>type</id>
<parameter index="1"><![CDATA[l]]></parameter>
</command>
</commands>
</cell>
<cell x="10" y="4">
<scanblock>2</scanblock>
<hidden>0</hidden>
<stylepreset>Blank cell (no style)</stylepreset>
</cell>
<cell x="1" y="5">
<scanblock>2</scanblock>
<hidden>0</hidden>
<stylepreset>Blank cell (no style)</stylepreset>
</cell>
<cell x="2" y="5">
<scanblock>2</scanblock>
<hidden>0</hidden>
<stylepreset>Blank cell (no style)</stylepreset>
</cell>
<cell x="3" y="5">
<scanblock>2</scanblock>
<hidden>0</hidden>
<stylepreset>Blank cell (no style)</stylepreset>
</cell>
<cell x="4" y="5">
<scanblock>2</scanblock>
<hidden>0</hidden>
<stylepreset>Blank cell (no style)</stylepreset>
</cell>
<cell x="5" y="5">
<scanblock>2</scanblock>
<hidden>0</hidden>
<stylepreset>Blank cell (no style)</stylepreset>
</cell>
<cell x="6" y="5">
<scanblock>2</scanblock>
<hidden>0</hidden>
<stylepreset>Blank cell (no style)</stylepreset>
</cell>
<cell x="7" y="5">
<scanblock>2</scanblock>
<hidden>0</hidden>
<stylepreset>Blank cell (no style)</stylepreset>
</cell>
<cell x="8" y="5">
<scanblock>2</scanblock>
<hidden>0</hidden>
<stylepreset>Blank cell (no style)</stylepreset>
</cell>
<cell x="9" y="5">
<scanblock>2</scanblock>
<hidden>0</hidden>
<stylepreset>Blank cell (no style)</stylepreset>
</cell>
<cell x="10" y="5">
<scanblock>2</scanblock>
<hidden>0</hidden>
<stylepreset>Blank cell (no style)</stylepreset>
</cell>
<cell x="1" y="6">
<scanblock>2</scanblock>
<hidden>0</hidden>
<stylepreset>Blank cell (no style)</stylepreset>
</cell>
<cell x="2" y="6">
<scanblock>2</scanblock>
<hidden>0</hidden>
<stylepreset>Blank cell (no style)</stylepreset>
</cell>
<cell x="3" y="6">
<scanblock>2</scanblock>
<hidden>0</hidden>
<stylepreset>Blank cell (no style)</stylepreset>
</cell>
<cell x="4" y="6">
<scanblock>2</scanblock>
<hidden>0</hidden>
<stylepreset>Blank cell (no style)</stylepreset>
</cell>
<cell x="5" y="6">
<scanblock>2</scanblock>
<hidden>0</hidden>
<stylepreset>Blank cell (no style)</stylepreset>
</cell>
<cell x="6" y="6">
<scanblock>2</scanblock>
<hidden>0</hidden>
<stylepreset>Blank cell (no style)</stylepreset>
</cell>
<cell x="7" y="6">
<scanblock>2</scanblock>
<hidden>0</hidden>
<stylepreset>Blank cell (no style)</stylepreset>
</cell>
<cell x="8" y="6">
<scanblock>2</scanblock>
<hidden>0</hidden>
<stylepreset>Blank cell (no style)</stylepreset>
</cell>
<cell x="9" y="6">
<scanblock>2</scanblock>
<hidden>0</hidden>
<stylepreset>Blank cell (no style)</stylepreset>
</cell>
<cell x="10" y="6">
<scanblock>2</scanblock>
<hidden>0</hidden>
<stylepreset>Blank cell (no style)</stylepreset>
</cell>
</cells>
</grid>
</sensorygrid>
