<?xml version="1.0" encoding="utf-8" ?>

<wordlist>
<word>
<wordtext><![CDATA[fireman ]]></wordtext>
<picturefile>[WIDGIT]widgit rebus\f\fireman.emf</picturefile>
</word>
<word>
<wordtext><![CDATA[police officer ]]></wordtext>
<picturefile>[WIDGIT]england\uk wrebus\policeman.emf</picturefile>
</word>
<word>
<wordtext><![CDATA[postman ]]></wordtext>
<picturefile>[WIDGIT]widgit rebus\p\postman.emf</picturefile>
</word>
<word>
<wordtext><![CDATA[doctor ]]></wordtext>
<picturefile>[WIDGIT]widgit rebus\d\doctor.emf</picturefile>
</word>
<word>
<wordtext><![CDATA[nurse ]]></wordtext>
<picturefile>[WIDGIT]widgit rebus\m\male nurse.emf</picturefile>
</word>
<word>
<wordtext><![CDATA[dentist ]]></wordtext>
<picturefile>[WIDGIT]widgit rebus\d\dentist.emf</picturefile>
</word>
<word>
<wordtext><![CDATA[speech therapist ]]></wordtext>
<picturefile>[WIDGIT]widgit rebus\s\speech and language.emf</picturefile>
</word>
<word>
<wordtext><![CDATA[OT ]]></wordtext>
<picturefile>[WIDGIT]widgit rebus 08\symbols 8a\physiotherapy.emf</picturefile>
</word>
<word>
<wordtext><![CDATA[teacher ]]></wordtext>
<picturefile>[WIDGIT]widgit rebus\t\teacher.emf</picturefile>
</word>
<word>
<wordtext><![CDATA[pupil ]]></wordtext>
<picturefile>[WIDGIT]widgit rebus\s\student.emf</picturefile>
</word>
</wordlist>
