<?xml version="1.0" encoding="utf-8" ?>

<wordlist>
<word>
<wordtext><![CDATA[party ]]></wordtext>
<picturefile>[WIDGIT]widgit rebus\p\party.emf</picturefile>
</word>
<word>
<wordtext><![CDATA[magic ]]></wordtext>
<picturefile>[WIDGIT]widgit rebus 05\symbols 5a\magic power.emf</picturefile>
</word>
<word>
<wordtext><![CDATA[adventure ]]></wordtext>
<picturefile>[WIDGIT]widgit rebus\a\adventure.emf</picturefile>
</word>
<word>
<wordtext><![CDATA[fierce ]]></wordtext>
<picturefile>[WIDGIT]widgit rebus\f\fierce dog.emf</picturefile>
</word>
<word>
<wordtext><![CDATA[brave ]]></wordtext>
<picturefile>[WIDGIT]widgit rebus\b\brave.emf</picturefile>
</word>
<word>
<wordtext><![CDATA[scary ]]></wordtext>
<picturefile>[WIDGIT]widgit rebus\s\scary.emf</picturefile>
</word>
<word>
<wordtext><![CDATA[wicked ]]></wordtext>
<picturefile>[WIDGIT]widgit rebus\n\naughty.emf</picturefile>
</word>
<word>
<wordtext><![CDATA[evil ]]></wordtext>
<picturefile>[WIDGIT]widgit rebus\n\naughty.emf</picturefile>
</word>
<word>
<wordtext><![CDATA[good ]]></wordtext>
<picturefile>[WIDGIT]widgit rebus\g\good.emf</picturefile>
</word>
<word>
<wordtext><![CDATA[beautiful ]]></wordtext>
<picturefile>[WIDGIT]widgit rebus\b\beautiful.emf</picturefile>
</word>
<word>
<wordtext><![CDATA[pretty ]]></wordtext>
<picturefile>[WIDGIT]widgit rebus\p\pretty.emf</picturefile>
</word>
<word>
<wordtext><![CDATA[handsome ]]></wordtext>
<picturefile>[WIDGIT]widgit rebus\h\handsome.emf</picturefile>
</word>
<word>
<wordtext><![CDATA[ugly ]]></wordtext>
<picturefile>[WIDGIT]widgit rebus\u\ugly.emf</picturefile>
</word>
<word>
<wordtext><![CDATA[funny ]]></wordtext>
<picturefile>[WIDGIT]widgit rebus\l\laugh.emf</picturefile>
</word>
<word>
<wordtext><![CDATA[kind ]]></wordtext>
<picturefile>[WIDGIT]widgit rebus\k\kind.emf</picturefile>
</word>
<word>
<wordtext><![CDATA[old ]]></wordtext>
<picturefile>[WIDGIT]widgit rebus 05\symbols 5a\old person.emf</picturefile>
</word>
<word>
<wordtext><![CDATA[young ]]></wordtext>
<picturefile>[WIDGIT]widgit rebus\y\young 1.emf</picturefile>
</word>
<word>
<wordtext><![CDATA[frightened ]]></wordtext>
<picturefile>[WIDGIT]widgit rebus\a\afraid.emf</picturefile>
</word>
<word>
<wordtext><![CDATA[in love ]]></wordtext>
<picturefile>[WIDGIT]widgit rebus\i\in love.emf</picturefile>
</word>
</wordlist>
