<?xml version="1.0" encoding="utf-8" ?>

<wordlist>
<word>
<wordtext><![CDATA[circle ]]></wordtext>
<picturefile>[WIDGIT]widgit rebus\c\circle.emf</picturefile>
</word>
<word>
<wordtext><![CDATA[sphere ]]></wordtext>
<picturefile>[WIDGIT]widgit rebus 06\symbols 6a\sphere.emf</picturefile>
</word>
<word>
<wordtext><![CDATA[cylinder ]]></wordtext>
<picturefile>[WIDGIT]widgit rebus\c\cylinder.emf</picturefile>
</word>
<word>
<wordtext><![CDATA[oval ]]></wordtext>
<picturefile>[WIDGIT]widgit rebus\e\elipse.emf</picturefile>
</word>
<word>
<wordtext><![CDATA[crescent ]]></wordtext>
<picturefile>[WIDGIT]widgit rebus 04\symbols a\cresent.emf</picturefile>
</word>
<word>
<wordtext><![CDATA[square ]]></wordtext>
<picturefile>[WIDGIT]widgit rebus\s\square 1.emf</picturefile>
</word>
<word>
<wordtext><![CDATA[cube ]]></wordtext>
<picturefile>[WIDGIT]widgit rebus\c\cube.emf</picturefile>
</word>
<word>
<wordtext><![CDATA[triangle ]]></wordtext>
<picturefile>[WIDGIT]widgit rebus\t\triangle.emf</picturefile>
</word>
<word>
<wordtext><![CDATA[cone ]]></wordtext>
<picturefile>[WIDGIT]widgit rebus\c\cone.emf</picturefile>
</word>
<word>
<wordtext><![CDATA[pyramid ]]></wordtext>
<picturefile>[WIDGIT]widgit rebus topics\science maths\5 faced shape.emf</picturefile>
</word>
<word>
<wordtext><![CDATA[prism ]]></wordtext>
<picturefile>[WIDGIT]widgit rebus\p\prism.emf</picturefile>
</word>
<word>
<wordtext><![CDATA[diamond ]]></wordtext>
<picturefile>[WIDGIT]widgit rebus 06\symbols 6a\diamond.emf</picturefile>
</word>
<word>
<wordtext><![CDATA[rectangle ]]></wordtext>
<picturefile>[WIDGIT]widgit rebus\r\rectangle.emf</picturefile>
</word>
<word>
<wordtext><![CDATA[cuboid ]]></wordtext>
<picturefile>[WIDGIT]widgit rebus topics\science maths\cuboid.emf</picturefile>
</word>
<word>
<wordtext><![CDATA[pentagon ]]></wordtext>
<picturefile>[WIDGIT]widgit rebus topics\science maths\5 sided shape.emf</picturefile>
</word>
<word>
<wordtext><![CDATA[hexagon ]]></wordtext>
<picturefile>[WIDGIT]widgit rebus topics\science maths\6 sided shape.emf</picturefile>
</word>
<word>
<wordtext><![CDATA[star ]]></wordtext>
<picturefile>[WIDGIT]widgit rebus\s\star.emf</picturefile>
</word>
<word>
<wordtext><![CDATA[line ]]></wordtext>
<picturefile>[WIDGIT]widgit rebus 04\symbols c\line.emf</picturefile>
</word>
<word>
<wordtext><![CDATA[big ]]></wordtext>
<picturefile>[WIDGIT]widgit rebus\b\big.emf</picturefile>
</word>
<word>
<wordtext><![CDATA[little ]]></wordtext>
<picturefile>[WIDGIT]widgit rebus\s\small.emf</picturefile>
</word>
<word>
<wordtext><![CDATA[long ]]></wordtext>
<picturefile>[WIDGIT]widgit rebus\l\long.emf</picturefile>
</word>
<word>
<wordtext><![CDATA[tall ]]></wordtext>
<picturefile>[WIDGIT]widgit rebus\t\tall.emf</picturefile>
</word>
<word>
<wordtext><![CDATA[short ]]></wordtext>
<picturefile>[WIDGIT]widgit rebus\s\short 1.emf</picturefile>
</word>
<word>
<wordtext><![CDATA[fat ]]></wordtext>
<picturefile>[WIDGIT]widgit rebus\t\thick.emf</picturefile>
</word>
<word>
<wordtext><![CDATA[thin ]]></wordtext>
<picturefile>[WIDGIT]widgit rebus\t\thin.emf</picturefile>
</word>
<word>
<wordtext><![CDATA[same ]]></wordtext>
<picturefile>[WIDGIT]widgit rebus\s\same.emf</picturefile>
</word>
<word>
<wordtext><![CDATA[different ]]></wordtext>
<picturefile>[WIDGIT]widgit rebus\o\odd one out.emf</picturefile>
</word>
<word>
<wordtext><![CDATA[sides ]]></wordtext>
<picturefile>[WIDGIT]widgit rebus\s\side.emf</picturefile>
</word>
</wordlist>
