<?xml version="1.0" encoding="utf-8" ?>

<sensorygrid>
<grid workspace_x="3" workspace_y="1">
<rows>5</rows>
<cols>7</cols>
<selfclosing>0</selfclosing>
<titlebartext></titlebartext>
<customblockscan>1</customblockscan>
<predictionsource>0</predictionsource>
<oskcellratio>0</oskcellratio>
<background style="0">
<backcolour>14737632</backcolour>
<backcolour2>14737632</backcolour2>
</background>
<commands>
<command>
<id>type.conjugate</id>
</command>
</commands>
<cells>
<cell x="1" y="1">
<caption><![CDATA[go back]]></caption>
<tooltip><![CDATA[go back]]></tooltip>
<picture>[GRID2X]jump.back.wmf</picture>
<scanblock>1</scanblock>
<directactivate>1</directactivate>
<hidden>0</hidden>
<stylepreset>Jump Home &amp; back</stylepreset>
<commands>
<command>
<id>jump.back</id>
</command>
</commands>
</cell>
<cell x="2" y="1">
<caption><![CDATA[Words]]></caption>
<tooltip><![CDATA[Small Words]]></tooltip>
<picture>[WIDGIT]widgit rebus\w\word.emf</picture>
<scanblock>1</scanblock>
<hidden>0</hidden>
<stylepreset>Self Closing Page</stylepreset>
<commands>
<command>
<id>jump.to</id>
<parameter index="1"><![CDATA[Small Words]]></parameter>
</command>
</commands>
</cell>
<cell x="3" y="1">
<magnifyx>3</magnifyx>
<scanblock>1</scanblock>
<hidden>0</hidden>
<stylepreset>Blank cell (no style)</stylepreset>
</cell>
<cell x="4" y="1">
<scanblock>1</scanblock>
<hidden>0</hidden>
<stylepreset>Blank cell (no style)</stylepreset>
</cell>
<cell x="5" y="1">
<scanblock>1</scanblock>
<hidden>0</hidden>
<stylepreset>Blank cell (no style)</stylepreset>
</cell>
<cell x="6" y="1">
<caption><![CDATA[rub out]]></caption>
<tooltip><![CDATA[rub out]]></tooltip>
<picture>[GRID2X]type.deleteword.wmf</picture>
<scanblock>1</scanblock>
<hidden>0</hidden>
<stylepreset>Action cell</stylepreset>
<commands>
<command>
<id>type.deleteword</id>
</command>
</commands>
</cell>
<cell x="7" y="1">
<caption><![CDATA[clear]]></caption>
<tooltip><![CDATA[clear]]></tooltip>
<picture>[GRID2X]action.clear.wmf</picture>
<scanblock>1</scanblock>
<hidden>0</hidden>
<stylepreset>Action cell</stylepreset>
<commands>
<command>
<id>action.clear</id>
</command>
</commands>
</cell>
<cell x="1" y="2">
<caption><![CDATA[about]]></caption>
<tooltip><![CDATA[about]]></tooltip>
<picture>[WIDGIT]widgit rebus\a\about.emf</picture>
<scanblock>2</scanblock>
<hidden>0</hidden>
<stylepreset>Auto content cell</stylepreset>
<commands>
<command>
<id>type</id>
<parameter index="1"><![CDATA[about ]]></parameter>
</command>
<command>
<id>jump.back</id>
</command>
<command>
<id>jump.back</id>
</command>
</commands>
</cell>
<cell x="2" y="2">
<caption><![CDATA[actually]]></caption>
<tooltip><![CDATA[actually]]></tooltip>
<picture>[WIDGIT]widgit rebus 05\symbols 5a\actually.emf</picture>
<scanblock>2</scanblock>
<hidden>0</hidden>
<stylepreset>Auto content cell</stylepreset>
<commands>
<command>
<id>type</id>
<parameter index="1"><![CDATA[actually ]]></parameter>
</command>
<command>
<id>jump.back</id>
</command>
<command>
<id>jump.back</id>
</command>
</commands>
</cell>
<cell x="3" y="2">
<caption><![CDATA[again]]></caption>
<tooltip><![CDATA[again]]></tooltip>
<picture>[WIDGIT]widgit rebus\a\again.emf</picture>
<scanblock>2</scanblock>
<hidden>0</hidden>
<stylepreset>Auto content cell</stylepreset>
<commands>
<command>
<id>type</id>
<parameter index="1"><![CDATA[again ]]></parameter>
</command>
<command>
<id>jump.back</id>
</command>
<command>
<id>jump.back</id>
</command>
</commands>
</cell>
<cell x="4" y="2">
<caption><![CDATA[also]]></caption>
<tooltip><![CDATA[also]]></tooltip>
<picture>[WIDGIT]widgit rebus\a\also.emf</picture>
<scanblock>2</scanblock>
<hidden>0</hidden>
<stylepreset>Auto content cell</stylepreset>
<commands>
<command>
<id>type</id>
<parameter index="1"><![CDATA[also ]]></parameter>
</command>
<command>
<id>jump.back</id>
</command>
<command>
<id>jump.back</id>
</command>
</commands>
</cell>
<cell x="5" y="2">
<caption><![CDATA[because]]></caption>
<tooltip><![CDATA[because]]></tooltip>
<picture>[WIDGIT]widgit rebus\b\because.emf</picture>
<scanblock>2</scanblock>
<hidden>0</hidden>
<stylepreset>Auto content cell</stylepreset>
<commands>
<command>
<id>type</id>
<parameter index="1"><![CDATA[because ]]></parameter>
</command>
<command>
<id>jump.back</id>
</command>
<command>
<id>jump.back</id>
</command>
</commands>
</cell>
<cell x="6" y="2">
<caption><![CDATA[been]]></caption>
<tooltip><![CDATA[been]]></tooltip>
<picture>[WIDGIT]widgit rebus\i\is.emf</picture>
<scanblock>2</scanblock>
<hidden>0</hidden>
<stylepreset>Auto content cell</stylepreset>
<commands>
<command>
<id>type</id>
<parameter index="1"><![CDATA[been ]]></parameter>
</command>
<command>
<id>jump.back</id>
</command>
<command>
<id>jump.back</id>
</command>
</commands>
</cell>
<cell x="7" y="2">
<caption><![CDATA[better]]></caption>
<tooltip><![CDATA[better]]></tooltip>
<picture>[WIDGIT]widgit rebus\g\good.emf</picture>
<scanblock>2</scanblock>
<hidden>0</hidden>
<stylepreset>Auto content cell</stylepreset>
<commands>
<command>
<id>type</id>
<parameter index="1"><![CDATA[better ]]></parameter>
</command>
<command>
<id>jump.back</id>
</command>
<command>
<id>jump.back</id>
</command>
</commands>
</cell>
<cell x="1" y="3">
<caption><![CDATA[could]]></caption>
<tooltip><![CDATA[could]]></tooltip>
<picture>[WIDGIT]widgit rebus 04\symbols b\would.emf</picture>
<scanblock>2</scanblock>
<hidden>0</hidden>
<stylepreset>Auto content cell</stylepreset>
<commands>
<command>
<id>type</id>
<parameter index="1"><![CDATA[could ]]></parameter>
</command>
<command>
<id>jump.back</id>
</command>
<command>
<id>jump.back</id>
</command>
</commands>
</cell>
<cell x="2" y="3">
<caption><![CDATA[did]]></caption>
<tooltip><![CDATA[did]]></tooltip>
<picture>[WIDGIT]widgit rebus\w\work.emf</picture>
<scanblock>2</scanblock>
<hidden>0</hidden>
<stylepreset>Auto content cell</stylepreset>
<commands>
<command>
<id>type</id>
<parameter index="1"><![CDATA[did ]]></parameter>
</command>
<command>
<id>jump.back</id>
</command>
<command>
<id>jump.back</id>
</command>
</commands>
</cell>
<cell x="3" y="3">
<caption><![CDATA[does]]></caption>
<tooltip><![CDATA[does]]></tooltip>
<picture>[WIDGIT]widgit rebus\d\do.emf</picture>
<scanblock>2</scanblock>
<hidden>0</hidden>
<stylepreset>Auto content cell</stylepreset>
<commands>
<command>
<id>type</id>
<parameter index="1"><![CDATA[does ]]></parameter>
</command>
<command>
<id>jump.back</id>
</command>
<command>
<id>jump.back</id>
</command>
</commands>
</cell>
<cell x="4" y="3">
<caption><![CDATA[done]]></caption>
<tooltip><![CDATA[done]]></tooltip>
<picture>[WIDGIT]widgit rebus\d\do.emf</picture>
<scanblock>2</scanblock>
<hidden>0</hidden>
<stylepreset>Auto content cell</stylepreset>
<commands>
<command>
<id>type</id>
<parameter index="1"><![CDATA[done ]]></parameter>
</command>
<command>
<id>jump.back</id>
</command>
<command>
<id>jump.back</id>
</command>
</commands>
</cell>
<cell x="5" y="3">
<caption><![CDATA[enough]]></caption>
<tooltip><![CDATA[enough]]></tooltip>
<picture>[WIDGIT]widgit rebus\e\enough.emf</picture>
<scanblock>2</scanblock>
<hidden>0</hidden>
<stylepreset>Auto content cell</stylepreset>
<commands>
<command>
<id>type</id>
<parameter index="1"><![CDATA[enough ]]></parameter>
</command>
<command>
<id>jump.back</id>
</command>
<command>
<id>jump.back</id>
</command>
</commands>
</cell>
<cell x="6" y="3">
<caption><![CDATA[finish]]></caption>
<tooltip><![CDATA[finish]]></tooltip>
<picture>[WIDGIT]widgit rebus\f\finish.emf</picture>
<scanblock>2</scanblock>
<hidden>0</hidden>
<stylepreset>Auto content cell</stylepreset>
<commands>
<command>
<id>type</id>
<parameter index="1"><![CDATA[finish ]]></parameter>
</command>
<command>
<id>jump.back</id>
</command>
<command>
<id>jump.back</id>
</command>
</commands>
</cell>
<cell x="7" y="3">
<caption><![CDATA[got]]></caption>
<tooltip><![CDATA[got]]></tooltip>
<picture>[WIDGIT]widgit rebus\g\get 1.emf</picture>
<scanblock>2</scanblock>
<hidden>0</hidden>
<stylepreset>Auto content cell</stylepreset>
<commands>
<command>
<id>type</id>
<parameter index="1"><![CDATA[got ]]></parameter>
</command>
<command>
<id>jump.back</id>
</command>
<command>
<id>jump.back</id>
</command>
</commands>
</cell>
<cell x="1" y="4">
<caption><![CDATA[here]]></caption>
<tooltip><![CDATA[here]]></tooltip>
<picture>[WIDGIT]widgit rebus\h\here.emf</picture>
<scanblock>2</scanblock>
<hidden>0</hidden>
<stylepreset>Auto content cell</stylepreset>
<commands>
<command>
<id>type</id>
<parameter index="1"><![CDATA[here ]]></parameter>
</command>
<command>
<id>jump.back</id>
</command>
<command>
<id>jump.back</id>
</command>
</commands>
</cell>
<cell x="2" y="4">
<caption><![CDATA[however]]></caption>
<tooltip><![CDATA[however]]></tooltip>
<picture>[WIDGIT]widgit rebus\h\how.emf</picture>
<scanblock>2</scanblock>
<hidden>0</hidden>
<stylepreset>Auto content cell</stylepreset>
<commands>
<command>
<id>type</id>
<parameter index="1"><![CDATA[however ]]></parameter>
</command>
<command>
<id>jump.back</id>
</command>
<command>
<id>jump.back</id>
</command>
</commands>
</cell>
<cell x="3" y="4">
<caption><![CDATA[just]]></caption>
<tooltip><![CDATA[just]]></tooltip>
<picture>[WIDGIT]widgit rebus\j\just 1.emf</picture>
<scanblock>2</scanblock>
<hidden>0</hidden>
<stylepreset>Auto content cell</stylepreset>
<commands>
<command>
<id>type</id>
<parameter index="1"><![CDATA[just ]]></parameter>
</command>
<command>
<id>jump.back</id>
</command>
<command>
<id>jump.back</id>
</command>
</commands>
</cell>
<cell x="4" y="4">
<caption><![CDATA[more]]></caption>
<tooltip><![CDATA[more]]></tooltip>
<picture>[WIDGIT]widgit rebus\m\more 1.emf</picture>
<scanblock>2</scanblock>
<hidden>0</hidden>
<stylepreset>Auto content cell</stylepreset>
<commands>
<command>
<id>type</id>
<parameter index="1"><![CDATA[more ]]></parameter>
</command>
<command>
<id>jump.back</id>
</command>
<command>
<id>jump.back</id>
</command>
</commands>
</cell>
<cell x="5" y="4">
<caption><![CDATA[off]]></caption>
<tooltip><![CDATA[off]]></tooltip>
<picture>[WIDGIT]widgit rebus\o\off.emf</picture>
<scanblock>2</scanblock>
<hidden>0</hidden>
<stylepreset>Auto content cell</stylepreset>
<commands>
<command>
<id>type</id>
<parameter index="1"><![CDATA[off ]]></parameter>
</command>
<command>
<id>jump.back</id>
</command>
<command>
<id>jump.back</id>
</command>
</commands>
</cell>
<cell x="6" y="4">
<caption><![CDATA[then]]></caption>
<tooltip><![CDATA[then]]></tooltip>
<picture>[WIDGIT]widgit rebus\t\then.emf</picture>
<scanblock>2</scanblock>
<hidden>0</hidden>
<stylepreset>Auto content cell</stylepreset>
<commands>
<command>
<id>type</id>
<parameter index="1"><![CDATA[then ]]></parameter>
</command>
<command>
<id>jump.back</id>
</command>
<command>
<id>jump.back</id>
</command>
</commands>
</cell>
<cell x="7" y="4">
<caption><![CDATA[thing]]></caption>
<tooltip><![CDATA[thing]]></tooltip>
<picture>[WIDGIT]widgit rebus\t\things 1.emf</picture>
<scanblock>2</scanblock>
<hidden>0</hidden>
<stylepreset>Auto content cell</stylepreset>
<commands>
<command>
<id>type</id>
<parameter index="1"><![CDATA[thing ]]></parameter>
</command>
<command>
<id>jump.back</id>
</command>
<command>
<id>jump.back</id>
</command>
</commands>
</cell>
<cell x="1" y="5">
<caption><![CDATA[well]]></caption>
<tooltip><![CDATA[well]]></tooltip>
<picture>[WIDGIT]widgit rebus\g\good.emf</picture>
<scanblock>2</scanblock>
<hidden>0</hidden>
<stylepreset>Auto content cell</stylepreset>
<commands>
<command>
<id>type</id>
<parameter index="1"><![CDATA[well ]]></parameter>
</command>
<command>
<id>jump.back</id>
</command>
<command>
<id>jump.back</id>
</command>
</commands>
</cell>
<cell x="2" y="5">
<caption><![CDATA[yes]]></caption>
<tooltip><![CDATA[yes]]></tooltip>
<picture>[WIDGIT]widgit rebus\y\yes.emf</picture>
<scanblock>2</scanblock>
<hidden>0</hidden>
<stylepreset>Auto content cell</stylepreset>
<commands>
<command>
<id>type</id>
<parameter index="1"><![CDATA[yes ]]></parameter>
</command>
<command>
<id>jump.back</id>
</command>
<command>
<id>jump.back</id>
</command>
</commands>
</cell>
<cell x="3" y="5">
<caption><![CDATA[no]]></caption>
<tooltip><![CDATA[no]]></tooltip>
<picture>[WIDGIT]widgit rebus\w\wrong.emf</picture>
<scanblock>2</scanblock>
<hidden>0</hidden>
<stylepreset>Auto content cell</stylepreset>
<commands>
<command>
<id>type</id>
<parameter index="1"><![CDATA[no ]]></parameter>
</command>
<command>
<id>jump.back</id>
</command>
<command>
<id>jump.back</id>
</command>
</commands>
</cell>
<cell x="4" y="5">
<caption><![CDATA[maybe]]></caption>
<tooltip><![CDATA[maybe]]></tooltip>
<picture>[WIDGIT]widgit rebus\p\perhaps.emf</picture>
<scanblock>2</scanblock>
<hidden>0</hidden>
<stylepreset>Auto content cell</stylepreset>
<commands>
<command>
<id>type</id>
<parameter index="1"><![CDATA[maybe ]]></parameter>
</command>
<command>
<id>jump.back</id>
</command>
<command>
<id>jump.back</id>
</command>
</commands>
</cell>
<cell x="5" y="5">
<caption><![CDATA[please]]></caption>
<tooltip><![CDATA[please]]></tooltip>
<picture>[WIDGIT]widgit rebus\p\please.emf</picture>
<scanblock>2</scanblock>
<hidden>0</hidden>
<stylepreset>Auto content cell</stylepreset>
<commands>
<command>
<id>type</id>
<parameter index="1"><![CDATA[please ]]></parameter>
</command>
<command>
<id>jump.back</id>
</command>
<command>
<id>jump.back</id>
</command>
</commands>
</cell>
<cell x="6" y="5">
<caption><![CDATA[thank you]]></caption>
<tooltip><![CDATA[thank you]]></tooltip>
<picture>[WIDGIT]widgit rebus\t\thankyou.emf</picture>
<scanblock>2</scanblock>
<hidden>0</hidden>
<stylepreset>Auto content cell</stylepreset>
<commands>
<command>
<id>type</id>
<parameter index="1"><![CDATA[thank you ]]></parameter>
</command>
<command>
<id>jump.back</id>
</command>
<command>
<id>jump.back</id>
</command>
</commands>
</cell>
<cell x="7" y="5">
<caption><![CDATA[home]]></caption>
<tooltip><![CDATA[home]]></tooltip>
<picture>[GRID2X]jump.home.wmf</picture>
<scanblock>4</scanblock>
<directactivate>2</directactivate>
<hidden>0</hidden>
<stylepreset>Jump Home &amp; back</stylepreset>
<commands>
<command>
<id>jump.home</id>
</command>
</commands>
</cell>
</cells>
</grid>
</sensorygrid>
