<?xml version="1.0" encoding="utf-8" ?>

<wordlist>
<word>
<wordtext><![CDATA[cow ]]></wordtext>
<picturefile>[WIDGIT]widgit rebus\c\cow.emf</picturefile>
</word>
<word>
<wordtext><![CDATA[horse ]]></wordtext>
<picturefile>[WIDGIT]widgit rebus\h\horse.emf</picturefile>
</word>
<word>
<wordtext><![CDATA[pig ]]></wordtext>
<picturefile>[WIDGIT]widgit rebus\p\pig.emf</picturefile>
</word>
<word>
<wordtext><![CDATA[sheep ]]></wordtext>
<picturefile>[WIDGIT]widgit rebus\s\sheep.emf</picturefile>
</word>
<word>
<wordtext><![CDATA[lamb ]]></wordtext>
<picturefile>[WIDGIT]widgit rebus\l\lamb.emf</picturefile>
</word>
<word>
<wordtext><![CDATA[goat ]]></wordtext>
<picturefile>[WIDGIT]widgit rebus\g\goat.emf</picturefile>
</word>
<word>
<wordtext><![CDATA[duck ]]></wordtext>
<picturefile>[WIDGIT]widgit rebus\d\duck.emf</picturefile>
</word>
<word>
<wordtext><![CDATA[chicken ]]></wordtext>
<picturefile>[WIDGIT]widgit rebus\c\chicken.emf</picturefile>
</word>
<word>
<wordtext><![CDATA[turkey ]]></wordtext>
<picturefile>[WIDGIT]widgit rebus\t\turkey.emf</picturefile>
</word>
</wordlist>
