<?xml version="1.0" encoding="utf-8" ?>

<sensorygrid>
<grid workspace_x="3" workspace_y="1">
<rows>5</rows>
<cols>7</cols>
<selfclosing>0</selfclosing>
<titlebartext></titlebartext>
<customblockscan>1</customblockscan>
<predictionsource>0</predictionsource>
<oskcellratio>0</oskcellratio>
<background style="0">
<backcolour>14737632</backcolour>
<backcolour2>14737632</backcolour2>
</background>
<cells>
<cell x="1" y="1">
<caption><![CDATA[go back]]></caption>
<tooltip><![CDATA[go back]]></tooltip>
<picture>[GRID2X]jump.back.wmf</picture>
<scanblock>1</scanblock>
<directactivate>1</directactivate>
<hidden>0</hidden>
<stylepreset>Jump Home &amp; back</stylepreset>
<commands>
<command>
<id>jump.back</id>
</command>
</commands>
</cell>
<cell x="2" y="1">
<caption><![CDATA[Sentence Starters]]></caption>
<tooltip><![CDATA[Sentence Starters]]></tooltip>
<scanblock>1</scanblock>
<hidden>0</hidden>
<stylepreset>Self Closing Page</stylepreset>
<commands>
<command>
<id>jump.to</id>
<parameter index="1"><![CDATA[Sentence Starters]]></parameter>
</command>
</commands>
</cell>
<cell x="3" y="1">
<magnifyx>3</magnifyx>
<scanblock>1</scanblock>
<hidden>0</hidden>
<stylepreset>Blank cell (no style)</stylepreset>
</cell>
<cell x="4" y="1">
<scanblock>1</scanblock>
<hidden>0</hidden>
<stylepreset>Blank cell (no style)</stylepreset>
</cell>
<cell x="5" y="1">
<scanblock>1</scanblock>
<hidden>0</hidden>
<stylepreset>Blank cell (no style)</stylepreset>
</cell>
<cell x="6" y="1">
<caption><![CDATA[rub out]]></caption>
<tooltip><![CDATA[rub out]]></tooltip>
<picture>[GRID2X]type.deleteword.wmf</picture>
<scanblock>1</scanblock>
<hidden>0</hidden>
<stylepreset>Action cell</stylepreset>
<commands>
<command>
<id>type.deleteword</id>
</command>
</commands>
</cell>
<cell x="7" y="1">
<caption><![CDATA[clear]]></caption>
<tooltip><![CDATA[clear]]></tooltip>
<picture>[GRID2X]action.clear.wmf</picture>
<scanblock>1</scanblock>
<directactivate>5</directactivate>
<hidden>0</hidden>
<stylepreset>Action cell</stylepreset>
<commands>
<command>
<id>action.clear</id>
</command>
</commands>
</cell>
<cell x="1" y="2">
<caption><![CDATA[I]]></caption>
<tooltip><![CDATA[I]]></tooltip>
<picture>[WIDGIT]widgit rebus\i\i.emf</picture>
<scanblock>2</scanblock>
<hidden>0</hidden>
<stylepreset>Starter</stylepreset>
<commands>
<command>
<id>type</id>
<parameter index="1"><![CDATA[I ]]></parameter>
</command>
</commands>
</cell>
<cell x="2" y="2">
<caption><![CDATA[see]]></caption>
<tooltip><![CDATA[see]]></tooltip>
<picture>[WIDGIT]widgit rebus\s\see.emf</picture>
<scanblock>2</scanblock>
<hidden>0</hidden>
<stylepreset>Vocab cell</stylepreset>
<commands>
<command>
<id>type</id>
<parameter index="1"><![CDATA[see ]]></parameter>
</command>
</commands>
</cell>
<cell x="3" y="2">
<scanblock>2</scanblock>
<autocell>1</autocell>
<hidden>0</hidden>
<stylepreset>Auto content cell</stylepreset>
</cell>
<cell x="4" y="2">
<scanblock>2</scanblock>
<autocell>1</autocell>
<hidden>0</hidden>
<stylepreset>Auto content cell</stylepreset>
</cell>
<cell x="5" y="2">
<scanblock>2</scanblock>
<autocell>1</autocell>
<hidden>0</hidden>
<stylepreset>Auto content cell</stylepreset>
</cell>
<cell x="6" y="2">
<scanblock>2</scanblock>
<autocell>1</autocell>
<hidden>0</hidden>
<stylepreset>Auto content cell</stylepreset>
</cell>
<cell x="7" y="2">
<caption><![CDATA[Reptile & Sea]]></caption>
<tooltip><![CDATA[Reptile & Sea]]></tooltip>
<picture>[WIDGIT]widgit rebus\r\reptiles.emf</picture>
<scanblock>4</scanblock>
<hidden>0</hidden>
<stylepreset>Jump cell</stylepreset>
<commands>
<command>
<id>jump.to</id>
<parameter index="1"><![CDATA[Animals - Reptiles and Sea]]></parameter>
</command>
</commands>
</cell>
<cell x="1" y="3">
<caption><![CDATA[You]]></caption>
<tooltip><![CDATA[You]]></tooltip>
<picture>[WIDGIT]widgit rebus\y\you.emf</picture>
<scanblock>2</scanblock>
<hidden>0</hidden>
<stylepreset>Starter</stylepreset>
<commands>
<command>
<id>type</id>
<parameter index="1"><![CDATA[you ]]></parameter>
</command>
</commands>
</cell>
<cell x="2" y="3">
<caption><![CDATA[collect]]></caption>
<tooltip><![CDATA[collect]]></tooltip>
<picture>[WIDGIT]widgit rebus 05\symbols 5a\collect.emf</picture>
<scanblock>2</scanblock>
<hidden>0</hidden>
<stylepreset>Vocab cell</stylepreset>
<commands>
<command>
<id>type</id>
<parameter index="1"><![CDATA[collect ]]></parameter>
</command>
</commands>
</cell>
<cell x="3" y="3">
<scanblock>2</scanblock>
<autocell>1</autocell>
<hidden>0</hidden>
<stylepreset>Auto content cell</stylepreset>
</cell>
<cell x="4" y="3">
<scanblock>2</scanblock>
<autocell>1</autocell>
<hidden>0</hidden>
<stylepreset>Auto content cell</stylepreset>
</cell>
<cell x="5" y="3">
<scanblock>2</scanblock>
<autocell>1</autocell>
<hidden>0</hidden>
<stylepreset>Auto content cell</stylepreset>
</cell>
<cell x="6" y="3">
<scanblock>2</scanblock>
<autocell>1</autocell>
<hidden>0</hidden>
<stylepreset>Auto content cell</stylepreset>
</cell>
<cell x="7" y="3">
<caption><![CDATA[Words]]></caption>
<tooltip><![CDATA[Small Words]]></tooltip>
<picture>[WIDGIT]widgit rebus\w\word.emf</picture>
<scanblock>4</scanblock>
<hidden>0</hidden>
<stylepreset>Self Closing Page</stylepreset>
<commands>
<command>
<id>jump.to</id>
<parameter index="1"><![CDATA[Small Words]]></parameter>
</command>
</commands>
</cell>
<cell x="1" y="4">
<scanblock>2</scanblock>
<hidden>0</hidden>
<stylepreset>Blank cell (no style)</stylepreset>
</cell>
<cell x="2" y="4">
<caption><![CDATA[play]]></caption>
<tooltip><![CDATA[play]]></tooltip>
<picture>[WIDGIT]widgit rebus\p\play.emf</picture>
<scanblock>2</scanblock>
<hidden>0</hidden>
<stylepreset>Vocab cell</stylepreset>
<commands>
<command>
<id>type</id>
<parameter index="1"><![CDATA[play ]]></parameter>
</command>
</commands>
</cell>
<cell x="3" y="4">
<scanblock>2</scanblock>
<autocell>1</autocell>
<hidden>0</hidden>
<stylepreset>Auto content cell</stylepreset>
</cell>
<cell x="4" y="4">
<scanblock>2</scanblock>
<autocell>1</autocell>
<hidden>0</hidden>
<stylepreset>Auto content cell</stylepreset>
</cell>
<cell x="5" y="4">
<scanblock>2</scanblock>
<autocell>1</autocell>
<hidden>0</hidden>
<stylepreset>Auto content cell</stylepreset>
</cell>
<cell x="6" y="4">
<scanblock>2</scanblock>
<autocell>1</autocell>
<hidden>0</hidden>
<stylepreset>Auto content cell</stylepreset>
</cell>
<cell x="7" y="4">
<scanblock>4</scanblock>
<hidden>0</hidden>
<stylepreset>Blank cell (no style)</stylepreset>
</cell>
<cell x="1" y="5">
<scanblock>2</scanblock>
<hidden>0</hidden>
<stylepreset>Blank cell (no style)</stylepreset>
</cell>
<cell x="2" y="5">
<caption><![CDATA[swim]]></caption>
<tooltip><![CDATA[swim]]></tooltip>
<picture>[WIDGIT]widgit rebus\s\swim.emf</picture>
<scanblock>2</scanblock>
<hidden>0</hidden>
<stylepreset>Vocab cell</stylepreset>
<commands>
<command>
<id>type</id>
<parameter index="1"><![CDATA[swim ]]></parameter>
</command>
</commands>
</cell>
<cell x="3" y="5">
<scanblock>2</scanblock>
<autocell>1</autocell>
<hidden>0</hidden>
<stylepreset>Auto content cell</stylepreset>
</cell>
<cell x="4" y="5">
<scanblock>2</scanblock>
<autocell>1</autocell>
<hidden>0</hidden>
<stylepreset>Auto content cell</stylepreset>
</cell>
<cell x="5" y="5">
<caption><![CDATA[and]]></caption>
<tooltip><![CDATA[and]]></tooltip>
<picture>[WIDGIT]widgit rebus 04\symbols a\and 1.emf</picture>
<scanblock>2</scanblock>
<hidden>0</hidden>
<stylepreset>Auto content cell</stylepreset>
<commands>
<command>
<id>type</id>
<parameter index="1"><![CDATA[and ]]></parameter>
</command>
</commands>
</cell>
<cell x="6" y="5">
<caption><![CDATA[more words]]></caption>
<tooltip><![CDATA[more words]]></tooltip>
<picture>[GRID2X]autocells.nextpage.wmf</picture>
<scanblock>2</scanblock>
<directactivate>8</directactivate>
<hidden>0</hidden>
<stylepreset>More Words</stylepreset>
<commands>
<command>
<id>autocells.nextpage</id>
<parameter index="1"><![CDATA[0]]></parameter>
</command>
</commands>
</cell>
<cell x="7" y="5">
<caption><![CDATA[home]]></caption>
<tooltip><![CDATA[home]]></tooltip>
<picture>[GRID2X]jump.home.wmf</picture>
<scanblock>4</scanblock>
<directactivate>2</directactivate>
<hidden>0</hidden>
<stylepreset>Jump Home &amp; back</stylepreset>
<commands>
<command>
<id>jump.home</id>
</command>
</commands>
</cell>
</cells>
</grid>
</sensorygrid>
