<?xml version="1.0" encoding="utf-8" ?>

<wordlist>
<word>
<wordtext><![CDATA[lighthouse ]]></wordtext>
<picturefile>[WIDGIT]widgit rebus 04\symbols b\lighthouse.emf</picturefile>
</word>
<word>
<wordtext><![CDATA[boat ]]></wordtext>
<picturefile>[WIDGIT]widgit rebus topics\history\boat.emf</picturefile>
</word>
<word>
<wordtext><![CDATA[sand ]]></wordtext>
<picturefile>[WIDGIT]widgit rebus\s\sand.emf</picturefile>
</word>
<word>
<wordtext><![CDATA[pebbles ]]></wordtext>
<picturefile>[WIDGIT]widgit rebus\p\pebbles.emf</picturefile>
</word>
<word>
<wordtext><![CDATA[rock pool ]]></wordtext>
<picturefile>[WIDGIT]widgit rebus\r\rockpool.emf</picturefile>
</word>
<word>
<wordtext><![CDATA[seaweed ]]></wordtext>
<picturefile>[WIDGIT]widgit rebus\s\seaweed.emf</picturefile>
</word>
<word>
<wordtext><![CDATA[shells ]]></wordtext>
<picturefile>[WIDGIT]widgit rebus\s\shells.emf</picturefile>
</word>
<word>
<wordtext><![CDATA[sandcastle ]]></wordtext>
<picturefile>[WIDGIT]widgit rebus\s\sandcastle.emf</picturefile>
</word>
<word>
<wordtext><![CDATA[sun cream ]]></wordtext>
<picturefile>[WIDGIT]widgit rebus\s\sun cream.emf</picturefile>
</word>
<word>
<wordtext><![CDATA[swimwear ]]></wordtext>
<picturefile>[WIDGIT]widgit rebus\s\swimsuit.emf</picturefile>
</word>
<word>
<wordtext><![CDATA[bucket ]]></wordtext>
<picturefile>rad63087.png</picturefile>
</word>
<word>
<wordtext><![CDATA[spade ]]></wordtext>
<picturefile>radEFB7E.png</picturefile>
</word>
<word>
<wordtext><![CDATA[towel ]]></wordtext>
<picturefile>[WIDGIT]widgit rebus\b\beach towel.emf</picturefile>
</word>
<word>
<wordtext><![CDATA[sea ]]></wordtext>
<picturefile>[WIDGIT]widgit rebus\s\sea.emf</picturefile>
</word>
<word>
<wordtext><![CDATA[seaside ]]></wordtext>
<picturefile>[WIDGIT]widgit rebus\b\beach.emf</picturefile>
</word>
<word>
<wordtext><![CDATA[beach ]]></wordtext>
<picturefile>[WIDGIT]widgit rebus\b\beach.emf</picturefile>
</word>
<word>
<wordtext><![CDATA[cliffs ]]></wordtext>
<picturefile>[WIDGIT]widgit rebus\c\cliff.emf</picturefile>
</word>
<word>
<wordtext><![CDATA[sea life centre ]]></wordtext>
<picturefile>[WIDGIT]widgit rebus\s\sea life centre.emf</picturefile>
</word>
<word>
<wordtext><![CDATA[crab ]]></wordtext>
<picturefile>[WIDGIT]widgit rebus\c\crab.emf</picturefile>
</word>
<word>
<wordtext><![CDATA[starfish ]]></wordtext>
<picturefile>[WIDGIT]widgit rebus\s\starfish.emf</picturefile>
</word>
<word>
<wordtext><![CDATA[fish ]]></wordtext>
<picturefile>[WIDGIT]widgit rebus\f\fish 1.emf</picturefile>
</word>
<word>
<wordtext><![CDATA[seagull ]]></wordtext>
<picturefile>[WIDGIT]widgit rebus\s\seagull.emf</picturefile>
</word>
<word>
<wordtext><![CDATA[dolphin ]]></wordtext>
<picturefile>[WIDGIT]widgit rebus\d\dolphin.emf</picturefile>
</word>
<word>
<wordtext><![CDATA[seal ]]></wordtext>
<picturefile>[WIDGIT]widgit rebus\s\seal.emf</picturefile>
</word>
<word>
<wordtext><![CDATA[seahorse ]]></wordtext>
<picturefile>[WIDGIT]widgit rebus\s\seahorse.emf</picturefile>
</word>
<word>
<wordtext><![CDATA[octopus ]]></wordtext>
<picturefile>[WIDGIT]widgit rebus\o\octopus.emf</picturefile>
</word>
<word>
<wordtext><![CDATA[whale ]]></wordtext>
<picturefile>[WIDGIT]widgit rebus\w\whale.emf</picturefile>
</word>
<word>
<wordtext><![CDATA[shark ]]></wordtext>
<picturefile>[WIDGIT]widgit rebus\s\shark.emf</picturefile>
</word>
</wordlist>
