<?xml version="1.0" encoding="utf-8" ?>

<wordlist>
<word>
<wordtext><![CDATA[fruit ]]></wordtext>
<picturefile>[WIDGIT]widgit rebus\f\fruit.emf</picturefile>
</word>
<word>
<wordtext><![CDATA[apple ]]></wordtext>
<picturefile>[WIDGIT]widgit rebus\a\apple.emf</picturefile>
</word>
<word>
<wordtext><![CDATA[banana ]]></wordtext>
<picturefile>[WIDGIT]widgit rebus\b\banana.emf</picturefile>
</word>
<word>
<wordtext><![CDATA[orange ]]></wordtext>
<picturefile>[WIDGIT]widgit rebus\o\orange.emf</picturefile>
</word>
<word>
<wordtext><![CDATA[pear ]]></wordtext>
<picturefile>[WIDGIT]widgit rebus\p\pear.emf</picturefile>
</word>
<word>
<wordtext><![CDATA[blackcurrants ]]></wordtext>
<picturefile>[WIDGIT]widgit rebus\b\blackcurrant.emf</picturefile>
</word>
<word>
<wordtext><![CDATA[raisins ]]></wordtext>
<picturefile>[WIDGIT]widgit rebus\r\raisins.emf</picturefile>
</word>
<word>
<wordtext><![CDATA[cherry ]]></wordtext>
<picturefile>[WIDGIT]widgit rebus\c\cherries.emf</picturefile>
</word>
<word>
<wordtext><![CDATA[grapefruit ]]></wordtext>
<picturefile>[WIDGIT]widgit rebus\g\grapefruit.emf</picturefile>
</word>
<word>
<wordtext><![CDATA[grapes ]]></wordtext>
<picturefile>[WIDGIT]widgit rebus\g\grape.emf</picturefile>
</word>
<word>
<wordtext><![CDATA[lemon ]]></wordtext>
<picturefile>[WIDGIT]widgit rebus\l\lemon.emf</picturefile>
</word>
<word>
<wordtext><![CDATA[lime ]]></wordtext>
<picturefile>[WIDGIT]widgit rebus\l\lime.emf</picturefile>
</word>
<word>
<wordtext><![CDATA[melon ]]></wordtext>
<picturefile>[WIDGIT]widgit rebus\w\watermelon.emf</picturefile>
</word>
<word>
<wordtext><![CDATA[peach ]]></wordtext>
<picturefile>[WIDGIT]widgit rebus\p\peach.emf</picturefile>
</word>
<word>
<wordtext><![CDATA[plum ]]></wordtext>
<picturefile>[WIDGIT]widgit rebus\p\plum.emf</picturefile>
</word>
<word>
<wordtext><![CDATA[raspberries ]]></wordtext>
<picturefile>[WIDGIT]widgit rebus\r\raspberry.emf</picturefile>
</word>
<word>
<wordtext><![CDATA[strawberry ]]></wordtext>
<picturefile>[WIDGIT]widgit rebus\s\strawberry.emf</picturefile>
</word>
<word>
<wordtext><![CDATA[avocado ]]></wordtext>
<picturefile>[WIDGIT]widgit rebus\a\avocado.emf</picturefile>
</word>
<word>
<wordtext><![CDATA[apricot ]]></wordtext>
<picturefile>[WIDGIT]widgit rebus\a\apricot.emf</picturefile>
</word>
<word>
<wordtext><![CDATA[blackberries ]]></wordtext>
<picturefile>[WIDGIT]widgit rebus\b\berries.emf</picturefile>
</word>
<word>
<wordtext><![CDATA[kiwi fruit ]]></wordtext>
<picturefile>[WIDGIT]widgit rebus\k\kiwi.emf</picturefile>
</word>
<word>
<wordtext><![CDATA[mango ]]></wordtext>
<picturefile>[WIDGIT]widgit rebus\m\mango.emf</picturefile>
</word>
<word>
<wordtext><![CDATA[pineapple ]]></wordtext>
<picturefile>[WIDGIT]widgit rebus\p\pineapple.emf</picturefile>
</word>
<word>
<wordtext><![CDATA[rhubarb ]]></wordtext>
<picturefile>[WIDGIT]widgit rebus\r\rhubarb.emf</picturefile>
</word>
</wordlist>
