<?xml version="1.0" encoding="utf-8" ?>

<wordlist>
<word>
<wordtext><![CDATA[January ]]></wordtext>
<picturefile>[WIDGIT]england\uk wrebus\january.emf</picturefile>
</word>
<word>
<wordtext><![CDATA[February ]]></wordtext>
<picturefile>[WIDGIT]england\uk wrebus\february.emf</picturefile>
</word>
<word>
<wordtext><![CDATA[March ]]></wordtext>
<picturefile>[WIDGIT]england\uk wrebus\march.emf</picturefile>
</word>
<word>
<wordtext><![CDATA[April ]]></wordtext>
<picturefile>[WIDGIT]england\uk wrebus\april.emf</picturefile>
</word>
<word>
<wordtext><![CDATA[May ]]></wordtext>
<picturefile>[WIDGIT]england\uk wrebus\may.emf</picturefile>
</word>
<word>
<wordtext><![CDATA[June ]]></wordtext>
<picturefile>[WIDGIT]england\uk wrebus\june.emf</picturefile>
</word>
<word>
<wordtext><![CDATA[July ]]></wordtext>
<picturefile>[WIDGIT]england\uk wrebus\july.emf</picturefile>
</word>
<word>
<wordtext><![CDATA[August ]]></wordtext>
<picturefile>[WIDGIT]england\uk wrebus\august.emf</picturefile>
</word>
<word>
<wordtext><![CDATA[September ]]></wordtext>
<picturefile>[WIDGIT]england\uk wrebus\september.emf</picturefile>
</word>
<word>
<wordtext><![CDATA[October ]]></wordtext>
<picturefile>[WIDGIT]england\uk wrebus\october.emf</picturefile>
</word>
<word>
<wordtext><![CDATA[November ]]></wordtext>
<picturefile>[WIDGIT]england\uk wrebus\november.emf</picturefile>
</word>
<word>
<wordtext><![CDATA[December ]]></wordtext>
<picturefile>[WIDGIT]england\uk wrebus\december.emf</picturefile>
</word>
<word>
<wordtext><![CDATA[Spring ]]></wordtext>
<picturefile>[WIDGIT]widgit rebus\s\spring 1.emf</picturefile>
</word>
<word>
<wordtext><![CDATA[Summer ]]></wordtext>
<picturefile>[WIDGIT]widgit rebus\s\summer 1.emf</picturefile>
</word>
<word>
<wordtext><![CDATA[Autumn ]]></wordtext>
<picturefile>[WIDGIT]widgit rebus\a\autumn 1.emf</picturefile>
</word>
<word>
<wordtext><![CDATA[Winter ]]></wordtext>
<picturefile>[WIDGIT]widgit rebus\w\winter 1.emf</picturefile>
</word>
<word>
<wordtext><![CDATA[season ]]></wordtext>
<picturefile>[WIDGIT]widgit rebus\s\seasons.emf</picturefile>
</word>
</wordlist>
