<?xml version="1.0" encoding="utf-8" ?>

<wordlist>
<word>
<wordtext><![CDATA[new ]]></wordtext>
<picturefile>[WIDGIT]widgit rebus\n\new thing.emf</picturefile>
</word>
<word>
<wordtext><![CDATA[old ]]></wordtext>
<picturefile>[WIDGIT]widgit rebus\o\old thing.emf</picturefile>
</word>
<word>
<wordtext><![CDATA[clothes ]]></wordtext>
<picturefile>[WIDGIT]widgit rebus\c\clothes.emf</picturefile>
</word>
<word>
<wordtext><![CDATA[dress ]]></wordtext>
<picturefile>[WIDGIT]widgit rebus\d\dress.emf</picturefile>
</word>
<word>
<wordtext><![CDATA[skirt ]]></wordtext>
<picturefile>[WIDGIT]widgit rebus\s\skirt.emf</picturefile>
</word>
<word>
<wordtext><![CDATA[trousers ]]></wordtext>
<picturefile>[WIDGIT]widgit rebus\t\trousers.emf</picturefile>
</word>
<word>
<wordtext><![CDATA[shorts ]]></wordtext>
<picturefile>[WIDGIT]widgit rebus\s\shorts.emf</picturefile>
</word>
<word>
<wordtext><![CDATA[jumper ]]></wordtext>
<picturefile>[WIDGIT]widgit rebus\j\jumper.emf</picturefile>
</word>
<word>
<wordtext><![CDATA[coat ]]></wordtext>
<picturefile>[WIDGIT]widgit rebus 06\symbols 6a\coat.emf</picturefile>
</word>
<word>
<wordtext><![CDATA[t-shirt ]]></wordtext>
<picturefile>[WIDGIT]widgit rebus\t\tee shirt.emf</picturefile>
</word>
<word>
<wordtext><![CDATA[shirt ]]></wordtext>
<picturefile>[WIDGIT]widgit rebus\s\shirt.emf</picturefile>
</word>
<word>
<wordtext><![CDATA[pyjamas ]]></wordtext>
<picturefile>[WIDGIT]widgit rebus\p\pyjamas.emf</picturefile>
</word>
<word>
<wordtext><![CDATA[dressing gown ]]></wordtext>
<picturefile>[WIDGIT]widgit rebus\d\dressing gown.emf</picturefile>
</word>
<word>
<wordtext><![CDATA[pants ]]></wordtext>
<picturefile>[WIDGIT]widgit rebus\p\pants.emf</picturefile>
</word>
</wordlist>
