<?xml version="1.0" encoding="utf-8" ?>

<wordlist>
<word>
<wordtext><![CDATA[farm animal ]]></wordtext>
<picturefile>[WIDGIT]widgit rebus 06\symbols 6b\farm animals.emf</picturefile>
</word>
<word>
<wordtext><![CDATA[cow ]]></wordtext>
<picturefile>[WIDGIT]widgit rebus\c\cow.emf</picturefile>
</word>
<word>
<wordtext><![CDATA[bull ]]></wordtext>
<picturefile>[WIDGIT]widgit rebus\b\bull.emf</picturefile>
</word>
<word>
<wordtext><![CDATA[calf ]]></wordtext>
<picturefile>[WIDGIT]widgit rebus\c\calf 1.emf</picturefile>
</word>
<word>
<wordtext><![CDATA[horse ]]></wordtext>
<picturefile>[WIDGIT]widgit rebus\h\horse.emf</picturefile>
</word>
<word>
<wordtext><![CDATA[foal ]]></wordtext>
<picturefile>[WIDGIT]widgit rebus\f\foal.emf</picturefile>
</word>
<word>
<wordtext><![CDATA[pony ]]></wordtext>
<picturefile>[WIDGIT]widgit rebus\p\pony.emf</picturefile>
</word>
<word>
<wordtext><![CDATA[donkey ]]></wordtext>
<picturefile>[WIDGIT]widgit rebus\d\donkey.emf</picturefile>
</word>
<word>
<wordtext><![CDATA[pig ]]></wordtext>
<picturefile>[WIDGIT]widgit rebus\p\pig.emf</picturefile>
</word>
<word>
<wordtext><![CDATA[piglet ]]></wordtext>
<picturefile>[WIDGIT]widgit rebus\p\piglet.emf</picturefile>
</word>
<word>
<wordtext><![CDATA[ram ]]></wordtext>
<picturefile>[WIDGIT]widgit rebus\r\ram.emf</picturefile>
</word>
<word>
<wordtext><![CDATA[sheep ]]></wordtext>
<picturefile>[WIDGIT]widgit rebus\s\sheep.emf</picturefile>
</word>
<word>
<wordtext><![CDATA[lamb ]]></wordtext>
<picturefile>[WIDGIT]widgit rebus\l\lamb.emf</picturefile>
</word>
<word>
<wordtext><![CDATA[goat ]]></wordtext>
<picturefile>[WIDGIT]widgit rebus\g\goat.emf</picturefile>
</word>
<word>
<wordtext><![CDATA[duck ]]></wordtext>
<picturefile>[WIDGIT]widgit rebus\d\duck.emf</picturefile>
</word>
<word>
<wordtext><![CDATA[duckling ]]></wordtext>
<picturefile>[WIDGIT]widgit rebus 09\symbols 9b\duckling.emf</picturefile>
</word>
<word>
<wordtext><![CDATA[chicken ]]></wordtext>
<picturefile>[WIDGIT]widgit rebus\c\chicken.emf</picturefile>
</word>
<word>
<wordtext><![CDATA[cockerel ]]></wordtext>
<picturefile>[WIDGIT]widgit rebus\c\cockerel.emf</picturefile>
</word>
<word>
<wordtext><![CDATA[chick ]]></wordtext>
<picturefile>[WIDGIT]widgit rebus\c\chick.emf</picturefile>
</word>
<word>
<wordtext><![CDATA[goose ]]></wordtext>
<picturefile>[WIDGIT]widgit rebus\g\goose.emf</picturefile>
</word>
<word>
<wordtext><![CDATA[turkey ]]></wordtext>
<picturefile>[WIDGIT]widgit rebus\t\turkey.emf</picturefile>
</word>
<word>
<wordtext><![CDATA[ostrich ]]></wordtext>
<picturefile>[WIDGIT]widgit rebus\o\ostrich.emf</picturefile>
</word>
<word>
<wordtext><![CDATA[ox ]]></wordtext>
<picturefile>[WIDGIT]widgit rebus\o\ox.emf</picturefile>
</word>
<word>
<wordtext><![CDATA[flock ]]></wordtext>
<picturefile>[WIDGIT]widgit rebus\f\flock.emf</picturefile>
</word>
<word>
<wordtext><![CDATA[herd ]]></wordtext>
<picturefile>[WIDGIT]widgit rebus\h\herd.emf</picturefile>
</word>
<word>
<wordtext><![CDATA[pigsty ]]></wordtext>
<picturefile>[WIDGIT]widgit rebus\p\pigsty.emf</picturefile>
</word>
<word>
<wordtext><![CDATA[farm ]]></wordtext>
<picturefile>[WIDGIT]widgit rebus\f\farm.emf</picturefile>
</word>
<word>
<wordtext><![CDATA[farmer ]]></wordtext>
<picturefile>[WIDGIT]widgit rebus\f\farmer.emf</picturefile>
</word>
</wordlist>
