<?xml version="1.0" encoding="utf-8" ?>

<wordlist>
<word>
<wordtext><![CDATA[plants ]]></wordtext>
<picturefile>[WIDGIT]widgit rebus\p\plants.emf</picturefile>
</word>
<word>
<wordtext><![CDATA[plant ]]></wordtext>
<picturefile>[WIDGIT]widgit rebus\p\plant.emf</picturefile>
</word>
<word>
<wordtext><![CDATA[tree ]]></wordtext>
<picturefile>[WIDGIT]widgit rebus\t\tree.emf</picturefile>
</word>
<word>
<wordtext><![CDATA[coniferous ]]></wordtext>
<picturefile>[WIDGIT]widgit rebus 03\jan-03\fir tree.emf</picturefile>
</word>
<word>
<wordtext><![CDATA[deciduous ]]></wordtext>
<picturefile>[WIDGIT]widgit rebus\a\autumn.emf</picturefile>
</word>
<word>
<wordtext><![CDATA[branch ]]></wordtext>
<picturefile>[WIDGIT]widgit rebus\b\branch.emf</picturefile>
</word>
<word>
<wordtext><![CDATA[bark ]]></wordtext>
<picturefile>[WIDGIT]widgit rebus 04\symbols a\bark 1.emf</picturefile>
</word>
<word>
<wordtext><![CDATA[leaf ]]></wordtext>
<picturefile>[WIDGIT]widgit rebus\l\leaf.emf</picturefile>
</word>
<word>
<wordtext><![CDATA[trunk ]]></wordtext>
<picturefile>[WIDGIT]widgit rebus\t\trunk 1.emf</picturefile>
</word>
<word>
<wordtext><![CDATA[forest ]]></wordtext>
<picturefile>[WIDGIT]widgit rebus\f\forest.emf</picturefile>
</word>
<word>
<wordtext><![CDATA[crops ]]></wordtext>
<picturefile>[WIDGIT]widgit rebus\c\crop.emf</picturefile>
</word>
<word>
<wordtext><![CDATA[grass ]]></wordtext>
<picturefile>[WIDGIT]widgit rebus\g\grass.emf</picturefile>
</word>
<word>
<wordtext><![CDATA[hedge ]]></wordtext>
<picturefile>[WIDGIT]widgit rebus\h\hedge.emf</picturefile>
</word>
<word>
<wordtext><![CDATA[bush ]]></wordtext>
<picturefile>[WIDGIT]widgit rebus\b\bush.emf</picturefile>
</word>
<word>
<wordtext><![CDATA[berry ]]></wordtext>
<picturefile>[WIDGIT]widgit rebus\b\berry.emf</picturefile>
</word>
<word>
<wordtext><![CDATA[bulb ]]></wordtext>
<picturefile>[WIDGIT]widgit rebus\b\bulb.emf</picturefile>
</word>
<word>
<wordtext><![CDATA[flower ]]></wordtext>
<picturefile>[WIDGIT]widgit rebus\f\flower.emf</picturefile>
</word>
<word>
<wordtext><![CDATA[daffodil ]]></wordtext>
<picturefile>[WIDGIT]widgit rebus\d\daffodil.emf</picturefile>
</word>
<word>
<wordtext><![CDATA[daisy ]]></wordtext>
<picturefile>[WIDGIT]widgit rebus 06\symbols 6a\daisy.emf</picturefile>
</word>
<word>
<wordtext><![CDATA[rose ]]></wordtext>
<picturefile>[WIDGIT]widgit rebus\r\rose.emf</picturefile>
</word>
<word>
<wordtext><![CDATA[tulip ]]></wordtext>
<picturefile>[WIDGIT]widgit rebus 04\symbols b\tulip.emf</picturefile>
</word>
<word>
<wordtext><![CDATA[petal ]]></wordtext>
<picturefile>[WIDGIT]widgit rebus\p\petal.emf</picturefile>
</word>
<word>
<wordtext><![CDATA[stem ]]></wordtext>
<picturefile>[WIDGIT]widgit rebus\s\stem.emf</picturefile>
</word>
<word>
<wordtext><![CDATA[herbs ]]></wordtext>
<picturefile>[WIDGIT]widgit rebus\h\herbs.emf</picturefile>
</word>
<word>
<wordtext><![CDATA[holly ]]></wordtext>
<picturefile>[WIDGIT]widgit rebus\h\holly.emf</picturefile>
</word>
<word>
<wordtext><![CDATA[ivy ]]></wordtext>
<picturefile>[WIDGIT]widgit rebus\i\ivy.emf</picturefile>
</word>
<word>
<wordtext><![CDATA[weed ]]></wordtext>
<picturefile>[WIDGIT]widgit rebus 05\symbols 5a\weed.emf</picturefile>
</word>
<word>
<wordtext><![CDATA[roots ]]></wordtext>
<picturefile>[WIDGIT]widgit rebus\r\root.emf</picturefile>
</word>
<word>
<wordtext><![CDATA[seeds ]]></wordtext>
<picturefile>[WIDGIT]widgit rebus\s\seeds.emf</picturefile>
</word>
<word>
<wordtext><![CDATA[palm tree ]]></wordtext>
<picturefile>[WIDGIT]widgit rebus\p\palmtrees sun.emf</picturefile>
</word>
<word>
<wordtext><![CDATA[pollen ]]></wordtext>
<picturefile>[WIDGIT]widgit rebus\p\pollen.emf</picturefile>
</word>
<word>
<wordtext><![CDATA[stick ]]></wordtext>
<picturefile>[WIDGIT]widgit rebus\s\stick.emf</picturefile>
</word>
<word>
<wordtext><![CDATA[thorns ]]></wordtext>
<picturefile>[WIDGIT]widgit rebus\t\thorn.emf</picturefile>
</word>
<word>
<wordtext><![CDATA[vine ]]></wordtext>
<picturefile>[WIDGIT]widgit rebus\v\vine.emf</picturefile>
</word>
</wordlist>
