<?xml version="1.0" encoding="utf-8" ?>

<wordlist>
<word>
<wordtext><![CDATA[belt ]]></wordtext>
<picturefile>[WIDGIT]widgit rebus\b\belt.emf</picturefile>
</word>
<word>
<wordtext><![CDATA[underwear ]]></wordtext>
<picturefile>[WIDGIT]widgit rebus\u\underwear.emf</picturefile>
</word>
<word>
<wordtext><![CDATA[bra ]]></wordtext>
<picturefile>[WIDGIT]widgit rebus\b\bra.emf</picturefile>
</word>
<word>
<wordtext><![CDATA[pants ]]></wordtext>
<picturefile>[WIDGIT]widgit rebus\p\pants.emf</picturefile>
</word>
<word>
<wordtext><![CDATA[bracelet ]]></wordtext>
<picturefile>[WIDGIT]widgit rebus\b\bracelet.emf</picturefile>
</word>
<word>
<wordtext><![CDATA[watch ]]></wordtext>
<picturefile>[WIDGIT]widgit rebus\w\watch 1.emf</picturefile>
</word>
<word>
<wordtext><![CDATA[glasses ]]></wordtext>
<picturefile>[WIDGIT]widgit rebus\g\glasses.emf</picturefile>
</word>
<word>
<wordtext><![CDATA[gloves ]]></wordtext>
<picturefile>[WIDGIT]widgit rebus\g\gloves.emf</picturefile>
</word>
<word>
<wordtext><![CDATA[hat ]]></wordtext>
<picturefile>[WIDGIT]widgit rebus\h\hat.emf</picturefile>
</word>
<word>
<wordtext><![CDATA[scarf ]]></wordtext>
<picturefile>[WIDGIT]widgit rebus\s\scarf.emf</picturefile>
</word>
<word>
<wordtext><![CDATA[shoes ]]></wordtext>
<picturefile>[WIDGIT]widgit rebus\s\shoes.emf</picturefile>
</word>
<word>
<wordtext><![CDATA[socks ]]></wordtext>
<picturefile>[WIDGIT]widgit rebus 03\feb 03\socks.emf</picturefile>
</word>
<word>
<wordtext><![CDATA[boots ]]></wordtext>
<picturefile>[WIDGIT]widgit rebus\w\wellies.emf</picturefile>
</word>
<word>
<wordtext><![CDATA[heels ]]></wordtext>
<picturefile>[WIDGIT]widgit rebus 04\symbols b\high heels.emf</picturefile>
</word>
<word>
<wordtext><![CDATA[sandals ]]></wordtext>
<picturefile>[WIDGIT]widgit rebus\s\sandals.emf</picturefile>
</word>
<word>
<wordtext><![CDATA[trainers ]]></wordtext>
<picturefile>[WIDGIT]widgit rebus\t\trainers.emf</picturefile>
</word>
<word>
<wordtext><![CDATA[jewellery ]]></wordtext>
<picturefile>[WIDGIT]widgit rebus\j\jewellery.emf</picturefile>
</word>
<word>
<wordtext><![CDATA[necklace ]]></wordtext>
<picturefile>[WIDGIT]widgit rebus\n\necklace.emf</picturefile>
</word>
<word>
<wordtext><![CDATA[ring ]]></wordtext>
<picturefile>[WIDGIT]widgit rebus\r\ring.emf</picturefile>
</word>
<word>
<wordtext><![CDATA[watch ]]></wordtext>
<picturefile>[WIDGIT]widgit rebus\w\watch 1.emf</picturefile>
</word>
<word>
<wordtext><![CDATA[goggles ]]></wordtext>
<picturefile>[WIDGIT]widgit rebus\g\goggles.emf</picturefile>
</word>
<word>
<wordtext><![CDATA[swim shorts ]]></wordtext>
<picturefile>[WIDGIT]widgit rebus\b\board shorts.emf</picturefile>
</word>
<word>
<wordtext><![CDATA[swimming costume ]]></wordtext>
<picturefile>[WIDGIT]widgit rebus\s\swimsuit.emf</picturefile>
</word>
<word>
<wordtext><![CDATA[trunks ]]></wordtext>
<picturefile>[WIDGIT]widgit rebus\t\trunks.emf</picturefile>
</word>
<word>
<wordtext><![CDATA[tie ]]></wordtext>
<picturefile>[WIDGIT]widgit rebus\t\tie 1.emf</picturefile>
</word>
<word>
<wordtext><![CDATA[apron ]]></wordtext>
<picturefile>[WIDGIT]widgit rebus\a\apron.emf</picturefile>
</word>
</wordlist>
