<?xml version="1.0" encoding="utf-8" ?>

<sensorygrid>
<grid workspace_x="3" workspace_y="1">
<rows>5</rows>
<cols>7</cols>
<selfclosing>0</selfclosing>
<titlebartext></titlebartext>
<customblockscan>1</customblockscan>
<predictionsource>0</predictionsource>
<oskcellratio>0</oskcellratio>
<background style="0">
<backcolour>14737632</backcolour>
<backcolour2>14737632</backcolour2>
</background>
<cells>
<cell x="1" y="1">
<caption><![CDATA[go back]]></caption>
<tooltip><![CDATA[go back]]></tooltip>
<picture>[GRID2X]jump.back.wmf</picture>
<scanblock>1</scanblock>
<directactivate>1</directactivate>
<hidden>0</hidden>
<stylepreset>Jump Home &amp; back</stylepreset>
<commands>
<command>
<id>jump.back</id>
</command>
</commands>
</cell>
<cell x="2" y="1">
<caption><![CDATA[Sentence Starters]]></caption>
<tooltip><![CDATA[Sentence Starters]]></tooltip>
<scanblock>1</scanblock>
<hidden>0</hidden>
<stylepreset>Self Closing Page</stylepreset>
<commands>
<command>
<id>jump.to</id>
<parameter index="1"><![CDATA[Sentence Starters]]></parameter>
</command>
</commands>
</cell>
<cell x="3" y="1">
<magnifyx>3</magnifyx>
<scanblock>1</scanblock>
<hidden>0</hidden>
<stylepreset>Blank cell (no style)</stylepreset>
</cell>
<cell x="4" y="1">
<scanblock>1</scanblock>
<hidden>0</hidden>
<stylepreset>Blank cell (no style)</stylepreset>
</cell>
<cell x="5" y="1">
<scanblock>1</scanblock>
<hidden>0</hidden>
<stylepreset>Blank cell (no style)</stylepreset>
</cell>
<cell x="6" y="1">
<caption><![CDATA[rub out]]></caption>
<tooltip><![CDATA[rub out]]></tooltip>
<picture>[GRID2X]type.deleteword.wmf</picture>
<scanblock>1</scanblock>
<hidden>0</hidden>
<stylepreset>Action cell</stylepreset>
<commands>
<command>
<id>type.deleteword</id>
</command>
</commands>
</cell>
<cell x="7" y="1">
<caption><![CDATA[clear]]></caption>
<tooltip><![CDATA[clear]]></tooltip>
<picture>[GRID2X]action.clear.wmf</picture>
<scanblock>1</scanblock>
<hidden>0</hidden>
<stylepreset>Action cell</stylepreset>
<commands>
<command>
<id>action.clear</id>
</command>
</commands>
</cell>
<cell x="1" y="2">
<caption><![CDATA[Questions to ask people]]></caption>
<tooltip><![CDATA[Questions to ask people]]></tooltip>
<magnifyx>7</magnifyx>
<scanblock>0</scanblock>
<hidden>0</hidden>
<stylepreset>Blank cell (no style)</stylepreset>
</cell>
<cell x="2" y="2">
<scanblock>1</scanblock>
<hidden>0</hidden>
<stylepreset>Blank cell (no style)</stylepreset>
</cell>
<cell x="3" y="2">
<scanblock>1</scanblock>
<hidden>0</hidden>
<stylepreset>Blank cell (no style)</stylepreset>
</cell>
<cell x="4" y="2">
<scanblock>1</scanblock>
<hidden>0</hidden>
<stylepreset>Blank cell (no style)</stylepreset>
</cell>
<cell x="5" y="2">
<scanblock>1</scanblock>
<hidden>0</hidden>
<stylepreset>Blank cell (no style)</stylepreset>
</cell>
<cell x="6" y="2">
<scanblock>0</scanblock>
<hidden>0</hidden>
<stylepreset>Blank cell (no style)</stylepreset>
</cell>
<cell x="7" y="2">
<scanblock>0</scanblock>
<hidden>0</hidden>
<stylepreset>Blank cell (no style)</stylepreset>
</cell>
<cell x="1" y="3">
<caption><![CDATA[Do you like]]></caption>
<tooltip><![CDATA[Do you like]]></tooltip>
<picture>[WIDGIT]widgit rebus\l\like.emf</picture>
<scanblock>2</scanblock>
<hidden>0</hidden>
<stylepreset>Jump and Speak</stylepreset>
<commands>
<command>
<id>type</id>
<parameter index="1"><![CDATA[Do you like ]]></parameter>
</command>
<command>
<id>jump.to</id>
<parameter index="1"><![CDATA[I like and love]]></parameter>
</command>
</commands>
</cell>
<cell x="2" y="3">
<caption><![CDATA[favourite]]></caption>
<tooltip><![CDATA[favourite]]></tooltip>
<picture>[WIDGIT]widgit rebus\f\favourite.emf</picture>
<scanblock>2</scanblock>
<hidden>0</hidden>
<stylepreset>Jump and Speak</stylepreset>
<commands>
<command>
<id>type</id>
<parameter index="1"><![CDATA[What's your favourite ]]></parameter>
</command>
<command>
<id>jump.to</id>
<parameter index="1"><![CDATA[Whats your favourite]]></parameter>
</command>
</commands>
</cell>
<cell x="3" y="3">
<scanblock>2</scanblock>
<hidden>0</hidden>
<stylepreset>Blank cell (no style)</stylepreset>
</cell>
<cell x="4" y="3">
<caption><![CDATA[name?]]></caption>
<tooltip><![CDATA[name?]]></tooltip>
<picture>[WIDGIT]widgit rebus\n\name.emf</picture>
<scanblock>4</scanblock>
<hidden>0</hidden>
<stylepreset>Vocab cell</stylepreset>
<commands>
<command>
<id>type</id>
<parameter index="1"><![CDATA[What is your name? ]]></parameter>
</command>
</commands>
</cell>
<cell x="5" y="3">
<caption><![CDATA[how old?]]></caption>
<tooltip><![CDATA[how old?]]></tooltip>
<picture>[WIDGIT]widgit rebus\h\how old.emf</picture>
<scanblock>4</scanblock>
<hidden>0</hidden>
<stylepreset>Vocab cell</stylepreset>
<commands>
<command>
<id>type</id>
<parameter index="1"><![CDATA[how old are you? ]]></parameter>
</command>
</commands>
</cell>
<cell x="6" y="3">
<caption><![CDATA[birthday?]]></caption>
<tooltip><![CDATA[birthday?]]></tooltip>
<picture>[WIDGIT]widgit rebus\b\birthday.emf</picture>
<scanblock>4</scanblock>
<hidden>0</hidden>
<stylepreset>Vocab cell</stylepreset>
<commands>
<command>
<id>type</id>
<parameter index="1"><![CDATA[When is your birthday? ]]></parameter>
</command>
</commands>
</cell>
<cell x="7" y="3">
<caption><![CDATA[Questions]]></caption>
<tooltip><![CDATA[Questions]]></tooltip>
<picture>[WIDGIT]widgit rebus\q\question.emf</picture>
<scanblock>8</scanblock>
<hidden>0</hidden>
<stylepreset>Self Closing Page</stylepreset>
<commands>
<command>
<id>jump.to</id>
<parameter index="1"><![CDATA[Questions]]></parameter>
</command>
</commands>
</cell>
<cell x="1" y="4">
<caption><![CDATA[you got]]></caption>
<tooltip><![CDATA[you got]]></tooltip>
<picture>[WIDGIT]widgit rebus\g\get 1.emf</picture>
<scanblock>2</scanblock>
<hidden>0</hidden>
<stylepreset>Jump and Speak</stylepreset>
<commands>
<command>
<id>type</id>
<parameter index="1"><![CDATA[Have you got ]]></parameter>
</command>
<command>
<id>jump.to</id>
<parameter index="1"><![CDATA[Have you got]]></parameter>
</command>
</commands>
</cell>
<cell x="2" y="4">
<caption><![CDATA[you afraid]]></caption>
<tooltip><![CDATA[you afraid]]></tooltip>
<picture>[WIDGIT]widgit rebus\a\afraid.emf</picture>
<scanblock>2</scanblock>
<hidden>0</hidden>
<stylepreset>Jump and Speak</stylepreset>
<commands>
<command>
<id>type</id>
<parameter index="1"><![CDATA[Are you afraid of ]]></parameter>
</command>
<command>
<id>jump.to</id>
<parameter index="1"><![CDATA[I don't like hate afraid]]></parameter>
</command>
</commands>
</cell>
<cell x="3" y="4">
<scanblock>2</scanblock>
<hidden>0</hidden>
<stylepreset>Blank cell (no style)</stylepreset>
</cell>
<cell x="4" y="4">
<caption><![CDATA[work?]]></caption>
<tooltip><![CDATA[work?]]></tooltip>
<picture>[WIDGIT]widgit rebus\j\job.emf</picture>
<scanblock>4</scanblock>
<hidden>0</hidden>
<stylepreset>Vocab cell</stylepreset>
<commands>
<command>
<id>type</id>
<parameter index="1"><![CDATA[Where do you work? ]]></parameter>
</command>
</commands>
</cell>
<cell x="5" y="4">
<caption><![CDATA[live?]]></caption>
<tooltip><![CDATA[live?]]></tooltip>
<picture>[WIDGIT]widgit rebus\l\live.emf</picture>
<scanblock>4</scanblock>
<hidden>0</hidden>
<stylepreset>Vocab cell</stylepreset>
<commands>
<command>
<id>type</id>
<parameter index="1"><![CDATA[Where do you live? ]]></parameter>
</command>
</commands>
</cell>
<cell x="6" y="4">
<caption><![CDATA[children?]]></caption>
<tooltip><![CDATA[children?]]></tooltip>
<picture>[WIDGIT]widgit rebus\c\children.emf</picture>
<scanblock>4</scanblock>
<hidden>0</hidden>
<stylepreset>Vocab cell</stylepreset>
<commands>
<command>
<id>type</id>
<parameter index="1"><![CDATA[Do you have any children? ]]></parameter>
</command>
</commands>
</cell>
<cell x="7" y="4">
<caption><![CDATA[About Me]]></caption>
<picture>[WIDGIT]widgit rebus\m\me.emf</picture>
<scanblock>8</scanblock>
<hidden>0</hidden>
<stylepreset>Jump cell</stylepreset>
<commands>
<command>
<id>jump.to</id>
<parameter index="1"><![CDATA[about me]]></parameter>
</command>
</commands>
</cell>
<cell x="1" y="5">
<scanblock>2</scanblock>
<hidden>0</hidden>
<stylepreset>Blank cell (no style)</stylepreset>
</cell>
<cell x="2" y="5">
<scanblock>2</scanblock>
<hidden>0</hidden>
<stylepreset>Blank cell (no style)</stylepreset>
</cell>
<cell x="3" y="5">
<scanblock>2</scanblock>
<hidden>0</hidden>
<stylepreset>Blank cell (no style)</stylepreset>
</cell>
<cell x="4" y="5">
<caption><![CDATA[pets?]]></caption>
<tooltip><![CDATA[pets?]]></tooltip>
<picture>[WIDGIT]widgit rebus\p\pets.emf</picture>
<scanblock>4</scanblock>
<hidden>0</hidden>
<stylepreset>Vocab cell</stylepreset>
<commands>
<command>
<id>type</id>
<parameter index="1"><![CDATA[Do you have any pets? ]]></parameter>
</command>
</commands>
</cell>
<cell x="5" y="5">
<caption><![CDATA[favourite sport?]]></caption>
<tooltip><![CDATA[favourite sport?]]></tooltip>
<picture>[WIDGIT]widgit rebus\s\sport.emf</picture>
<scanblock>4</scanblock>
<hidden>0</hidden>
<stylepreset>Vocab cell</stylepreset>
<commands>
<command>
<id>type</id>
<parameter index="1"><![CDATA[What is your favourite sport? ]]></parameter>
</command>
</commands>
</cell>
<cell x="6" y="5">
<caption><![CDATA[favourite TV show?]]></caption>
<tooltip><![CDATA[favourite TV show?]]></tooltip>
<picture>[WIDGIT]widgit rebus\t\television.emf</picture>
<scanblock>4</scanblock>
<hidden>0</hidden>
<stylepreset>Vocab cell</stylepreset>
<commands>
<command>
<id>type</id>
<parameter index="1"><![CDATA[What is your favourite TV show? ]]></parameter>
</command>
</commands>
</cell>
<cell x="7" y="5">
<caption><![CDATA[home]]></caption>
<tooltip><![CDATA[home]]></tooltip>
<picture>[GRID2X]jump.home.wmf</picture>
<scanblock>8</scanblock>
<directactivate>2</directactivate>
<hidden>0</hidden>
<stylepreset>Jump Home &amp; back</stylepreset>
<commands>
<command>
<id>jump.home</id>
</command>
</commands>
</cell>
</cells>
</grid>
</sensorygrid>
