<?xml version="1.0" encoding="utf-8" ?>

<wordlist>
<word>
<wordtext><![CDATA[plate ]]></wordtext>
<picturefile>[WIDGIT]widgit rebus\p\plate.emf</picturefile>
</word>
<word>
<wordtext><![CDATA[bowl ]]></wordtext>
<picturefile>[WIDGIT]widgit rebus\b\bowl.emf</picturefile>
</word>
<word>
<wordtext><![CDATA[knife ]]></wordtext>
<picturefile>[WIDGIT]widgit rebus\k\knife.emf</picturefile>
</word>
<word>
<wordtext><![CDATA[fork ]]></wordtext>
<picturefile>[WIDGIT]widgit rebus\f\fork.emf</picturefile>
</word>
<word>
<wordtext><![CDATA[spoon ]]></wordtext>
<picturefile>[WIDGIT]widgit rebus\s\spoon.emf</picturefile>
</word>
<word>
<wordtext><![CDATA[cup ]]></wordtext>
<picturefile>[WIDGIT]widgit rebus\c\cup.emf</picturefile>
</word>
<word>
<wordtext><![CDATA[mug ]]></wordtext>
<picturefile>[WIDGIT]widgit rebus\m\mug.emf</picturefile>
</word>
<word>
<wordtext><![CDATA[glass ]]></wordtext>
<picturefile>[WIDGIT]widgit rebus\g\glass.emf</picturefile>
</word>
<word>
<wordtext><![CDATA[jug ]]></wordtext>
<picturefile>[WIDGIT]widgit rebus\j\jug.emf</picturefile>
</word>
<word>
<wordtext><![CDATA[straw ]]></wordtext>
<picturefile>[WIDGIT]widgit rebus\s\straw 1.emf</picturefile>
</word>
<word>
<wordtext><![CDATA[sticky mat ]]></wordtext>
<picturefile>[WIDGIT]widgit rebus\d\dinner mat.emf</picturefile>
</word>
<word>
<wordtext><![CDATA[napkin ]]></wordtext>
<picturefile>[WIDGIT]widgit rebus\n\napkin.emf</picturefile>
</word>
<word>
<wordtext><![CDATA[apron ]]></wordtext>
<picturefile>[WIDGIT]widgit rebus\a\apron.emf</picturefile>
</word>
<word>
<wordtext><![CDATA[blended food ]]></wordtext>
<picturefile>[WIDGIT]widgit rebus\b\blender.emf</picturefile>
</word>
<word>
<wordtext><![CDATA[thickener ]]></wordtext>
<picturefile>[WIDGIT]widgit rebus\t\thick.emf</picturefile>
</word>
<word>
<wordtext><![CDATA[plate guard ]]></wordtext>
<picturefile>rad8DDF4.png</picturefile>
</word>
</wordlist>
