<?xml version="1.0" encoding="utf-8" ?>

<sensorygrid>
<grid workspace_x="3" workspace_y="1">
<rows>5</rows>
<cols>7</cols>
<selfclosing>0</selfclosing>
<titlebartext></titlebartext>
<customblockscan>1</customblockscan>
<predictionsource>0</predictionsource>
<oskcellratio>0</oskcellratio>
<background style="0">
<backcolour>14737632</backcolour>
<backcolour2>14737632</backcolour2>
</background>
<cells>
<cell x="1" y="1">
<caption><![CDATA[go back]]></caption>
<tooltip><![CDATA[go back]]></tooltip>
<picture>[GRID2X]jump.back.wmf</picture>
<scanblock>1</scanblock>
<directactivate>1</directactivate>
<hidden>0</hidden>
<stylepreset>Jump Home &amp; back</stylepreset>
<commands>
<command>
<id>jump.back</id>
</command>
</commands>
</cell>
<cell x="2" y="1">
<caption><![CDATA[Sentence Starters]]></caption>
<tooltip><![CDATA[Sentence Starters]]></tooltip>
<scanblock>1</scanblock>
<hidden>0</hidden>
<stylepreset>Self Closing Page</stylepreset>
<commands>
<command>
<id>jump.to</id>
<parameter index="1"><![CDATA[Sentence Starters]]></parameter>
</command>
</commands>
</cell>
<cell x="3" y="1">
<magnifyx>3</magnifyx>
<scanblock>1</scanblock>
<hidden>0</hidden>
<stylepreset>Blank cell (no style)</stylepreset>
</cell>
<cell x="4" y="1">
<scanblock>1</scanblock>
<hidden>0</hidden>
<stylepreset>Blank cell (no style)</stylepreset>
</cell>
<cell x="5" y="1">
<scanblock>1</scanblock>
<hidden>0</hidden>
<stylepreset>Blank cell (no style)</stylepreset>
</cell>
<cell x="6" y="1">
<caption><![CDATA[rub out]]></caption>
<tooltip><![CDATA[rub out]]></tooltip>
<picture>[GRID2X]type.deleteword.wmf</picture>
<scanblock>1</scanblock>
<directactivate>4</directactivate>
<hidden>0</hidden>
<stylepreset>Action cell</stylepreset>
<commands>
<command>
<id>type.deleteword</id>
</command>
</commands>
</cell>
<cell x="7" y="1">
<caption><![CDATA[clear]]></caption>
<tooltip><![CDATA[clear]]></tooltip>
<picture>[GRID2X]action.clear.wmf</picture>
<scanblock>1</scanblock>
<directactivate>5</directactivate>
<hidden>0</hidden>
<stylepreset>Action cell</stylepreset>
<commands>
<command>
<id>action.clear</id>
</command>
</commands>
</cell>
<cell x="1" y="2">
<caption><![CDATA[He]]></caption>
<tooltip><![CDATA[He]]></tooltip>
<picture>[WIDGIT]widgit rebus\h\he.emf</picture>
<scanblock>2</scanblock>
<hidden>0</hidden>
<stylepreset>Starter</stylepreset>
<commands>
<command>
<id>type</id>
<parameter index="1"><![CDATA[He ]]></parameter>
</command>
</commands>
</cell>
<cell x="2" y="2">
<caption><![CDATA[is happy]]></caption>
<tooltip><![CDATA[is happy]]></tooltip>
<picture>[WIDGIT]widgit rebus\h\happy.emf</picture>
<scanblock>2</scanblock>
<hidden>0</hidden>
<stylepreset>Vocab cell</stylepreset>
<commands>
<command>
<id>type</id>
<parameter index="1"><![CDATA[is happy ]]></parameter>
</command>
</commands>
</cell>
<cell x="3" y="2">
<caption><![CDATA[is eating]]></caption>
<tooltip><![CDATA[is eating]]></tooltip>
<picture>[WIDGIT]widgit rebus\e\eat.emf</picture>
<scanblock>2</scanblock>
<hidden>0</hidden>
<stylepreset>Auto content cell</stylepreset>
<commands>
<command>
<id>type</id>
<parameter index="1"><![CDATA[is eating ]]></parameter>
</command>
</commands>
</cell>
<cell x="4" y="2">
<caption><![CDATA[in]]></caption>
<tooltip><![CDATA[in]]></tooltip>
<picture>[WIDGIT]widgit rebus\i\in.emf</picture>
<scanblock>2</scanblock>
<hidden>0</hidden>
<stylepreset>position</stylepreset>
<commands>
<command>
<id>type</id>
<parameter index="1"><![CDATA[in ]]></parameter>
</command>
</commands>
</cell>
<cell x="5" y="2">
<caption><![CDATA[the chair]]></caption>
<tooltip><![CDATA[the chair]]></tooltip>
<picture>[WIDGIT]widgit rebus\c\chair 1.emf</picture>
<scanblock>2</scanblock>
<hidden>0</hidden>
<stylepreset>sentence practice</stylepreset>
<commands>
<command>
<id>type</id>
<parameter index="1"><![CDATA[the chair ]]></parameter>
</command>
</commands>
</cell>
<cell x="6" y="2">
<scanblock>2</scanblock>
<hidden>0</hidden>
<stylepreset>Blank cell (no style)</stylepreset>
</cell>
<cell x="7" y="2">
<scanblock>4</scanblock>
<hidden>0</hidden>
<stylepreset>Blank cell (no style)</stylepreset>
</cell>
<cell x="1" y="3">
<caption><![CDATA[She]]></caption>
<tooltip><![CDATA[She]]></tooltip>
<picture>[WIDGIT]widgit rebus\s\she.emf</picture>
<scanblock>2</scanblock>
<hidden>0</hidden>
<stylepreset>Starter</stylepreset>
<commands>
<command>
<id>type</id>
<parameter index="1"><![CDATA[She ]]></parameter>
</command>
</commands>
</cell>
<cell x="2" y="3">
<caption><![CDATA[is sad]]></caption>
<tooltip><![CDATA[is sad]]></tooltip>
<picture>[WIDGIT]widgit rebus\s\sad.emf</picture>
<scanblock>2</scanblock>
<hidden>0</hidden>
<stylepreset>Vocab cell</stylepreset>
<commands>
<command>
<id>type</id>
<parameter index="1"><![CDATA[is sad ]]></parameter>
</command>
</commands>
</cell>
<cell x="3" y="3">
<caption><![CDATA[is cooking]]></caption>
<tooltip><![CDATA[is cooking]]></tooltip>
<picture>[WIDGIT]widgit rebus\c\cook 1.emf</picture>
<scanblock>2</scanblock>
<hidden>0</hidden>
<stylepreset>Auto content cell</stylepreset>
<commands>
<command>
<id>type</id>
<parameter index="1"><![CDATA[is cooking ]]></parameter>
</command>
</commands>
</cell>
<cell x="4" y="3">
<caption><![CDATA[on]]></caption>
<tooltip><![CDATA[on]]></tooltip>
<picture>[WIDGIT]widgit rebus\o\on.emf</picture>
<scanblock>2</scanblock>
<hidden>0</hidden>
<stylepreset>position</stylepreset>
<commands>
<command>
<id>type</id>
<parameter index="1"><![CDATA[on ]]></parameter>
</command>
</commands>
</cell>
<cell x="5" y="3">
<caption><![CDATA[the table]]></caption>
<tooltip><![CDATA[the table]]></tooltip>
<picture>[WIDGIT]widgit rebus\t\table.emf</picture>
<scanblock>2</scanblock>
<hidden>0</hidden>
<stylepreset>sentence practice</stylepreset>
<commands>
<command>
<id>type</id>
<parameter index="1"><![CDATA[the table ]]></parameter>
</command>
</commands>
</cell>
<cell x="6" y="3">
<scanblock>2</scanblock>
<hidden>0</hidden>
<stylepreset>Blank cell (no style)</stylepreset>
</cell>
<cell x="7" y="3">
<scanblock>4</scanblock>
<hidden>0</hidden>
<stylepreset>Blank cell (no style)</stylepreset>
</cell>
<cell x="1" y="4">
<caption><![CDATA[The cat]]></caption>
<tooltip><![CDATA[The cat]]></tooltip>
<picture>[WIDGIT]widgit rebus 10\symbols 10a\cat.emf</picture>
<scanblock>2</scanblock>
<hidden>0</hidden>
<stylepreset>Starter</stylepreset>
<commands>
<command>
<id>type</id>
<parameter index="1"><![CDATA[The cat ]]></parameter>
</command>
</commands>
</cell>
<cell x="2" y="4">
<caption><![CDATA[is bored]]></caption>
<tooltip><![CDATA[is bored]]></tooltip>
<picture>[WIDGIT]widgit rebus\b\bored.emf</picture>
<scanblock>2</scanblock>
<hidden>0</hidden>
<stylepreset>Vocab cell</stylepreset>
<commands>
<command>
<id>type</id>
<parameter index="1"><![CDATA[is bored ]]></parameter>
</command>
</commands>
</cell>
<cell x="3" y="4">
<caption><![CDATA[is sitting]]></caption>
<tooltip><![CDATA[is sitting]]></tooltip>
<picture>[WIDGIT]widgit rebus\s\sit.emf</picture>
<scanblock>2</scanblock>
<hidden>0</hidden>
<stylepreset>Auto content cell</stylepreset>
<commands>
<command>
<id>type</id>
<parameter index="1"><![CDATA[is sitting ]]></parameter>
</command>
</commands>
</cell>
<cell x="4" y="4">
<caption><![CDATA[under]]></caption>
<tooltip><![CDATA[under]]></tooltip>
<picture>[WIDGIT]widgit rebus\u\under.emf</picture>
<scanblock>2</scanblock>
<hidden>0</hidden>
<stylepreset>position</stylepreset>
<commands>
<command>
<id>type</id>
<parameter index="1"><![CDATA[under ]]></parameter>
</command>
</commands>
</cell>
<cell x="5" y="4">
<caption><![CDATA[the oven]]></caption>
<tooltip><![CDATA[the oven]]></tooltip>
<picture>[WIDGIT]widgit rebus\c\cooker.emf</picture>
<scanblock>2</scanblock>
<hidden>0</hidden>
<stylepreset>sentence practice</stylepreset>
<commands>
<command>
<id>type</id>
<parameter index="1"><![CDATA[the oven ]]></parameter>
</command>
</commands>
</cell>
<cell x="6" y="4">
<scanblock>2</scanblock>
<hidden>0</hidden>
<stylepreset>Blank cell (no style)</stylepreset>
</cell>
<cell x="7" y="4">
<scanblock>4</scanblock>
<hidden>0</hidden>
<stylepreset>Blank cell (no style)</stylepreset>
</cell>
<cell x="1" y="5">
<caption><![CDATA[The dog]]></caption>
<tooltip><![CDATA[The dog]]></tooltip>
<picture>[WIDGIT]widgit rebus\c\cattle dog.emf</picture>
<scanblock>2</scanblock>
<hidden>0</hidden>
<stylepreset>Starter</stylepreset>
<commands>
<command>
<id>type</id>
<parameter index="1"><![CDATA[The dog ]]></parameter>
</command>
</commands>
</cell>
<cell x="2" y="5">
<caption><![CDATA[is tired]]></caption>
<tooltip><![CDATA[is tired]]></tooltip>
<picture>[WIDGIT]widgit rebus\t\tired.emf</picture>
<scanblock>2</scanblock>
<hidden>0</hidden>
<stylepreset>Vocab cell</stylepreset>
<commands>
<command>
<id>type</id>
<parameter index="1"><![CDATA[is tired ]]></parameter>
</command>
</commands>
</cell>
<cell x="3" y="5">
<caption><![CDATA[is playing]]></caption>
<tooltip><![CDATA[is playing]]></tooltip>
<picture>[WIDGIT]widgit rebus 09\symbols 9a\play.emf</picture>
<scanblock>2</scanblock>
<hidden>0</hidden>
<stylepreset>Auto content cell</stylepreset>
<commands>
<command>
<id>type</id>
<parameter index="1"><![CDATA[is playing ]]></parameter>
</command>
</commands>
</cell>
<cell x="4" y="5">
<caption><![CDATA[beside]]></caption>
<tooltip><![CDATA[beside]]></tooltip>
<picture>[WIDGIT]widgit rebus\b\beside.emf</picture>
<scanblock>2</scanblock>
<hidden>0</hidden>
<stylepreset>position</stylepreset>
<commands>
<command>
<id>type</id>
<parameter index="1"><![CDATA[beside ]]></parameter>
</command>
</commands>
</cell>
<cell x="5" y="5">
<caption><![CDATA[food]]></caption>
<tooltip><![CDATA[food]]></tooltip>
<picture>[WIDGIT]widgit rebus\f\food.emf</picture>
<scanblock>2</scanblock>
<hidden>0</hidden>
<stylepreset>sentence practice</stylepreset>
<commands>
<command>
<id>type</id>
<parameter index="1"><![CDATA[food ]]></parameter>
</command>
</commands>
</cell>
<cell x="6" y="5">
<scanblock>2</scanblock>
<hidden>0</hidden>
<stylepreset>Blank cell (no style)</stylepreset>
</cell>
<cell x="7" y="5">
<caption><![CDATA[home]]></caption>
<tooltip><![CDATA[home]]></tooltip>
<picture>[GRID2X]jump.home.wmf</picture>
<scanblock>4</scanblock>
<directactivate>2</directactivate>
<hidden>0</hidden>
<stylepreset>Jump Home &amp; back</stylepreset>
<commands>
<command>
<id>jump.home</id>
</command>
</commands>
</cell>
</cells>
</grid>
</sensorygrid>
