<?xml version="1.0" encoding="utf-8" ?>

<sensorygrid>
<grid workspace_x="3" workspace_y="1">
<rows>5</rows>
<cols>7</cols>
<selfclosing>0</selfclosing>
<titlebartext></titlebartext>
<customblockscan>1</customblockscan>
<predictionsource>0</predictionsource>
<oskcellratio>0</oskcellratio>
<background style="0">
<backcolour>14737632</backcolour>
<backcolour2>14737632</backcolour2>
</background>
<cells>
<cell x="1" y="1">
<caption><![CDATA[go back]]></caption>
<tooltip><![CDATA[go back]]></tooltip>
<picture>[GRID2X]jump.back.wmf</picture>
<scanblock>1</scanblock>
<directactivate>1</directactivate>
<hidden>0</hidden>
<stylepreset>Jump Home &amp; back</stylepreset>
<commands>
<command>
<id>jump.back</id>
</command>
</commands>
</cell>
<cell x="2" y="1">
<caption><![CDATA[Sentence Starters]]></caption>
<tooltip><![CDATA[Sentence Starters]]></tooltip>
<scanblock>1</scanblock>
<hidden>0</hidden>
<stylepreset>Self Closing Page</stylepreset>
<commands>
<command>
<id>jump.to</id>
<parameter index="1"><![CDATA[Sentence Starters]]></parameter>
</command>
</commands>
</cell>
<cell x="3" y="1">
<magnifyx>3</magnifyx>
<scanblock>1</scanblock>
<hidden>0</hidden>
<stylepreset>Blank cell (no style)</stylepreset>
</cell>
<cell x="4" y="1">
<scanblock>1</scanblock>
<hidden>0</hidden>
<stylepreset>Blank cell (no style)</stylepreset>
</cell>
<cell x="5" y="1">
<scanblock>1</scanblock>
<hidden>0</hidden>
<stylepreset>Blank cell (no style)</stylepreset>
</cell>
<cell x="6" y="1">
<caption><![CDATA[rub out]]></caption>
<tooltip><![CDATA[rub out]]></tooltip>
<picture>[GRID2X]type.deleteword.wmf</picture>
<scanblock>1</scanblock>
<hidden>0</hidden>
<stylepreset>Action cell</stylepreset>
<commands>
<command>
<id>type.deleteword</id>
</command>
</commands>
</cell>
<cell x="7" y="1">
<caption><![CDATA[clear]]></caption>
<tooltip><![CDATA[clear]]></tooltip>
<picture>[GRID2X]action.clear.wmf</picture>
<scanblock>1</scanblock>
<hidden>0</hidden>
<stylepreset>Action cell</stylepreset>
<commands>
<command>
<id>action.clear</id>
</command>
</commands>
</cell>
<cell x="1" y="2">
<caption><![CDATA[Do you]]></caption>
<tooltip><![CDATA[Do you]]></tooltip>
<picture>[WIDGIT]widgit rebus\y\you.emf</picture>
<scanblock>2</scanblock>
<hidden>0</hidden>
<stylepreset>Starter</stylepreset>
<commands>
<command>
<id>type</id>
<parameter index="1"><![CDATA[Do you ]]></parameter>
</command>
</commands>
</cell>
<cell x="2" y="2">
<caption><![CDATA[want to go the]]></caption>
<tooltip><![CDATA[want to go the]]></tooltip>
<picture>[WIDGIT]widgit rebus\w\want.emf</picture>
<scanblock>2</scanblock>
<hidden>0</hidden>
<stylepreset>Vocab cell</stylepreset>
<commands>
<command>
<id>type</id>
<parameter index="1"><![CDATA[want to go to the ]]></parameter>
</command>
</commands>
</cell>
<cell x="3" y="2">
<scanblock>2</scanblock>
<autocell>1</autocell>
<hidden>0</hidden>
<stylepreset>Auto content cell</stylepreset>
</cell>
<cell x="4" y="2">
<scanblock>2</scanblock>
<autocell>1</autocell>
<hidden>0</hidden>
<stylepreset>Auto content cell</stylepreset>
</cell>
<cell x="5" y="2">
<scanblock>2</scanblock>
<autocell>1</autocell>
<hidden>0</hidden>
<stylepreset>Auto content cell</stylepreset>
</cell>
<cell x="6" y="2">
<scanblock>2</scanblock>
<autocell>1</autocell>
<hidden>0</hidden>
<stylepreset>Auto content cell</stylepreset>
</cell>
<cell x="7" y="2">
<caption><![CDATA[Eating Out]]></caption>
<tooltip><![CDATA[Eating Out]]></tooltip>
<picture>[WIDGIT]widgit rebus\r\restaurant.emf</picture>
<scanblock>4</scanblock>
<hidden>0</hidden>
<stylepreset>Jump cell</stylepreset>
<commands>
<command>
<id>jump.to</id>
<parameter index="1"><![CDATA[Eating Out]]></parameter>
</command>
</commands>
</cell>
<cell x="1" y="3">
<caption><![CDATA[I]]></caption>
<tooltip><![CDATA[I]]></tooltip>
<picture>[WIDGIT]widgit rebus\i\i.emf</picture>
<scanblock>2</scanblock>
<hidden>0</hidden>
<stylepreset>Starter</stylepreset>
<commands>
<command>
<id>type</id>
<parameter index="1"><![CDATA[I ]]></parameter>
</command>
</commands>
</cell>
<cell x="2" y="3">
<caption><![CDATA[went to the]]></caption>
<tooltip><![CDATA[went to the]]></tooltip>
<picture>[WIDGIT]widgit rebus\g\go.emf</picture>
<scanblock>2</scanblock>
<hidden>0</hidden>
<stylepreset>Vocab cell</stylepreset>
<commands>
<command>
<id>type</id>
<parameter index="1"><![CDATA[went to the ]]></parameter>
</command>
</commands>
</cell>
<cell x="3" y="3">
<scanblock>2</scanblock>
<autocell>1</autocell>
<hidden>0</hidden>
<stylepreset>Auto content cell</stylepreset>
</cell>
<cell x="4" y="3">
<scanblock>2</scanblock>
<autocell>1</autocell>
<hidden>0</hidden>
<stylepreset>Auto content cell</stylepreset>
</cell>
<cell x="5" y="3">
<scanblock>2</scanblock>
<autocell>1</autocell>
<hidden>0</hidden>
<stylepreset>Auto content cell</stylepreset>
</cell>
<cell x="6" y="3">
<scanblock>2</scanblock>
<autocell>1</autocell>
<hidden>0</hidden>
<stylepreset>Auto content cell</stylepreset>
</cell>
<cell x="7" y="3">
<caption><![CDATA[Places]]></caption>
<tooltip><![CDATA[Places]]></tooltip>
<picture>[WIDGIT]widgit rebus\p\places 1.emf</picture>
<scanblock>4</scanblock>
<hidden>0</hidden>
<stylepreset>Jump cell</stylepreset>
<commands>
<command>
<id>jump.to</id>
<parameter index="1"><![CDATA[Places - environment]]></parameter>
</command>
</commands>
</cell>
<cell x="1" y="4">
<caption><![CDATA[I am]]></caption>
<tooltip><![CDATA[I am]]></tooltip>
<picture>[WIDGIT]widgit rebus\i\i.emf</picture>
<scanblock>2</scanblock>
<hidden>0</hidden>
<stylepreset>Starter</stylepreset>
<commands>
<command>
<id>type</id>
<parameter index="1"><![CDATA[I am ]]></parameter>
</command>
</commands>
</cell>
<cell x="2" y="4">
<caption><![CDATA[going to the]]></caption>
<tooltip><![CDATA[going to the]]></tooltip>
<picture>[WIDGIT]widgit rebus\g\go.emf</picture>
<scanblock>2</scanblock>
<hidden>0</hidden>
<stylepreset>Vocab cell</stylepreset>
<commands>
<command>
<id>type</id>
<parameter index="1"><![CDATA[going to the ]]></parameter>
</command>
</commands>
</cell>
<cell x="3" y="4">
<scanblock>2</scanblock>
<autocell>1</autocell>
<hidden>0</hidden>
<stylepreset>Auto content cell</stylepreset>
</cell>
<cell x="4" y="4">
<scanblock>2</scanblock>
<autocell>1</autocell>
<hidden>0</hidden>
<stylepreset>Auto content cell</stylepreset>
</cell>
<cell x="5" y="4">
<scanblock>2</scanblock>
<autocell>1</autocell>
<hidden>0</hidden>
<stylepreset>Auto content cell</stylepreset>
</cell>
<cell x="6" y="4">
<scanblock>2</scanblock>
<autocell>1</autocell>
<hidden>0</hidden>
<stylepreset>Auto content cell</stylepreset>
</cell>
<cell x="7" y="4">
<caption><![CDATA[Shops]]></caption>
<tooltip><![CDATA[Shops]]></tooltip>
<picture>[WIDGIT]widgit rebus\s\shops.emf</picture>
<scanblock>4</scanblock>
<hidden>0</hidden>
<stylepreset>Jump cell</stylepreset>
<commands>
<command>
<id>jump.to</id>
<parameter index="1"><![CDATA[Shops]]></parameter>
</command>
</commands>
</cell>
<cell x="1" y="5">
<caption><![CDATA[Are you]]></caption>
<tooltip><![CDATA[Are you]]></tooltip>
<picture>[WIDGIT]widgit rebus\q\question.emf</picture>
<scanblock>2</scanblock>
<hidden>0</hidden>
<stylepreset>Starter</stylepreset>
<commands>
<command>
<id>type</id>
<parameter index="1"><![CDATA[Are you ]]></parameter>
</command>
</commands>
</cell>
<cell x="2" y="5">
<caption><![CDATA[They]]></caption>
<tooltip><![CDATA[They]]></tooltip>
<picture>[WIDGIT]widgit rebus\t\they.emf</picture>
<scanblock>2</scanblock>
<hidden>0</hidden>
<stylepreset>Starter</stylepreset>
<commands>
<command>
<id>type</id>
<parameter index="1"><![CDATA[They ]]></parameter>
</command>
</commands>
</cell>
<cell x="3" y="5">
<scanblock>2</scanblock>
<autocell>1</autocell>
<hidden>0</hidden>
<stylepreset>Auto content cell</stylepreset>
</cell>
<cell x="4" y="5">
<scanblock>2</scanblock>
<autocell>1</autocell>
<hidden>0</hidden>
<stylepreset>Auto content cell</stylepreset>
</cell>
<cell x="5" y="5">
<caption><![CDATA[and]]></caption>
<tooltip><![CDATA[and]]></tooltip>
<picture>[WIDGIT]widgit rebus 04\symbols a\and 1.emf</picture>
<scanblock>2</scanblock>
<hidden>0</hidden>
<stylepreset>Auto content cell</stylepreset>
<commands>
<command>
<id>type</id>
<parameter index="1"><![CDATA[and ]]></parameter>
</command>
</commands>
</cell>
<cell x="6" y="5">
<caption><![CDATA[more words]]></caption>
<tooltip><![CDATA[more words]]></tooltip>
<picture>[GRID2X]autocells.nextpage.wmf</picture>
<scanblock>2</scanblock>
<directactivate>8</directactivate>
<hidden>0</hidden>
<stylepreset>More Words</stylepreset>
<commands>
<command>
<id>autocells.nextpage</id>
<parameter index="1"><![CDATA[0]]></parameter>
</command>
</commands>
</cell>
<cell x="7" y="5">
<caption><![CDATA[home]]></caption>
<tooltip><![CDATA[home]]></tooltip>
<picture>[GRID2X]jump.home.wmf</picture>
<scanblock>4</scanblock>
<directactivate>2</directactivate>
<hidden>0</hidden>
<stylepreset>Jump Home &amp; back</stylepreset>
<commands>
<command>
<id>jump.home</id>
</command>
</commands>
</cell>
</cells>
</grid>
</sensorygrid>
