<?xml version="1.0" encoding="utf-8" ?>

<wordlist>
<word>
<wordtext><![CDATA[inside ]]></wordtext>
<picturefile>[WIDGIT]widgit rebus\i\indoors.emf</picturefile>
</word>
<word>
<wordtext><![CDATA[outside ]]></wordtext>
<picturefile>[WIDGIT]widgit rebus\o\out.emf</picturefile>
</word>
<word>
<wordtext><![CDATA[somewhere else ]]></wordtext>
<picturefile>[WIDGIT]widgit rebus\s\somewhere.emf</picturefile>
</word>
<word>
<wordtext><![CDATA[camping ]]></wordtext>
<picturefile>[WIDGIT]widgit rebus 03\dec 02\camp v.emf</picturefile>
</word>
<word>
<wordtext><![CDATA[shopping ]]></wordtext>
<picturefile>[WIDGIT]widgit rebus\s\shopping.emf</picturefile>
</word>
<word>
<wordtext><![CDATA[swimming ]]></wordtext>
<picturefile>[WIDGIT]widgit rebus\s\swim.emf</picturefile>
</word>
<word>
<wordtext><![CDATA[riding ]]></wordtext>
<picturefile>[WIDGIT]widgit rebus\r\ride.emf</picturefile>
</word>
<word>
<wordtext><![CDATA[school ]]></wordtext>
<picturefile>[WIDGIT]widgit rebus\s\school.emf</picturefile>
</word>
<word>
<wordtext><![CDATA[beach ]]></wordtext>
<picturefile>[WIDGIT]widgit rebus\b\beach.emf</picturefile>
</word>
<word>
<wordtext><![CDATA[countryside ]]></wordtext>
<picturefile>[WIDGIT]widgit rebus\c\country.emf</picturefile>
</word>
<word>
<wordtext><![CDATA[park ]]></wordtext>
<picturefile>[WIDGIT]widgit rebus\p\park.emf</picturefile>
</word>
<word>
<wordtext><![CDATA[youth club ]]></wordtext>
<picturefile>[WIDGIT]widgit rebus\c\club.emf</picturefile>
</word>
<word>
<wordtext><![CDATA[restaurant ]]></wordtext>
<picturefile>[WIDGIT]widgit rebus\r\restaurant.emf</picturefile>
</word>
<word>
<wordtext><![CDATA[cinema ]]></wordtext>
<picturefile>[WIDGIT]widgit rebus\c\cinema.emf</picturefile>
</word>
<word>
<wordtext><![CDATA[circus ]]></wordtext>
<picturefile>[WIDGIT]widgit rebus\c\circus.emf</picturefile>
</word>
<word>
<wordtext><![CDATA[hairdressers ]]></wordtext>
<picturefile>[WIDGIT]widgit rebus\h\hairdresser.emf</picturefile>
</word>
<word>
<wordtext><![CDATA[theatre ]]></wordtext>
<picturefile>[WIDGIT]widgit rebus\p\play 2.emf</picturefile>
</word>
<word>
<wordtext><![CDATA[zoo ]]></wordtext>
<picturefile>[WIDGIT]widgit rebus\z\zoo.emf</picturefile>
</word>
</wordlist>
