<?xml version="1.0" encoding="utf-8" ?>

<wordlist>
<word>
<wordtext><![CDATA[driver ]]></wordtext>
<picturefile>[WIDGIT]widgit rebus\d\driver 1.emf</picturefile>
</word>
<word>
<wordtext><![CDATA[conductor ]]></wordtext>
<picturefile>[WIDGIT]widgit rebus\c\conductor 1.emf</picturefile>
</word>
<word>
<wordtext><![CDATA[manager ]]></wordtext>
<picturefile>[WIDGIT]widgit rebus\m\manager.emf</picturefile>
</word>
<word>
<wordtext><![CDATA[assistance ]]></wordtext>
<picturefile>[WIDGIT]widgit rebus\h\help.emf</picturefile>
</word>
<word>
<wordtext><![CDATA[ramp ]]></wordtext>
<picturefile>[WIDGIT]widgit rebus\r\ramp 1.emf</picturefile>
</word>
<word>
<wordtext><![CDATA[single ]]></wordtext>
<picturefile>[WIDGIT]widgit rebus\$\1.emf</picturefile>
</word>
<word>
<wordtext><![CDATA[return ]]></wordtext>
<picturefile>[WIDGIT]widgit rebus\r\reverse.emf</picturefile>
</word>
<word>
<wordtext><![CDATA[ticket ]]></wordtext>
<picturefile>[WIDGIT]widgit rebus\t\ticket.emf</picturefile>
</word>
<word>
<wordtext><![CDATA[travel card ]]></wordtext>
<picturefile>[WIDGIT]widgit rebus 08\symbols 8b\travel card.emf</picturefile>
</word>
<word>
<wordtext><![CDATA[timetable ]]></wordtext>
<picturefile>[WIDGIT]widgit rebus\t\timetable 1.emf</picturefile>
</word>
<word>
<wordtext><![CDATA[missed ]]></wordtext>
<picturefile>[WIDGIT]widgit rebus\l\late 1.emf</picturefile>
</word>
<word>
<wordtext><![CDATA[check in ]]></wordtext>
<picturefile>[WIDGIT]widgit rebus 04\symbols a\check in desk.emf</picturefile>
</word>
<word>
<wordtext><![CDATA[departure ]]></wordtext>
<picturefile>[WIDGIT]widgit rebus\l\leave home.emf</picturefile>
</word>
<word>
<wordtext><![CDATA[arrival ]]></wordtext>
<picturefile>[WIDGIT]widgit rebus 04\symbols b\arrive.emf</picturefile>
</word>
<word>
<wordtext><![CDATA[delay ]]></wordtext>
<picturefile>[WIDGIT]widgit rebus\l\late.emf</picturefile>
</word>
<word>
<wordtext><![CDATA[cancel ]]></wordtext>
<picturefile>[WIDGIT]widgit rebus\f\finish.emf</picturefile>
</word>
<word>
<wordtext><![CDATA[aisle seat ]]></wordtext>
<picturefile>[WIDGIT]widgit rebus 09\symbols 9b\aisle seat.emf</picturefile>
</word>
<word>
<wordtext><![CDATA[window seat ]]></wordtext>
<picturefile>rad9C571.png</picturefile>
</word>
<word>
<wordtext><![CDATA[fare ]]></wordtext>
<picturefile>[WIDGIT]widgit rebus\b\bus fare.emf</picturefile>
</word>
<word>
<wordtext><![CDATA[station ]]></wordtext>
<picturefile>[WIDGIT]widgit rebus\t\train station.emf</picturefile>
</word>
<word>
<wordtext><![CDATA[platform ]]></wordtext>
<picturefile>[WIDGIT]widgit rebus\p\platform.emf</picturefile>
</word>
<word>
<wordtext><![CDATA[emergency exit ]]></wordtext>
<picturefile>[WIDGIT]england\uk wrebus\exit 2.emf</picturefile>
</word>
<word>
<wordtext><![CDATA[exit ]]></wordtext>
<picturefile>[WIDGIT]extras\icon exit.wmf</picturefile>
</word>
<word>
<wordtext><![CDATA[toilet ]]></wordtext>
<picturefile>[WIDGIT]widgit rebus\t\toilet.emf</picturefile>
</word>
<word>
<wordtext><![CDATA[complain ]]></wordtext>
<picturefile>[WIDGIT]widgit rebus\c\complain.emf</picturefile>
</word>
</wordlist>
