<?xml version="1.0" encoding="utf-8" ?>

<wordlist>
<word>
<wordtext><![CDATA[Ancient Greeks ]]></wordtext>
<picturefile>[WIDGIT]widgit rebus\u\urn.emf</picturefile>
</word>
<word>
<wordtext><![CDATA[Romans ]]></wordtext>
<picturefile>[WIDGIT]widgit rebus topics\history\romans\roman men.emf</picturefile>
</word>
<word>
<wordtext><![CDATA[Anglo Saxons ]]></wordtext>
<picturefile>[WIDGIT]widgit rebus topics\history\anglo saxons\saxons.emf</picturefile>
</word>
<word>
<wordtext><![CDATA[Vikings ]]></wordtext>
<picturefile>[WIDGIT]widgit rebus\v\vikings.emf</picturefile>
</word>
<word>
<wordtext><![CDATA[Normans ]]></wordtext>
<picturefile>[WIDGIT]widgit rebus topics\history\anglo saxons\normans.emf</picturefile>
</word>
<word>
<wordtext><![CDATA[Middle Ages ]]></wordtext>
<picturefile>[WIDGIT]widgit rebus\m\middle 1.emf</picturefile>
</word>
<word>
<wordtext><![CDATA[Tudors ]]></wordtext>
<picturefile>[WIDGIT]widgit rebus topics\history\tudors\tudors.emf</picturefile>
</word>
<word>
<wordtext><![CDATA[Victorians ]]></wordtext>
<picturefile>[WIDGIT]widgit rebus topics\history\victorian\victorians.emf</picturefile>
</word>
<word>
<wordtext><![CDATA[World War 1 ]]></wordtext>
<picturefile>[WIDGIT]widgit rebus 08\symbols 8b\world war 1.emf</picturefile>
</word>
<word>
<wordtext><![CDATA[World War 2 ]]></wordtext>
<picturefile>[WIDGIT]widgit rebus 08\symbols 8b\world war 2.emf</picturefile>
</word>
<word>
<wordtext><![CDATA[modern day ]]></wordtext>
<picturefile>[WIDGIT]widgit rebus 06\symbols 6a\contemporary.emf</picturefile>
</word>
</wordlist>
