<?xml version="1.0" encoding="utf-8" ?>

<wordlist>
<word>
<wordtext><![CDATA[broomstick ]]></wordtext>
<picturefile>[WIDGIT]widgit rebus\b\broomstick.emf</picturefile>
</word>
<word>
<wordtext><![CDATA[magic wand ]]></wordtext>
<picturefile>[WIDGIT]widgit rebus 05\symbols 5a\magic.emf</picturefile>
</word>
<word>
<wordtext><![CDATA[cauldron ]]></wordtext>
<picturefile>[WIDGIT]widgit rebus\c\cauldron.emf</picturefile>
</word>
<word>
<wordtext><![CDATA[spell book ]]></wordtext>
<picturefile>[WIDGIT]widgit rebus\s\spell 1.emf</picturefile>
</word>
<word>
<wordtext><![CDATA[boat ]]></wordtext>
<picturefile>[WIDGIT]widgit rebus topics\history\boat.emf</picturefile>
</word>
<word>
<wordtext><![CDATA[ship ]]></wordtext>
<picturefile>[WIDGIT]widgit rebus\s\ship.emf</picturefile>
</word>
<word>
<wordtext><![CDATA[shipwreck ]]></wordtext>
<picturefile>[WIDGIT]widgit rebus 04\symbols b\shipwreck.emf</picturefile>
</word>
<word>
<wordtext><![CDATA[treasure ]]></wordtext>
<picturefile>[WIDGIT]widgit rebus topics\history\egyptians\treasure.emf</picturefile>
</word>
<word>
<wordtext><![CDATA[poison ]]></wordtext>
<picturefile>[WIDGIT]widgit rebus\p\poison.emf</picturefile>
</word>
<word>
<wordtext><![CDATA[gold ]]></wordtext>
<picturefile>[WIDGIT]widgit rebus\g\gold.emf</picturefile>
</word>
<word>
<wordtext><![CDATA[gun ]]></wordtext>
<picturefile>[WIDGIT]widgit rebus\g\gun.emf</picturefile>
</word>
<word>
<wordtext><![CDATA[dagger ]]></wordtext>
<picturefile>[WIDGIT]widgit rebus\d\dagger.emf</picturefile>
</word>
<word>
<wordtext><![CDATA[sword ]]></wordtext>
<picturefile>[WIDGIT]widgit rebus\s\sword.emf</picturefile>
</word>
<word>
<wordtext><![CDATA[laser ]]></wordtext>
<picturefile>[WIDGIT]widgit rebus 04\symbols b\laser.emf</picturefile>
</word>
<word>
<wordtext><![CDATA[bow and arrow ]]></wordtext>
<picturefile>[WIDGIT]widgit rebus\b\bow and arrow.emf</picturefile>
</word>
<word>
<wordtext><![CDATA[crown ]]></wordtext>
<picturefile>[WIDGIT]widgit rebus\c\crown.emf</picturefile>
</word>
<word>
<wordtext><![CDATA[flying saucer ]]></wordtext>
<picturefile>[WIDGIT]widgit rebus 05\symbols 5a\flying saucer.emf</picturefile>
</word>
<word>
<wordtext><![CDATA[rocket ]]></wordtext>
<picturefile>[WIDGIT]widgit rebus\r\rocket.emf</picturefile>
</word>
<word>
<wordtext><![CDATA[spaceship ]]></wordtext>
<picturefile>[WIDGIT]widgit rebus 05\symbols 5a\space ship one.emf</picturefile>
</word>
<word>
<wordtext><![CDATA[sleigh ]]></wordtext>
<picturefile>[WIDGIT]widgit rebus\s\sledge.emf</picturefile>
</word>
<word>
<wordtext><![CDATA[hat ]]></wordtext>
<picturefile>[WIDGIT]widgit rebus\h\hat.emf</picturefile>
</word>
<word>
<wordtext><![CDATA[carriage ]]></wordtext>
<picturefile>[WIDGIT]widgit rebus\c\coach and horse.emf</picturefile>
</word>
<word>
<wordtext><![CDATA[horse ]]></wordtext>
<picturefile>[WIDGIT]widgit rebus\h\horse.emf</picturefile>
</word>
</wordlist>
