<?xml version="1.0" encoding="utf-8" ?>

<wordlist>
<word>
<wordtext><![CDATA[instrument ]]></wordtext>
<picturefile>[WIDGIT]widgit rebus\i\instrument.emf</picturefile>
</word>
<word>
<wordtext><![CDATA[orchestra ]]></wordtext>
<picturefile>[WIDGIT]widgit rebus\o\orchestra.emf</picturefile>
</word>
<word>
<wordtext><![CDATA[singer ]]></wordtext>
<picturefile>[WIDGIT]widgit rebus 04\symbols b\singer male.emf</picturefile>
</word>
<word>
<wordtext><![CDATA[band ]]></wordtext>
<picturefile>[WIDGIT]widgit rebus\b\band.emf</picturefile>
</word>
<word>
<wordtext><![CDATA[bass ]]></wordtext>
<picturefile>[WIDGIT]widgit rebus 07\symbols 7a\bass.emf</picturefile>
</word>
<word>
<wordtext><![CDATA[bell ]]></wordtext>
<picturefile>[WIDGIT]widgit rebus\b\bell.emf</picturefile>
</word>
<word>
<wordtext><![CDATA[castanets ]]></wordtext>
<picturefile>[WIDGIT]widgit rebus\c\castanets.emf</picturefile>
</word>
<word>
<wordtext><![CDATA[cello ]]></wordtext>
<picturefile>[WIDGIT]widgit rebus\c\cello.emf</picturefile>
</word>
<word>
<wordtext><![CDATA[clarinet ]]></wordtext>
<picturefile>[WIDGIT]widgit rebus 09\symbols 9b\clarinet.emf</picturefile>
</word>
<word>
<wordtext><![CDATA[cymbal ]]></wordtext>
<picturefile>[WIDGIT]widgit rebus\c\cymbal.emf</picturefile>
</word>
<word>
<wordtext><![CDATA[double bass ]]></wordtext>
<picturefile>[WIDGIT]widgit rebus\d\double bass.emf</picturefile>
</word>
<word>
<wordtext><![CDATA[drum ]]></wordtext>
<picturefile>[WIDGIT]widgit rebus\d\drum.emf</picturefile>
</word>
<word>
<wordtext><![CDATA[fiddle ]]></wordtext>
<picturefile>[WIDGIT]widgit rebus\v\violin.emf</picturefile>
</word>
<word>
<wordtext><![CDATA[flute ]]></wordtext>
<picturefile>[WIDGIT]widgit rebus 06\symbols 6b\flute.emf</picturefile>
</word>
<word>
<wordtext><![CDATA[guitar ]]></wordtext>
<picturefile>[WIDGIT]widgit rebus\g\guitar.emf</picturefile>
</word>
<word>
<wordtext><![CDATA[harmonica ]]></wordtext>
<picturefile>[WIDGIT]widgit rebus 06\symbols 6b\harmionica.emf</picturefile>
</word>
<word>
<wordtext><![CDATA[harp ]]></wordtext>
<picturefile>[WIDGIT]widgit rebus\h\harp.emf</picturefile>
</word>
<word>
<wordtext><![CDATA[horn ]]></wordtext>
<picturefile>[WIDGIT]widgit rebus\t\trumpet 1.emf</picturefile>
</word>
<word>
<wordtext><![CDATA[maracas ]]></wordtext>
<picturefile>[WIDGIT]widgit rebus\s\shake.emf</picturefile>
</word>
<word>
<wordtext><![CDATA[oboe ]]></wordtext>
<picturefile>[WIDGIT]widgit rebus 09\symbols 9b\oboe.emf</picturefile>
</word>
<word>
<wordtext><![CDATA[piano ]]></wordtext>
<picturefile>[WIDGIT]widgit rebus\p\piano.emf</picturefile>
</word>
<word>
<wordtext><![CDATA[recorder ]]></wordtext>
<picturefile>[WIDGIT]widgit rebus 04\symbols b\recorder.emf</picturefile>
</word>
<word>
<wordtext><![CDATA[saxophone ]]></wordtext>
<picturefile>[WIDGIT]widgit rebus\s\saxophone.emf</picturefile>
</word>
<word>
<wordtext><![CDATA[shaker ]]></wordtext>
<picturefile>[WIDGIT]widgit rebus\s\shaker.emf</picturefile>
</word>
<word>
<wordtext><![CDATA[tambourine ]]></wordtext>
<picturefile>[WIDGIT]widgit rebus\t\tambourine.emf</picturefile>
</word>
<word>
<wordtext><![CDATA[triangle ]]></wordtext>
<picturefile>[WIDGIT]widgit rebus 09\symbols 9a\triangle.emf</picturefile>
</word>
<word>
<wordtext><![CDATA[trombone ]]></wordtext>
<picturefile>[WIDGIT]widgit rebus\t\trombone.emf</picturefile>
</word>
<word>
<wordtext><![CDATA[trumpet ]]></wordtext>
<picturefile>[WIDGIT]widgit rebus\t\trumpet.emf</picturefile>
</word>
<word>
<wordtext><![CDATA[tuba ]]></wordtext>
<picturefile>[WIDGIT]widgit rebus 09\symbols 9b\tuba.emf</picturefile>
</word>
<word>
<wordtext><![CDATA[violin ]]></wordtext>
<picturefile>[WIDGIT]widgit rebus\v\violin.emf</picturefile>
</word>
<word>
<wordtext><![CDATA[xylophone ]]></wordtext>
<picturefile>[WIDGIT]widgit rebus\x\xylophone.emf</picturefile>
</word>
</wordlist>
