<?xml version="1.0" encoding="utf-8" ?>

<wordlist>
<word>
<wordtext><![CDATA[yesterday ]]></wordtext>
<picturefile>[WIDGIT]widgit rebus\y\yesterday.emf</picturefile>
</word>
<word>
<wordtext><![CDATA[today ]]></wordtext>
<picturefile>[WIDGIT]widgit rebus\t\today.emf</picturefile>
</word>
<word>
<wordtext><![CDATA[tomorrow ]]></wordtext>
<picturefile>[WIDGIT]widgit rebus\t\tomorrow.emf</picturefile>
</word>
<word>
<wordtext><![CDATA[now ]]></wordtext>
<picturefile>[WIDGIT]widgit rebus\n\now.emf</picturefile>
</word>
<word>
<wordtext><![CDATA[never ]]></wordtext>
<picturefile>[WIDGIT]widgit rebus 08\symbols 8b\never.emf</picturefile>
</word>
<word>
<wordtext><![CDATA[morning ]]></wordtext>
<picturefile>[WIDGIT]widgit rebus\m\morning.emf</picturefile>
</word>
<word>
<wordtext><![CDATA[afternoon ]]></wordtext>
<picturefile>[WIDGIT]widgit rebus\a\afternoon.emf</picturefile>
</word>
<word>
<wordtext><![CDATA[evening ]]></wordtext>
<picturefile>[WIDGIT]widgit rebus\e\evening.emf</picturefile>
</word>
<word>
<wordtext><![CDATA[night ]]></wordtext>
<picturefile>[WIDGIT]widgit rebus\n\night.emf</picturefile>
</word>
<word>
<wordtext><![CDATA[day ]]></wordtext>
<picturefile>[WIDGIT]widgit rebus\d\day.emf</picturefile>
</word>
<word>
<wordtext><![CDATA[week ]]></wordtext>
<picturefile>[WIDGIT]widgit rebus\w\week.emf</picturefile>
</word>
<word>
<wordtext><![CDATA[month ]]></wordtext>
<picturefile>[WIDGIT]widgit rebus\m\month 1.emf</picturefile>
</word>
<word>
<wordtext><![CDATA[year ]]></wordtext>
<picturefile>[WIDGIT]widgit rebus\y\year 2.emf</picturefile>
</word>
<word>
<wordtext><![CDATA[next ]]></wordtext>
<picturefile>[WIDGIT]widgit rebus 06\symbols 6a\next 1.emf</picturefile>
</word>
<word>
<wordtext><![CDATA[last ]]></wordtext>
<picturefile>[WIDGIT]widgit rebus 06\symbols 6a\previous 1.emf</picturefile>
</word>
<word>
<wordtext><![CDATA[hour ]]></wordtext>
<picturefile>[WIDGIT]widgit rebus\h\hours.emf</picturefile>
</word>
<word>
<wordtext><![CDATA[minute ]]></wordtext>
<picturefile>[WIDGIT]widgit rebus\m\minutes 2.emf</picturefile>
</word>
<word>
<wordtext><![CDATA[second ]]></wordtext>
<picturefile>[WIDGIT]widgit rebus\s\seconds.emf</picturefile>
</word>
<word>
<wordtext><![CDATA[time ]]></wordtext>
<picturefile>[WIDGIT]widgit rebus\t\time.emf</picturefile>
</word>
<word>
<wordtext><![CDATA[am ]]></wordtext>
<picturefile>[WIDGIT]widgit rebus 05\symbols 5a\am.emf</picturefile>
</word>
<word>
<wordtext><![CDATA[pm ]]></wordtext>
<picturefile>[WIDGIT]widgit rebus 05\symbols 5a\pm.emf</picturefile>
</word>
<word>
<wordtext><![CDATA[early ]]></wordtext>
<picturefile>[WIDGIT]widgit rebus\e\early.emf</picturefile>
</word>
<word>
<wordtext><![CDATA[late ]]></wordtext>
<picturefile>[WIDGIT]widgit rebus\l\late.emf</picturefile>
</word>
<word>
<wordtext><![CDATA[before ]]></wordtext>
<picturefile>[WIDGIT]widgit rebus\b\before.emf</picturefile>
</word>
<word>
<wordtext><![CDATA[after ]]></wordtext>
<picturefile>[WIDGIT]widgit rebus\a\after.emf</picturefile>
</word>
<word>
<wordtext><![CDATA[date ]]></wordtext>
<picturefile>[WIDGIT]widgit rebus 04\symbols b\date.emf</picturefile>
</word>
<word>
<wordtext><![CDATA[calendar ]]></wordtext>
<picturefile>[WIDGIT]widgit rebus\c\calendar.emf</picturefile>
</word>
</wordlist>
