<?xml version="1.0" encoding="utf-8" ?>

<wordlist>
<word>
<wordtext><![CDATA[colours ]]></wordtext>
<picturefile>[WIDGIT]widgit rebus\c\colours.emf</picturefile>
</word>
<word>
<wordtext><![CDATA[bright ]]></wordtext>
<picturefile>[WIDGIT]widgit rebus\b\bright.emf</picturefile>
</word>
<word>
<wordtext><![CDATA[fluorescent ]]></wordtext>
<picturefile>[WIDGIT]widgit rebus 05\symbols 5a\glow in the dark.emf</picturefile>
</word>
<word>
<wordtext><![CDATA[dull ]]></wordtext>
<picturefile>[WIDGIT]widgit rebus\d\dull 1.emf</picturefile>
</word>
<word>
<wordtext><![CDATA[light ]]></wordtext>
<picturefile>[WIDGIT]widgit rebus\l\light 3.emf</picturefile>
</word>
<word>
<wordtext><![CDATA[dark ]]></wordtext>
<picturefile>[WIDGIT]widgit rebus\d\dark.emf</picturefile>
</word>
<word>
<wordtext><![CDATA[patterned ]]></wordtext>
<picturefile>[WIDGIT]widgit rebus\p\patterned.emf</picturefile>
</word>
<word>
<wordtext><![CDATA[stripey ]]></wordtext>
<picturefile>[WIDGIT]widgit rebus\s\stripes.emf</picturefile>
</word>
<word>
<wordtext><![CDATA[spotty  ]]></wordtext>
<picturefile>[WIDGIT]widgit rebus 06\symbols 6a\dotted.emf</picturefile>
</word>
<word>
<wordtext><![CDATA[checked ]]></wordtext>
<picturefile>[WIDGIT]widgit rebus\c\checks.emf</picturefile>
</word>
<word>
<wordtext><![CDATA[tartan ]]></wordtext>
<picturefile>[WIDGIT]widgit rebus\t\tartan.emf</picturefile>
</word>
<word>
<wordtext><![CDATA[plain ]]></wordtext>
<picturefile>[WIDGIT]widgit rebus\p\plain.emf</picturefile>
</word>
<word>
<wordtext><![CDATA[rainbow ]]></wordtext>
<picturefile>[WIDGIT]widgit rebus\r\rainbow.emf</picturefile>
</word>
<word>
<wordtext><![CDATA[multi coloured ]]></wordtext>
<picturefile>[WIDGIT]widgit rebus 06\symbols 6b\colours.emf</picturefile>
</word>
<word>
<wordtext><![CDATA[flowered ]]></wordtext>
<picturefile>[WIDGIT]widgit rebus 05\symbols 5a\flowery.emf</picturefile>
</word>
</wordlist>
