<?xml version="1.0" encoding="utf-8" ?>

<wordlist>
<word>
<wordtext><![CDATA[door ]]></wordtext>
<picturefile>[WIDGIT]widgit rebus\d\door.emf</picturefile>
</word>
<word>
<wordtext><![CDATA[toilet ]]></wordtext>
<picturefile>[WIDGIT]widgit rebus\t\toilet.emf</picturefile>
</word>
<word>
<wordtext><![CDATA[bath ]]></wordtext>
<picturefile>[WIDGIT]widgit rebus 03\feb 03\have bath.emf</picturefile>
</word>
<word>
<wordtext><![CDATA[shower ]]></wordtext>
<picturefile>[WIDGIT]widgit rebus\s\shower.emf</picturefile>
</word>
<word>
<wordtext><![CDATA[basin ]]></wordtext>
<picturefile>[WIDGIT]widgit rebus\w\washbasin.emf</picturefile>
</word>
<word>
<wordtext><![CDATA[window ]]></wordtext>
<picturefile>[WIDGIT]widgit rebus\w\window.emf</picturefile>
</word>
<word>
<wordtext><![CDATA[chair ]]></wordtext>
<picturefile>[WIDGIT]widgit rebus\c\chair.emf</picturefile>
</word>
<word>
<wordtext><![CDATA[table ]]></wordtext>
<picturefile>[WIDGIT]widgit rebus\t\table.emf</picturefile>
</word>
<word>
<wordtext><![CDATA[bed ]]></wordtext>
<picturefile>[WIDGIT]widgit rebus\b\bed.emf</picturefile>
</word>
<word>
<wordtext><![CDATA[cupboard ]]></wordtext>
<picturefile>[WIDGIT]widgit rebus\s\store.emf</picturefile>
</word>
<word>
<wordtext><![CDATA[cooker ]]></wordtext>
<picturefile>[WIDGIT]widgit rebus\c\cooker.emf</picturefile>
</word>
<word>
<wordtext><![CDATA[microwave ]]></wordtext>
<picturefile>[WIDGIT]widgit rebus\m\microwave.emf</picturefile>
</word>
<word>
<wordtext><![CDATA[fridge ]]></wordtext>
<picturefile>[WIDGIT]widgit rebus\f\fridge.emf</picturefile>
</word>
<word>
<wordtext><![CDATA[wardrobe ]]></wordtext>
<picturefile>[WIDGIT]widgit rebus\w\wardrobe.emf</picturefile>
</word>
<word>
<wordtext><![CDATA[carpet ]]></wordtext>
<picturefile>[WIDGIT]widgit rebus\c\carpet.emf</picturefile>
</word>
<word>
<wordtext><![CDATA[kettle ]]></wordtext>
<picturefile>[WIDGIT]widgit rebus 04\symbols a\kettle.emf</picturefile>
</word>
<word>
<wordtext><![CDATA[washing machine ]]></wordtext>
<picturefile>[WIDGIT]widgit rebus\w\washer.emf</picturefile>
</word>
<word>
<wordtext><![CDATA[light ]]></wordtext>
<picturefile>[WIDGIT]widgit rebus\l\light 1.emf</picturefile>
</word>
<word>
<wordtext><![CDATA[sink ]]></wordtext>
<picturefile>[WIDGIT]widgit rebus\s\sink.emf</picturefile>
</word>
<word>
<wordtext><![CDATA[stairs ]]></wordtext>
<picturefile>[WIDGIT]widgit rebus\s\stairs.emf</picturefile>
</word>
<word>
<wordtext><![CDATA[upstairs ]]></wordtext>
<picturefile>[WIDGIT]widgit rebus\u\upstairs.emf</picturefile>
</word>
<word>
<wordtext><![CDATA[downstairs ]]></wordtext>
<picturefile>[WIDGIT]widgit rebus\d\downstairs.emf</picturefile>
</word>
<word>
<wordtext><![CDATA[things ]]></wordtext>
<picturefile>[WIDGIT]widgit rebus\t\things 1.emf</picturefile>
</word>
</wordlist>
