<?xml version="1.0" encoding="utf-8" ?>

<sensorygrid>
<grid workspace_x="3" workspace_y="1">
<rows>5</rows>
<cols>7</cols>
<selfclosing>0</selfclosing>
<titlebartext></titlebartext>
<customblockscan>1</customblockscan>
<predictionsource>0</predictionsource>
<oskcellratio>0</oskcellratio>
<background style="0">
<backcolour>14737632</backcolour>
<backcolour2>14737632</backcolour2>
</background>
<cells>
<cell x="1" y="1">
<caption><![CDATA[go back]]></caption>
<tooltip><![CDATA[go back]]></tooltip>
<picture>[GRID2X]jump.back.wmf</picture>
<scanblock>1</scanblock>
<directactivate>1</directactivate>
<hidden>0</hidden>
<stylepreset>Jump Home &amp; back</stylepreset>
<commands>
<command>
<id>jump.back</id>
</command>
</commands>
</cell>
<cell x="2" y="1">
<caption><![CDATA[Sentence Starters]]></caption>
<tooltip><![CDATA[Sentence Starters]]></tooltip>
<scanblock>1</scanblock>
<hidden>0</hidden>
<stylepreset>Self Closing Page</stylepreset>
<commands>
<command>
<id>jump.to</id>
<parameter index="1"><![CDATA[Sentence Starters]]></parameter>
</command>
</commands>
</cell>
<cell x="3" y="1">
<magnifyx>3</magnifyx>
<scanblock>1</scanblock>
<hidden>0</hidden>
<stylepreset>Blank cell (no style)</stylepreset>
</cell>
<cell x="4" y="1">
<scanblock>1</scanblock>
<hidden>0</hidden>
<stylepreset>Blank cell (no style)</stylepreset>
</cell>
<cell x="5" y="1">
<scanblock>1</scanblock>
<hidden>0</hidden>
<stylepreset>Blank cell (no style)</stylepreset>
</cell>
<cell x="6" y="1">
<caption><![CDATA[rub out]]></caption>
<tooltip><![CDATA[rub out]]></tooltip>
<picture>[GRID2X]type.deleteword.wmf</picture>
<scanblock>1</scanblock>
<hidden>0</hidden>
<stylepreset>Action cell</stylepreset>
<commands>
<command>
<id>type.deleteword</id>
</command>
</commands>
</cell>
<cell x="7" y="1">
<caption><![CDATA[clear]]></caption>
<tooltip><![CDATA[clear]]></tooltip>
<picture>[GRID2X]action.clear.wmf</picture>
<scanblock>1</scanblock>
<hidden>0</hidden>
<stylepreset>Action cell</stylepreset>
<commands>
<command>
<id>action.clear</id>
</command>
</commands>
</cell>
<cell x="1" y="2">
<caption><![CDATA[I]]></caption>
<tooltip><![CDATA[I]]></tooltip>
<picture>[WIDGIT]widgit rebus\i\i.emf</picture>
<scanblock>2</scanblock>
<hidden>0</hidden>
<stylepreset>Starter</stylepreset>
<commands>
<command>
<id>type</id>
<parameter index="1"><![CDATA[I ]]></parameter>
</command>
</commands>
</cell>
<cell x="2" y="2">
<caption><![CDATA[we]]></caption>
<tooltip><![CDATA[we]]></tooltip>
<picture>[WIDGIT]widgit rebus\w\we.emf</picture>
<scanblock>2</scanblock>
<hidden>0</hidden>
<stylepreset>Vocab cell</stylepreset>
<commands>
<command>
<id>type</id>
<parameter index="1"><![CDATA[we ]]></parameter>
</command>
</commands>
</cell>
<cell x="3" y="2">
<caption><![CDATA[they]]></caption>
<tooltip><![CDATA[they]]></tooltip>
<picture>[WIDGIT]widgit rebus\t\they.emf</picture>
<scanblock>2</scanblock>
<hidden>0</hidden>
<stylepreset>Starter</stylepreset>
<commands>
<command>
<id>type</id>
<parameter index="1"><![CDATA[they ]]></parameter>
</command>
</commands>
</cell>
<cell x="4" y="2">
<caption><![CDATA[you]]></caption>
<tooltip><![CDATA[you]]></tooltip>
<picture>[WIDGIT]widgit rebus\y\you.emf</picture>
<scanblock>2</scanblock>
<hidden>0</hidden>
<stylepreset>Vocab cell</stylepreset>
<commands>
<command>
<id>type</id>
<parameter index="1"><![CDATA[you ]]></parameter>
</command>
</commands>
</cell>
<cell x="5" y="2">
<caption><![CDATA[he]]></caption>
<tooltip><![CDATA[he]]></tooltip>
<picture>[WIDGIT]widgit rebus\h\he.emf</picture>
<scanblock>2</scanblock>
<hidden>0</hidden>
<stylepreset>Starter</stylepreset>
<commands>
<command>
<id>type</id>
<parameter index="1"><![CDATA[he ]]></parameter>
</command>
</commands>
</cell>
<cell x="6" y="2">
<caption><![CDATA[she]]></caption>
<tooltip><![CDATA[she]]></tooltip>
<picture>[WIDGIT]widgit rebus\s\she.emf</picture>
<scanblock>2</scanblock>
<hidden>0</hidden>
<stylepreset>Vocab cell</stylepreset>
<commands>
<command>
<id>type</id>
<parameter index="1"><![CDATA[she ]]></parameter>
</command>
</commands>
</cell>
<cell x="7" y="2">
<caption><![CDATA[be]]></caption>
<tooltip><![CDATA[be]]></tooltip>
<picture>[WIDGIT]widgit rebus\i\is.emf</picture>
<scanblock>4</scanblock>
<hidden>0</hidden>
<stylepreset>Auto content cell</stylepreset>
<commands>
<command>
<id>type</id>
<parameter index="1"><![CDATA[be ]]></parameter>
</command>
</commands>
</cell>
<cell x="1" y="3">
<caption><![CDATA[me]]></caption>
<tooltip><![CDATA[me]]></tooltip>
<picture>[WIDGIT]widgit rebus\m\me.emf</picture>
<scanblock>2</scanblock>
<hidden>0</hidden>
<stylepreset>Starter</stylepreset>
<commands>
<command>
<id>type</id>
<parameter index="1"><![CDATA[me ]]></parameter>
</command>
</commands>
</cell>
<cell x="2" y="3">
<caption><![CDATA[us]]></caption>
<tooltip><![CDATA[us]]></tooltip>
<picture>[WIDGIT]widgit rebus\w\we.emf</picture>
<scanblock>2</scanblock>
<hidden>0</hidden>
<stylepreset>Vocab cell</stylepreset>
<commands>
<command>
<id>type</id>
<parameter index="1"><![CDATA[us ]]></parameter>
</command>
</commands>
</cell>
<cell x="3" y="3">
<caption><![CDATA[them]]></caption>
<tooltip><![CDATA[them]]></tooltip>
<picture>[WIDGIT]widgit rebus\t\they.emf</picture>
<scanblock>2</scanblock>
<hidden>0</hidden>
<stylepreset>Starter</stylepreset>
<commands>
<command>
<id>type</id>
<parameter index="1"><![CDATA[them ]]></parameter>
</command>
</commands>
</cell>
<cell x="4" y="3">
<caption><![CDATA[your]]></caption>
<tooltip><![CDATA[your]]></tooltip>
<picture>[WIDGIT]widgit rebus\y\your.emf</picture>
<scanblock>2</scanblock>
<hidden>0</hidden>
<stylepreset>Vocab cell</stylepreset>
<commands>
<command>
<id>type</id>
<parameter index="1"><![CDATA[your ]]></parameter>
</command>
</commands>
</cell>
<cell x="5" y="3">
<caption><![CDATA[him]]></caption>
<tooltip><![CDATA[him]]></tooltip>
<picture>[WIDGIT]widgit rebus\h\he.emf</picture>
<scanblock>2</scanblock>
<hidden>0</hidden>
<stylepreset>Starter</stylepreset>
<commands>
<command>
<id>type</id>
<parameter index="1"><![CDATA[him ]]></parameter>
</command>
</commands>
</cell>
<cell x="6" y="3">
<caption><![CDATA[her]]></caption>
<tooltip><![CDATA[her]]></tooltip>
<picture>[WIDGIT]widgit rebus\s\she.emf</picture>
<scanblock>2</scanblock>
<hidden>0</hidden>
<stylepreset>Vocab cell</stylepreset>
<commands>
<command>
<id>type</id>
<parameter index="1"><![CDATA[her ]]></parameter>
</command>
</commands>
</cell>
<cell x="7" y="3">
<caption><![CDATA[am]]></caption>
<tooltip><![CDATA[am]]></tooltip>
<picture>[WIDGIT]widgit rebus\i\is.emf</picture>
<scanblock>4</scanblock>
<hidden>0</hidden>
<stylepreset>Auto content cell</stylepreset>
<commands>
<command>
<id>type</id>
<parameter index="1"><![CDATA[am ]]></parameter>
</command>
</commands>
</cell>
<cell x="1" y="4">
<caption><![CDATA[my]]></caption>
<tooltip><![CDATA[my]]></tooltip>
<picture>[WIDGIT]widgit rebus\m\my.emf</picture>
<scanblock>2</scanblock>
<hidden>0</hidden>
<stylepreset>Starter</stylepreset>
<commands>
<command>
<id>type</id>
<parameter index="1"><![CDATA[my ]]></parameter>
</command>
</commands>
</cell>
<cell x="2" y="4">
<caption><![CDATA[our]]></caption>
<tooltip><![CDATA[our]]></tooltip>
<picture>[WIDGIT]widgit rebus\o\our 1.emf</picture>
<scanblock>2</scanblock>
<hidden>0</hidden>
<stylepreset>Vocab cell</stylepreset>
<commands>
<command>
<id>type</id>
<parameter index="1"><![CDATA[our ]]></parameter>
</command>
</commands>
</cell>
<cell x="3" y="4">
<caption><![CDATA[their]]></caption>
<tooltip><![CDATA[their]]></tooltip>
<picture>[WIDGIT]widgit rebus\t\their.emf</picture>
<scanblock>2</scanblock>
<hidden>0</hidden>
<stylepreset>Starter</stylepreset>
<commands>
<command>
<id>type</id>
<parameter index="1"><![CDATA[their ]]></parameter>
</command>
</commands>
</cell>
<cell x="4" y="4">
<caption><![CDATA[yours]]></caption>
<tooltip><![CDATA[yours]]></tooltip>
<picture>[WIDGIT]wrebus languages\your plural.emf</picture>
<scanblock>2</scanblock>
<hidden>0</hidden>
<stylepreset>Vocab cell</stylepreset>
<commands>
<command>
<id>type</id>
<parameter index="1"><![CDATA[yours ]]></parameter>
</command>
</commands>
</cell>
<cell x="5" y="4">
<caption><![CDATA[his]]></caption>
<tooltip><![CDATA[his]]></tooltip>
<picture>[WIDGIT]widgit rebus\h\his.emf</picture>
<scanblock>2</scanblock>
<hidden>0</hidden>
<stylepreset>Starter</stylepreset>
<commands>
<command>
<id>type</id>
<parameter index="1"><![CDATA[his ]]></parameter>
</command>
</commands>
</cell>
<cell x="6" y="4">
<caption><![CDATA[hers]]></caption>
<tooltip><![CDATA[hers]]></tooltip>
<picture>[WIDGIT]widgit rebus\h\hers.emf</picture>
<scanblock>2</scanblock>
<hidden>0</hidden>
<stylepreset>Vocab cell</stylepreset>
<commands>
<command>
<id>type</id>
<parameter index="1"><![CDATA[hers ]]></parameter>
</command>
</commands>
</cell>
<cell x="7" y="4">
<caption><![CDATA[are]]></caption>
<tooltip><![CDATA[are]]></tooltip>
<picture>[WIDGIT]widgit rebus\e\equal.emf</picture>
<scanblock>4</scanblock>
<hidden>0</hidden>
<stylepreset>Auto content cell</stylepreset>
<commands>
<command>
<id>type</id>
<parameter index="1"><![CDATA[are ]]></parameter>
</command>
</commands>
</cell>
<cell x="1" y="5">
<caption><![CDATA[mine]]></caption>
<tooltip><![CDATA[mine]]></tooltip>
<picture>[WIDGIT]widgit rebus\m\my.emf</picture>
<scanblock>2</scanblock>
<hidden>0</hidden>
<stylepreset>Starter</stylepreset>
<commands>
<command>
<id>type</id>
<parameter index="1"><![CDATA[mine ]]></parameter>
</command>
</commands>
</cell>
<cell x="2" y="5">
<caption><![CDATA[ours]]></caption>
<tooltip><![CDATA[ours]]></tooltip>
<picture>[WIDGIT]widgit rebus\o\our.emf</picture>
<scanblock>2</scanblock>
<hidden>0</hidden>
<stylepreset>Vocab cell</stylepreset>
<commands>
<command>
<id>type</id>
<parameter index="1"><![CDATA[ours ]]></parameter>
</command>
</commands>
</cell>
<cell x="3" y="5">
<caption><![CDATA[theirs]]></caption>
<tooltip><![CDATA[theirs]]></tooltip>
<picture>[WIDGIT]widgit rebus\t\their.emf</picture>
<scanblock>2</scanblock>
<hidden>0</hidden>
<stylepreset>Starter</stylepreset>
<commands>
<command>
<id>type</id>
<parameter index="1"><![CDATA[theirs ]]></parameter>
</command>
</commands>
</cell>
<cell x="4" y="5">
<caption><![CDATA[have]]></caption>
<tooltip><![CDATA[have]]></tooltip>
<picture>[WIDGIT]widgit rebus\h\have.emf</picture>
<scanblock>4</scanblock>
<hidden>0</hidden>
<stylepreset>Auto content cell</stylepreset>
<commands>
<command>
<id>type</id>
<parameter index="1"><![CDATA[have ]]></parameter>
</command>
</commands>
</cell>
<cell x="5" y="5">
<caption><![CDATA[has]]></caption>
<tooltip><![CDATA[has]]></tooltip>
<picture>[WIDGIT]widgit rebus\h\have.emf</picture>
<scanblock>4</scanblock>
<hidden>0</hidden>
<stylepreset>Auto content cell</stylepreset>
<commands>
<command>
<id>type</id>
<parameter index="1"><![CDATA[has ]]></parameter>
</command>
</commands>
</cell>
<cell x="6" y="5">
<caption><![CDATA[got]]></caption>
<tooltip><![CDATA[got]]></tooltip>
<picture>[WIDGIT]widgit rebus\g\get 1.emf</picture>
<scanblock>4</scanblock>
<hidden>0</hidden>
<stylepreset>Auto content cell</stylepreset>
<commands>
<command>
<id>type</id>
<parameter index="1"><![CDATA[got ]]></parameter>
</command>
</commands>
</cell>
<cell x="7" y="5">
<caption><![CDATA[is]]></caption>
<tooltip><![CDATA[is]]></tooltip>
<picture>[WIDGIT]widgit rebus\i\is.emf</picture>
<scanblock>4</scanblock>
<hidden>0</hidden>
<stylepreset>Auto content cell</stylepreset>
<commands>
<command>
<id>type</id>
<parameter index="1"><![CDATA[is ]]></parameter>
</command>
</commands>
</cell>
</cells>
</grid>
</sensorygrid>
