<?xml version="1.0" encoding="utf-8" ?>

<styledata>
<styles>
<style id="Body of Text">
<backcolour>16777215</backcolour>
<backcolour2>16777215</backcolour2>
<bordercolour>0</bordercolour>
<fontcolour>0</fontcolour>
<fontname>Trebuchet MS</fontname>
<fontsize>18</fontsize>
<fontbold>0</fontbold>
<fontitalic>0</fontitalic>
<picturesize>80</picturesize>
<backgroundshape>2</backgroundshape>
</style>
<style id="Further information">
<backcolour>16777215</backcolour>
<backcolour2>16777215</backcolour2>
<bordercolour>0</bordercolour>
<fontcolour>0</fontcolour>
<fontname>Tahoma</fontname>
<fontsize>20</fontsize>
<fontbold>0</fontbold>
<fontitalic>0</fontitalic>
<picturesize>80</picturesize>
<backgroundshape>2</backgroundshape>
</style>
<style id="Information cells">
<backcolour>14658662</backcolour>
<backcolour2>14658662</backcolour2>
<bordercolour>14859902</bordercolour>
<fontcolour>0</fontcolour>
<fontname>Trebuchet MS</fontname>
<fontsize>12</fontsize>
<fontbold>0</fontbold>
<fontitalic>0</fontitalic>
<picturesize>68</picturesize>
<backgroundshape>0</backgroundshape>
</style>
<style id="Jump and Speak">
<backcolour>15454659</backcolour>
<backcolour2>15454659</backcolour2>
<bordercolour>10048819</bordercolour>
<fontcolour>0</fontcolour>
<fontname>Trebuchet MS</fontname>
<fontsize>12</fontsize>
<fontbold>0</fontbold>
<fontitalic>0</fontitalic>
<picturesize>70</picturesize>
<backgroundshape>2</backgroundshape>
</style>
<style id="Jump Home &amp; back">
<backcolour>14528665</backcolour>
<backcolour2>14528665</backcolour2>
<bordercolour>10049331</bordercolour>
<fontcolour>0</fontcolour>
<fontname>Tahoma</fontname>
<fontsize>16</fontsize>
<fontbold>0</fontbold>
<fontitalic>0</fontitalic>
<picturesize>80</picturesize>
<backgroundshape>0</backgroundshape>
</style>
<style id="Jump to Keyboard">
<backcolour>15595242</backcolour>
<backcolour2>15595242</backcolour2>
<bordercolour>5872707</bordercolour>
<fontcolour>0</fontcolour>
<fontname>Tahoma</fontname>
<fontsize>16</fontsize>
<fontbold>0</fontbold>
<fontitalic>0</fontitalic>
<picturesize>65</picturesize>
<backgroundshape>0</backgroundshape>
</style>
<style id="Keyboard key - extra">
<backcolour>15914196</backcolour>
<backcolour2>15914196</backcolour2>
<bordercolour>15515581</bordercolour>
<fontcolour>0</fontcolour>
<fontname>Tahoma</fontname>
<fontsize>48</fontsize>
<fontbold>0</fontbold>
<fontitalic>0</fontitalic>
<picturesize>100</picturesize>
<backgroundshape>0</backgroundshape>
</style>
<style id="Keyboard key - extra small text">
<backcolour>15914196</backcolour>
<backcolour2>15914196</backcolour2>
<bordercolour>15050920</bordercolour>
<fontcolour>0</fontcolour>
<fontname>Tahoma</fontname>
<fontsize>16</fontsize>
<fontbold>0</fontbold>
<fontitalic>0</fontitalic>
<picturesize>80</picturesize>
<backgroundshape>0</backgroundshape>
</style>
<style id="More Pages">
<backcolour>14528665</backcolour>
<backcolour2>14528665</backcolour2>
<bordercolour>4007386</bordercolour>
<fontcolour>0</fontcolour>
<fontname>Tahoma</fontname>
<fontsize>14</fontsize>
<fontbold>0</fontbold>
<fontitalic>0</fontitalic>
<picturesize>80</picturesize>
<backgroundshape>0</backgroundshape>
</style>
<style id="More Words">
<backcolour>16777215</backcolour>
<backcolour2>16777215</backcolour2>
<bordercolour>2236962</bordercolour>
<fontcolour>0</fontcolour>
<fontname>Tahoma</fontname>
<fontsize>16</fontsize>
<fontbold>0</fontbold>
<fontitalic>0</fontitalic>
<picturesize>75</picturesize>
<backgroundshape>0</backgroundshape>
</style>
<style id="position">
<backcolour>15395799</backcolour>
<backcolour2>15395799</backcolour2>
<bordercolour>0</bordercolour>
<fontcolour>0</fontcolour>
<fontname>Tahoma</fontname>
<fontsize>16</fontsize>
<fontbold>0</fontbold>
<fontitalic>0</fontitalic>
<picturesize>60</picturesize>
<backgroundshape>0</backgroundshape>
</style>
<style id="Self Closing Page">
<backcolour>14528665</backcolour>
<backcolour2>14528665</backcolour2>
<bordercolour>10462191</bordercolour>
<fontcolour>0</fontcolour>
<fontname>Tahoma</fontname>
<fontsize>16</fontsize>
<fontbold>0</fontbold>
<fontitalic>0</fontitalic>
<picturesize>80</picturesize>
<backgroundshape>0</backgroundshape>
</style>
<style id="sentence practice">
<backcolour>14567220</backcolour>
<backcolour2>14567220</backcolour2>
<bordercolour>0</bordercolour>
<fontcolour>16777215</fontcolour>
<fontname>Tahoma</fontname>
<fontsize>16</fontsize>
<fontbold>0</fontbold>
<fontitalic>0</fontitalic>
<picturesize>60</picturesize>
<backgroundshape>0</backgroundshape>
</style>
<style id="Starter">
<backcolour>10284447</backcolour>
<backcolour2>10284447</backcolour2>
<bordercolour>2142245</bordercolour>
<fontcolour>0</fontcolour>
<fontname>Tahoma</fontname>
<fontsize>14</fontsize>
<fontbold>0</fontbold>
<fontitalic>0</fontitalic>
<picturesize>65</picturesize>
<backgroundshape>0</backgroundshape>
</style>
<style id="Title">
<backcolour>16777215</backcolour>
<backcolour2>16777215</backcolour2>
<bordercolour>0</bordercolour>
<fontcolour>8882055</fontcolour>
<fontname>Tahoma</fontname>
<fontsize>26</fontsize>
<fontbold>1</fontbold>
<fontitalic>0</fontitalic>
<picturesize>80</picturesize>
<backgroundshape>2</backgroundshape>
</style>
<style id="transparent">
<backcolour>13500415</backcolour>
<backcolour2>13500415</backcolour2>
<bordercolour>0</bordercolour>
<fontcolour>0</fontcolour>
<fontname>Tahoma</fontname>
<fontsize>12</fontsize>
<fontbold>0</fontbold>
<fontitalic>0</fontitalic>
<picturesize>60</picturesize>
<backgroundshape>11</backgroundshape>
</style>
<style id="Vowels">
<backcolour>16444909</backcolour>
<backcolour2>16444909</backcolour2>
<bordercolour>15118255</bordercolour>
<fontcolour>0</fontcolour>
<fontname>Tahoma</fontname>
<fontsize>48</fontsize>
<fontbold>0</fontbold>
<fontitalic>0</fontitalic>
<picturesize>100</picturesize>
<backgroundshape>0</backgroundshape>
</style>
<style id="Blank cell (no style)">
<backcolour>16777215</backcolour>
<backcolour2>16777215</backcolour2>
<bordercolour>0</bordercolour>
<fontcolour>0</fontcolour>
<fontname>Tahoma</fontname>
<fontsize>20</fontsize>
<fontbold>0</fontbold>
<fontitalic>0</fontitalic>
<picturesize>80</picturesize>
<backgroundshape>11</backgroundshape>
</style>
<style id="Vocab cell">
<backcolour>13500415</backcolour>
<backcolour2>13500415</backcolour2>
<bordercolour>0</bordercolour>
<fontcolour>0</fontcolour>
<fontname>Tahoma</fontname>
<fontsize>14</fontsize>
<fontbold>0</fontbold>
<fontitalic>0</fontitalic>
<picturesize>60</picturesize>
<backgroundshape>0</backgroundshape>
</style>
<style id="Jump cell">
<backcolour>10319453</backcolour>
<backcolour2>10319453</backcolour2>
<bordercolour>10049331</bordercolour>
<fontcolour>0</fontcolour>
<fontname>Tahoma</fontname>
<fontsize>14</fontsize>
<fontbold>0</fontbold>
<fontitalic>0</fontitalic>
<picturesize>70</picturesize>
<backgroundshape>5</backgroundshape>
</style>
<style id="Auto content cell">
<backcolour>16777215</backcolour>
<backcolour2>16777215</backcolour2>
<bordercolour>14803425</bordercolour>
<fontcolour>0</fontcolour>
<fontname>Tahoma</fontname>
<fontsize>14</fontsize>
<fontbold>0</fontbold>
<fontitalic>0</fontitalic>
<picturesize>65</picturesize>
<backgroundshape>0</backgroundshape>
</style>
<style id="Action cell">
<backcolour>10462191</backcolour>
<backcolour2>10462191</backcolour2>
<bordercolour>66046</bordercolour>
<fontcolour>0</fontcolour>
<fontname>Tahoma</fontname>
<fontsize>16</fontsize>
<fontbold>0</fontbold>
<fontitalic>0</fontitalic>
<picturesize>80</picturesize>
<backgroundshape>0</backgroundshape>
</style>
<style id="Keyboard key">
<backcolour>15251126</backcolour>
<backcolour2>15251126</backcolour2>
<bordercolour>14984097</bordercolour>
<fontcolour>0</fontcolour>
<fontname>Tahoma</fontname>
<fontsize>48</fontsize>
<fontbold>0</fontbold>
<fontitalic>0</fontitalic>
<picturesize>100</picturesize>
<backgroundshape>0</backgroundshape>
</style>
<style id="Blank cell (no style)" ignore="1">
<backcolour>16777215</backcolour>
<backcolour2>16777215</backcolour2>
<bordercolour>0</bordercolour>
<fontcolour>0</fontcolour>
<fontname>Tahoma</fontname>
<fontsize>20</fontsize>
<fontbold>0</fontbold>
<fontitalic>0</fontitalic>
<picturesize>80</picturesize>
<backgroundshape>11</backgroundshape>
</style>
<style id="Vocab cell" ignore="1">
<backcolour>13500415</backcolour>
<backcolour2>13500415</backcolour2>
<bordercolour>0</bordercolour>
<fontcolour>0</fontcolour>
<fontname>Tahoma</fontname>
<fontsize>14</fontsize>
<fontbold>0</fontbold>
<fontitalic>0</fontitalic>
<picturesize>60</picturesize>
<backgroundshape>0</backgroundshape>
</style>
<style id="Jump cell" ignore="1">
<backcolour>10319453</backcolour>
<backcolour2>10319453</backcolour2>
<bordercolour>10049331</bordercolour>
<fontcolour>0</fontcolour>
<fontname>Tahoma</fontname>
<fontsize>14</fontsize>
<fontbold>0</fontbold>
<fontitalic>0</fontitalic>
<picturesize>70</picturesize>
<backgroundshape>5</backgroundshape>
</style>
<style id="Auto content cell" ignore="1">
<backcolour>16777215</backcolour>
<backcolour2>16777215</backcolour2>
<bordercolour>14803425</bordercolour>
<fontcolour>0</fontcolour>
<fontname>Tahoma</fontname>
<fontsize>14</fontsize>
<fontbold>0</fontbold>
<fontitalic>0</fontitalic>
<picturesize>65</picturesize>
<backgroundshape>0</backgroundshape>
</style>
<style id="Action cell" ignore="1">
<backcolour>10462191</backcolour>
<backcolour2>10462191</backcolour2>
<bordercolour>66046</bordercolour>
<fontcolour>0</fontcolour>
<fontname>Tahoma</fontname>
<fontsize>16</fontsize>
<fontbold>0</fontbold>
<fontitalic>0</fontitalic>
<picturesize>80</picturesize>
<backgroundshape>0</backgroundshape>
</style>
<style id="Keyboard key" ignore="1">
<backcolour>15251126</backcolour>
<backcolour2>15251126</backcolour2>
<bordercolour>14984097</bordercolour>
<fontcolour>0</fontcolour>
<fontname>Tahoma</fontname>
<fontsize>48</fontsize>
<fontbold>0</fontbold>
<fontitalic>0</fontitalic>
<picturesize>100</picturesize>
<backgroundshape>0</backgroundshape>
</style>
</styles>
</styledata>
