<?xml version="1.0" encoding="utf-8" ?>

<wordlist>
<word>
<wordtext><![CDATA[material ]]></wordtext>
<picturefile>[WIDGIT]widgit rebus\m\materials 1.emf</picturefile>
</word>
<word>
<wordtext><![CDATA[fabric ]]></wordtext>
<picturefile>[WIDGIT]widgit rebus\c\cloth.emf</picturefile>
</word>
<word>
<wordtext><![CDATA[cotton ]]></wordtext>
<picturefile>[WIDGIT]widgit rebus\c\cotton.emf</picturefile>
</word>
<word>
<wordtext><![CDATA[knitted ]]></wordtext>
<picturefile>[WIDGIT]widgit rebus\k\knitting.emf</picturefile>
</word>
<word>
<wordtext><![CDATA[elastic ]]></wordtext>
<picturefile>[WIDGIT]widgit rebus 04\symbols a\elastic.emf</picturefile>
</word>
<word>
<wordtext><![CDATA[leather ]]></wordtext>
<picturefile>[WIDGIT]widgit rebus\l\leather.emf</picturefile>
</word>
<word>
<wordtext><![CDATA[silk ]]></wordtext>
<picturefile>[WIDGIT]widgit rebus\s\silk.emf</picturefile>
</word>
<word>
<wordtext><![CDATA[silky ]]></wordtext>
<picturefile>[WIDGIT]widgit rebus\s\silk.emf</picturefile>
</word>
<word>
<wordtext><![CDATA[tartan ]]></wordtext>
<picturefile>[WIDGIT]widgit rebus\t\tartan.emf</picturefile>
</word>
<word>
<wordtext><![CDATA[fair trade ]]></wordtext>
<picturefile>rad65949.jpg</picturefile>
</word>
<word>
<wordtext><![CDATA[handmade ]]></wordtext>
<picturefile>[WIDGIT]widgit rebus topics\history\ww2\make do.emf</picturefile>
</word>
<word>
<wordtext><![CDATA[second hand ]]></wordtext>
<picturefile>[WIDGIT]widgit rebus 08\symbols 8a\second hand.emf</picturefile>
</word>
<word>
<wordtext><![CDATA[wool ]]></wordtext>
<picturefile>[WIDGIT]widgit rebus\w\wool.emf</picturefile>
</word>
<word>
<wordtext><![CDATA[concrete ]]></wordtext>
<picturefile>[WIDGIT]widgit rebus\c\cement.emf</picturefile>
</word>
<word>
<wordtext><![CDATA[brick ]]></wordtext>
<picturefile>[WIDGIT]widgit rebus\b\brick.emf</picturefile>
</word>
<word>
<wordtext><![CDATA[metal ]]></wordtext>
<picturefile>[WIDGIT]widgit rebus\m\metal.emf</picturefile>
</word>
<word>
<wordtext><![CDATA[plastic ]]></wordtext>
<picturefile>[WIDGIT]widgit rebus\p\plastic.emf</picturefile>
</word>
<word>
<wordtext><![CDATA[rubber ]]></wordtext>
<picturefile>[WIDGIT]widgit rebus\r\rubber.emf</picturefile>
</word>
<word>
<wordtext><![CDATA[wooden ]]></wordtext>
<picturefile>[WIDGIT]widgit rebus\w\wood 1.emf</picturefile>
</word>
<word>
<wordtext><![CDATA[wood ]]></wordtext>
<picturefile>[WIDGIT]widgit rebus\w\wood.emf</picturefile>
</word>
<word>
<wordtext><![CDATA[paper ]]></wordtext>
<picturefile>[WIDGIT]widgit rebus\p\paper 1.emf</picturefile>
</word>
<word>
<wordtext><![CDATA[glass ]]></wordtext>
<picturefile>[WIDGIT]widgit rebus\g\glass 1.emf</picturefile>
</word>
<word>
<wordtext><![CDATA[cork ]]></wordtext>
<picturefile>[WIDGIT]widgit rebus 05\symbols 5a\cork.emf</picturefile>
</word>
<word>
<wordtext><![CDATA[new ]]></wordtext>
<picturefile>[WIDGIT]widgit rebus\n\new thing.emf</picturefile>
</word>
<word>
<wordtext><![CDATA[old ]]></wordtext>
<picturefile>[WIDGIT]widgit rebus 05\symbols 5a\old person.emf</picturefile>
</word>
<word>
<wordtext><![CDATA[gold ]]></wordtext>
<picturefile>[WIDGIT]widgit rebus\g\gold 1.emf</picturefile>
</word>
<word>
<wordtext><![CDATA[silver ]]></wordtext>
<picturefile>[WIDGIT]widgit rebus\s\silver metal.emf</picturefile>
</word>
<word>
<wordtext><![CDATA[bronze ]]></wordtext>
<picturefile>[WIDGIT]widgit rebus\b\bronze medal.emf</picturefile>
</word>
</wordlist>
