<?xml version="1.0" encoding="utf-8" ?>

<wordlist>
<word>
<wordtext><![CDATA[creepy crawlies ]]></wordtext>
<picturefile>[WIDGIT]widgit rebus\c\creepy-crawlies.emf</picturefile>
</word>
<word>
<wordtext><![CDATA[bug ]]></wordtext>
<picturefile>[WIDGIT]widgit rebus\i\insects.emf</picturefile>
</word>
<word>
<wordtext><![CDATA[buzz ]]></wordtext>
<picturefile>[WIDGIT]widgit rebus 04\symbols a\buzz.emf</picturefile>
</word>
<word>
<wordtext><![CDATA[insect ]]></wordtext>
<picturefile>[WIDGIT]widgit rebus\i\insects.emf</picturefile>
</word>
<word>
<wordtext><![CDATA[ant ]]></wordtext>
<picturefile>[WIDGIT]widgit rebus\a\ant.emf</picturefile>
</word>
<word>
<wordtext><![CDATA[bee ]]></wordtext>
<picturefile>[WIDGIT]widgit rebus\b\bee.emf</picturefile>
</word>
<word>
<wordtext><![CDATA[wasp ]]></wordtext>
<picturefile>[WIDGIT]widgit rebus\w\wasp.emf</picturefile>
</word>
<word>
<wordtext><![CDATA[ladybird ]]></wordtext>
<picturefile>[WIDGIT]widgit rebus\l\ladybird.emf</picturefile>
</word>
<word>
<wordtext><![CDATA[butterfly ]]></wordtext>
<picturefile>[WIDGIT]widgit rebus\b\butterfly.emf</picturefile>
</word>
<word>
<wordtext><![CDATA[caterpillar ]]></wordtext>
<picturefile>[WIDGIT]widgit rebus\c\caterpillar.emf</picturefile>
</word>
<word>
<wordtext><![CDATA[snail ]]></wordtext>
<picturefile>[WIDGIT]widgit rebus\s\snail.emf</picturefile>
</word>
<word>
<wordtext><![CDATA[slug ]]></wordtext>
<picturefile>[WIDGIT]widgit rebus\s\slug.emf</picturefile>
</word>
<word>
<wordtext><![CDATA[spider ]]></wordtext>
<picturefile>[WIDGIT]widgit rebus\s\spider.emf</picturefile>
</word>
<word>
<wordtext><![CDATA[worm ]]></wordtext>
<picturefile>[WIDGIT]widgit rebus\w\worm1.emf</picturefile>
</word>
<word>
<wordtext><![CDATA[beetle ]]></wordtext>
<picturefile>[WIDGIT]widgit rebus\b\beetle.emf</picturefile>
</word>
<word>
<wordtext><![CDATA[cockroach ]]></wordtext>
<picturefile>[WIDGIT]widgit rebus\c\cockroach.emf</picturefile>
</word>
<word>
<wordtext><![CDATA[cricket ]]></wordtext>
<picturefile>[WIDGIT]widgit rebus\c\cricket 1.emf</picturefile>
</word>
<word>
<wordtext><![CDATA[dragonfly ]]></wordtext>
<picturefile>[WIDGIT]widgit rebus\d\dragonfly.emf</picturefile>
</word>
<word>
<wordtext><![CDATA[earwig ]]></wordtext>
<picturefile>[WIDGIT]widgit rebus 09\symbols 9b\earwig.emf</picturefile>
</word>
<word>
<wordtext><![CDATA[fly ]]></wordtext>
<picturefile>[WIDGIT]widgit rebus\f\fly 2.emf</picturefile>
</word>
<word>
<wordtext><![CDATA[gnat ]]></wordtext>
<picturefile>[WIDGIT]widgit rebus\g\gnat.emf</picturefile>
</word>
<word>
<wordtext><![CDATA[grasshopper ]]></wordtext>
<picturefile>[WIDGIT]widgit rebus\g\grasshopper.emf</picturefile>
</word>
<word>
<wordtext><![CDATA[greenfly ]]></wordtext>
<picturefile>rad85FFF.png</picturefile>
</word>
<word>
<wordtext><![CDATA[mosquito ]]></wordtext>
<picturefile>[WIDGIT]widgit rebus\m\mosquito.emf</picturefile>
</word>
<word>
<wordtext><![CDATA[moth ]]></wordtext>
<picturefile>[WIDGIT]widgit rebus\m\moth.emf</picturefile>
</word>
<word>
<wordtext><![CDATA[cocoon ]]></wordtext>
<picturefile>[WIDGIT]widgit rebus\p\pupa.emf</picturefile>
</word>
<word>
<wordtext><![CDATA[hive ]]></wordtext>
<picturefile>[WIDGIT]widgit rebus\h\hive.emf</picturefile>
</word>
</wordlist>
