<?xml version="1.0" encoding="utf-8" ?>

<wordlist>
<word>
<wordtext><![CDATA[United Kingdom ]]></wordtext>
<picturefile>[WIDGIT]widgit rebus\e\england.emf</picturefile>
</word>
<word>
<wordtext><![CDATA[England ]]></wordtext>
<picturefile>[WIDGIT]widgit rebus\e\england 1.emf</picturefile>
</word>
<word>
<wordtext><![CDATA[Wales ]]></wordtext>
<picturefile>[WIDGIT]widgit rebus\w\wales.emf</picturefile>
</word>
<word>
<wordtext><![CDATA[Scotland ]]></wordtext>
<picturefile>[WIDGIT]widgit rebus\s\scotland.emf</picturefile>
</word>
<word>
<wordtext><![CDATA[Northern Ireland ]]></wordtext>
<picturefile>[WIDGIT]widgit rebus\n\northern ireland.emf</picturefile>
</word>
<word>
<wordtext><![CDATA[Ireland ]]></wordtext>
<picturefile>[WIDGIT]widgit rebus\i\ireland.emf</picturefile>
</word>
<word>
<wordtext><![CDATA[continent ]]></wordtext>
<picturefile>[WIDGIT]widgit rebus\c\continents.emf</picturefile>
</word>
<word>
<wordtext><![CDATA[Africa ]]></wordtext>
<picturefile>[WIDGIT]widgit rebus\a\africa.emf</picturefile>
</word>
<word>
<wordtext><![CDATA[Asia ]]></wordtext>
<picturefile>[WIDGIT]widgit rebus\a\asia.emf</picturefile>
</word>
<word>
<wordtext><![CDATA[America ]]></wordtext>
<picturefile>[WIDGIT]widgit rebus\u\usa.emf</picturefile>
</word>
<word>
<wordtext><![CDATA[South America ]]></wordtext>
<picturefile>[WIDGIT]widgit rebus\s\south america.emf</picturefile>
</word>
<word>
<wordtext><![CDATA[Antarctica ]]></wordtext>
<picturefile>[WIDGIT]widgit rebus\a\antarctic.emf</picturefile>
</word>
<word>
<wordtext><![CDATA[Australia ]]></wordtext>
<picturefile>[WIDGIT]widgit rebus\a\australia.emf</picturefile>
</word>
<word>
<wordtext><![CDATA[Europe ]]></wordtext>
<picturefile>[WIDGIT]widgit rebus\e\eu.emf</picturefile>
</word>
<word>
<wordtext><![CDATA[country ]]></wordtext>
<picturefile>[WIDGIT]widgit rebus\c\countries.emf</picturefile>
</word>
<word>
<wordtext><![CDATA[France ]]></wordtext>
<picturefile>[WIDGIT]widgit rebus\f\france.emf</picturefile>
</word>
<word>
<wordtext><![CDATA[Germany ]]></wordtext>
<picturefile>[WIDGIT]widgit rebus\g\germany.emf</picturefile>
</word>
<word>
<wordtext><![CDATA[Spain ]]></wordtext>
<picturefile>[WIDGIT]widgit rebus\s\spain.emf</picturefile>
</word>
<word>
<wordtext><![CDATA[Italy ]]></wordtext>
<picturefile>[WIDGIT]widgit rebus\i\italy.emf</picturefile>
</word>
<word>
<wordtext><![CDATA[Greece ]]></wordtext>
<picturefile>[WIDGIT]widgit rebus\g\greece.emf</picturefile>
</word>
<word>
<wordtext><![CDATA[Austria ]]></wordtext>
<picturefile>[WIDGIT]widgit rebus\a\austria.emf</picturefile>
</word>
<word>
<wordtext><![CDATA[Cyprus ]]></wordtext>
<picturefile>[WIDGIT]widgit rebus 04\symbols a\cyprus.emf</picturefile>
</word>
<word>
<wordtext><![CDATA[Denmark ]]></wordtext>
<picturefile>[WIDGIT]widgit rebus\d\denmark.emf</picturefile>
</word>
<word>
<wordtext><![CDATA[Hungary ]]></wordtext>
<picturefile>[WIDGIT]widgit rebus\h\hungary.emf</picturefile>
</word>
<word>
<wordtext><![CDATA[Netherlands ]]></wordtext>
<picturefile>[WIDGIT]widgit rebus\n\netherlands.emf</picturefile>
</word>
<word>
<wordtext><![CDATA[Poland ]]></wordtext>
<picturefile>[WIDGIT]widgit rebus\p\poland.emf</picturefile>
</word>
<word>
<wordtext><![CDATA[Sweden ]]></wordtext>
<picturefile>[WIDGIT]widgit rebus\s\sweden.emf</picturefile>
</word>
<word>
<wordtext><![CDATA[Switzerland ]]></wordtext>
<picturefile>[WIDGIT]widgit rebus\s\switzerland.emf</picturefile>
</word>
<word>
<wordtext><![CDATA[Turkey ]]></wordtext>
<picturefile>[WIDGIT]widgit rebus\t\turkey 1.emf</picturefile>
</word>
<word>
<wordtext><![CDATA[Canada ]]></wordtext>
<picturefile>[WIDGIT]widgit rebus\c\canada.emf</picturefile>
</word>
<word>
<wordtext><![CDATA[China ]]></wordtext>
<picturefile>[WIDGIT]widgit rebus\c\china 1.emf</picturefile>
</word>
<word>
<wordtext><![CDATA[Brazil ]]></wordtext>
<picturefile>[WIDGIT]widgit rebus\b\brazil.emf</picturefile>
</word>
<word>
<wordtext><![CDATA[Egypt ]]></wordtext>
<picturefile>[WIDGIT]widgit rebus\e\egypt.emf</picturefile>
</word>
<word>
<wordtext><![CDATA[Iceland ]]></wordtext>
<picturefile>[WIDGIT]widgit rebus\i\iceland.emf</picturefile>
</word>
<word>
<wordtext><![CDATA[India ]]></wordtext>
<picturefile>[WIDGIT]widgit rebus\i\india.emf</picturefile>
</word>
<word>
<wordtext><![CDATA[Jamaica ]]></wordtext>
<picturefile>[WIDGIT]widgit rebus\j\jamaica.emf</picturefile>
</word>
<word>
<wordtext><![CDATA[Japan ]]></wordtext>
<picturefile>[WIDGIT]widgit rebus\j\japan.emf</picturefile>
</word>
<word>
<wordtext><![CDATA[Malta ]]></wordtext>
<picturefile>[WIDGIT]widgit rebus 04\symbols a\malta.emf</picturefile>
</word>
<word>
<wordtext><![CDATA[New Zealand ]]></wordtext>
<picturefile>[WIDGIT]widgit rebus\n\new zealand.emf</picturefile>
</word>
<word>
<wordtext><![CDATA[Russia ]]></wordtext>
<picturefile>[WIDGIT]widgit rebus\r\russia.emf</picturefile>
</word>
<word>
<wordtext><![CDATA[South Africa ]]></wordtext>
<picturefile>[WIDGIT]widgit rebus\s\south africa.emf</picturefile>
</word>
<word>
<wordtext><![CDATA[Thailand ]]></wordtext>
<picturefile>[WIDGIT]widgit rebus 04\symbols a\thailand.emf</picturefile>
</word>
<word>
<wordtext><![CDATA[Afghanistan ]]></wordtext>
<picturefile>[WIDGIT]widgit rebus 04\symbols a\afghanistan.emf</picturefile>
</word>
<word>
<wordtext><![CDATA[Iraq ]]></wordtext>
<picturefile>[WIDGIT]widgit rebus 04\symbols a\iraq.emf</picturefile>
</word>
</wordlist>
