<?xml version="1.0" encoding="utf-8" ?>

<wordlist>
<word>
<wordtext><![CDATA[my teacher ]]></wordtext>
<picturefile>[WIDGIT]widgit rebus 06\symbols 6a\teacher.emf</picturefile>
</word>
<word>
<wordtext><![CDATA[my helper ]]></wordtext>
<picturefile>[WIDGIT]widgit rebus\h\help write.emf</picturefile>
</word>
<word>
<wordtext><![CDATA[the headmaster ]]></wordtext>
<picturefile>[WIDGIT]widgit rebus\h\head master.emf</picturefile>
</word>
<word>
<wordtext><![CDATA[the caretaker ]]></wordtext>
<picturefile>[WIDGIT]widgit rebus\c\cleaner.emf</picturefile>
</word>
<word>
<wordtext><![CDATA[the dinner lady ]]></wordtext>
<picturefile>[WIDGIT]widgit rebus 05\symbols 5a\serve.emf</picturefile>
</word>
</wordlist>
