<?xml version="1.0" encoding="utf-8" ?>

<sensorygrid>
<grid workspace_x="2" workspace_y="1">
<rows>5</rows>
<cols>7</cols>
<selfclosing>0</selfclosing>
<titlebartext></titlebartext>
<customblockscan>1</customblockscan>
<predictionsource>0</predictionsource>
<oskcellratio>0</oskcellratio>
<background style="0">
<backcolour>14737632</backcolour>
<backcolour2>14737632</backcolour2>
</background>
<cells>
<cell x="1" y="1">
<caption><![CDATA[go back]]></caption>
<tooltip><![CDATA[go back]]></tooltip>
<picture>[GRID2X]jump.back.wmf</picture>
<scanblock>1</scanblock>
<directactivate>1</directactivate>
<hidden>0</hidden>
<stylepreset>Jump Home &amp; back</stylepreset>
<commands>
<command>
<id>jump.back</id>
</command>
</commands>
</cell>
<cell x="2" y="1">
<magnifyx>5</magnifyx>
<magnifyy>5</magnifyy>
<scanblock>1</scanblock>
<hidden>0</hidden>
<stylepreset>Blank cell (no style)</stylepreset>
</cell>
<cell x="3" y="1">
<scanblock>1</scanblock>
<hidden>0</hidden>
<stylepreset>Blank cell (no style)</stylepreset>
</cell>
<cell x="4" y="1">
<scanblock>1</scanblock>
<hidden>0</hidden>
<stylepreset>Blank cell (no style)</stylepreset>
</cell>
<cell x="5" y="1">
<scanblock>1</scanblock>
<hidden>0</hidden>
<stylepreset>Blank cell (no style)</stylepreset>
</cell>
<cell x="6" y="1">
<caption><![CDATA[rub out]]></caption>
<tooltip><![CDATA[rub out]]></tooltip>
<picture>[GRID2X]type.deleteword.wmf</picture>
<scanblock>1</scanblock>
<directactivate>4</directactivate>
<hidden>0</hidden>
<stylepreset>Action cell</stylepreset>
<commands>
<command>
<id>type.deleteword</id>
</command>
</commands>
</cell>
<cell x="7" y="1">
<caption><![CDATA[speak]]></caption>
<tooltip><![CDATA[speak]]></tooltip>
<picture>[GRID2X]action.speakall.wmf</picture>
<scanblock>1</scanblock>
<directactivate>3</directactivate>
<hidden>0</hidden>
<stylepreset>Action cell</stylepreset>
<commands>
<command>
<id>action.speakall</id>
</command>
</commands>
</cell>
<cell x="1" y="2">
<scanblock>1</scanblock>
<hidden>0</hidden>
<stylepreset>Blank cell (no style)</stylepreset>
</cell>
<cell x="2" y="2">
<scanblock>2</scanblock>
<hidden>0</hidden>
<stylepreset>Blank cell (no style)</stylepreset>
</cell>
<cell x="3" y="2">
<scanblock>2</scanblock>
<hidden>0</hidden>
<stylepreset>Blank cell (no style)</stylepreset>
</cell>
<cell x="4" y="2">
<scanblock>2</scanblock>
<hidden>0</hidden>
<stylepreset>Blank cell (no style)</stylepreset>
</cell>
<cell x="5" y="2">
<scanblock>1</scanblock>
<hidden>0</hidden>
<stylepreset>Blank cell (no style)</stylepreset>
</cell>
<cell x="6" y="2">
<scanblock>1</scanblock>
<hidden>0</hidden>
<stylepreset>Blank cell (no style)</stylepreset>
</cell>
<cell x="7" y="2">
<caption><![CDATA[Stop Speaking]]></caption>
<tooltip><![CDATA[Stop Speaking]]></tooltip>
<picture>[GRID2X]action.stopspeaking.wmf</picture>
<scanblock>1</scanblock>
<hidden>0</hidden>
<stylepreset>Action cell</stylepreset>
<commands>
<command>
<id>action.stopspeaking</id>
</command>
</commands>
</cell>
<cell x="1" y="3">
<scanblock>1</scanblock>
<hidden>0</hidden>
<stylepreset>Blank cell (no style)</stylepreset>
</cell>
<cell x="2" y="3">
<scanblock>2</scanblock>
<hidden>0</hidden>
<stylepreset>Blank cell (no style)</stylepreset>
</cell>
<cell x="3" y="3">
<scanblock>2</scanblock>
<hidden>0</hidden>
<stylepreset>Blank cell (no style)</stylepreset>
</cell>
<cell x="4" y="3">
<scanblock>1</scanblock>
<hidden>0</hidden>
<stylepreset>Blank cell (no style)</stylepreset>
</cell>
<cell x="5" y="3">
<scanblock>1</scanblock>
<hidden>0</hidden>
<stylepreset>Blank cell (no style)</stylepreset>
</cell>
<cell x="6" y="3">
<scanblock>1</scanblock>
<hidden>0</hidden>
<stylepreset>Blank cell (no style)</stylepreset>
</cell>
<cell x="7" y="3">
<scanblock>1</scanblock>
<hidden>0</hidden>
<stylepreset>Blank cell (no style)</stylepreset>
</cell>
<cell x="1" y="4">
<scanblock>1</scanblock>
<hidden>0</hidden>
<stylepreset>Blank cell (no style)</stylepreset>
</cell>
<cell x="2" y="4">
<caption><![CDATA[Save]]></caption>
<tooltip><![CDATA[Save]]></tooltip>
<picture>[WIDGIT]widgit rebus\s\save 1.emf</picture>
<scanblock>2</scanblock>
<directactivate>7</directactivate>
<hidden>0</hidden>
<stylepreset>Action cell</stylepreset>
<commands>
<command>
<id>symbolchat.save</id>
</command>
<command>
<id>symbolchat.showlist</id>
</command>
</commands>
</cell>
<cell x="3" y="4">
<caption><![CDATA[My Files]]></caption>
<tooltip><![CDATA[My Files]]></tooltip>
<picture>[WIDGIT]widgit rebus\f\file 1.emf</picture>
<scanblock>2</scanblock>
<hidden>0</hidden>
<stylepreset>Action cell</stylepreset>
<commands>
<command>
<id>symbolchat.showlist</id>
</command>
</commands>
</cell>
<cell x="4" y="4">
<caption><![CDATA[Open]]></caption>
<tooltip><![CDATA[Open]]></tooltip>
<picture>[WIDGIT]widgit rebus\o\open document.emf</picture>
<scanblock>2</scanblock>
<hidden>0</hidden>
<stylepreset>Action cell</stylepreset>
<commands>
<command>
<id>symbolchat.open</id>
</command>
</commands>
</cell>
<cell x="5" y="4">
<caption><![CDATA[New]]></caption>
<tooltip><![CDATA[New]]></tooltip>
<picture>[WIDGIT]widgit rebus\n\new thing.emf</picture>
<scanblock>2</scanblock>
<hidden>0</hidden>
<stylepreset>Action cell</stylepreset>
<commands>
<command>
<id>symbolchat.new</id>
</command>
</commands>
</cell>
<cell x="6" y="4">
<caption><![CDATA[Delete]]></caption>
<tooltip><![CDATA[Delete]]></tooltip>
<picture>[WIDGIT]widgit rebus\e\erase.emf</picture>
<scanblock>2</scanblock>
<hidden>0</hidden>
<stylepreset>Action cell</stylepreset>
<commands>
<command>
<id>jump.to</id>
<parameter index="1"><![CDATA[Delete are you sure]]></parameter>
</command>
</commands>
</cell>
<cell x="7" y="4">
<scanblock>1</scanblock>
<hidden>0</hidden>
<stylepreset>Blank cell (no style)</stylepreset>
</cell>
<cell x="1" y="5">
<scanblock>1</scanblock>
<hidden>0</hidden>
<stylepreset>Blank cell (no style)</stylepreset>
</cell>
<cell x="2" y="5">
<caption><![CDATA[Down]]></caption>
<tooltip><![CDATA[Down]]></tooltip>
<picture>[GRID2X]action.down.wmf</picture>
<scanblock>2</scanblock>
<hidden>0</hidden>
<stylepreset>Auto content cell</stylepreset>
<commands>
<command>
<id>symbolchat.down</id>
</command>
</commands>
</cell>
<cell x="3" y="5">
<caption><![CDATA[Up]]></caption>
<tooltip><![CDATA[Up]]></tooltip>
<picture>[GRID2X]action.up.wmf</picture>
<scanblock>2</scanblock>
<directactivate>8</directactivate>
<hidden>0</hidden>
<stylepreset>Auto content cell</stylepreset>
<commands>
<command>
<id>symbolchat.up</id>
</command>
</commands>
</cell>
<cell x="4" y="5">
<caption><![CDATA[Clear]]></caption>
<tooltip><![CDATA[Clear]]></tooltip>
<picture>[GRID2X]action.clear.wmf</picture>
<scanblock>2</scanblock>
<hidden>0</hidden>
<stylepreset>Action cell</stylepreset>
<commands>
<command>
<id>action.clear</id>
</command>
</commands>
</cell>
<cell x="5" y="5">
<caption><![CDATA[Undo]]></caption>
<tooltip><![CDATA[Undo delete]]></tooltip>
<picture>[GRID2X]action.undo.wmf</picture>
<scanblock>2</scanblock>
<hidden>0</hidden>
<stylepreset>Action cell</stylepreset>
<commands>
<command>
<id>action.undo</id>
</command>
</commands>
</cell>
<cell x="6" y="5">
<caption><![CDATA[Print]]></caption>
<tooltip><![CDATA[Print]]></tooltip>
<picture>[GRID2X]action.print.wmf</picture>
<scanblock>2</scanblock>
<hidden>0</hidden>
<stylepreset>Action cell</stylepreset>
<commands>
<command>
<id>action.print</id>
</command>
</commands>
</cell>
<cell x="7" y="5">
<caption><![CDATA[clear]]></caption>
<tooltip><![CDATA[clear]]></tooltip>
<picture>[GRID2X]action.clear.wmf</picture>
<scanblock>1</scanblock>
<hidden>0</hidden>
<stylepreset>Action cell</stylepreset>
<commands>
<command>
<id>action.clear</id>
</command>
</commands>
</cell>
</cells>
</grid>
</sensorygrid>
