<?xml version="1.0" encoding="utf-8" ?>

<wordlist>
<word>
<wordtext><![CDATA[dry ]]></wordtext>
<picturefile>[WIDGIT]widgit rebus\d\dry 1.emf</picturefile>
</word>
<word>
<wordtext><![CDATA[wet ]]></wordtext>
<picturefile>[WIDGIT]widgit rebus\w\wet.emf</picturefile>
</word>
<word>
<wordtext><![CDATA[dull ]]></wordtext>
<picturefile>[WIDGIT]widgit rebus\d\dull 1.emf</picturefile>
</word>
<word>
<wordtext><![CDATA[bright ]]></wordtext>
<picturefile>[WIDGIT]widgit rebus\b\bright.emf</picturefile>
</word>
<word>
<wordtext><![CDATA[shiny ]]></wordtext>
<picturefile>[WIDGIT]widgit rebus\s\shiny.emf</picturefile>
</word>
<word>
<wordtext><![CDATA[empty ]]></wordtext>
<picturefile>[WIDGIT]widgit rebus\e\empty.emf</picturefile>
</word>
<word>
<wordtext><![CDATA[full ]]></wordtext>
<picturefile>[WIDGIT]widgit rebus\f\full.emf</picturefile>
</word>
<word>
<wordtext><![CDATA[heavy ]]></wordtext>
<picturefile>[WIDGIT]widgit rebus\h\heavy.emf</picturefile>
</word>
<word>
<wordtext><![CDATA[light ]]></wordtext>
<picturefile>[WIDGIT]widgit rebus 08\symbols 8b\light.emf</picturefile>
</word>
<word>
<wordtext><![CDATA[hard ]]></wordtext>
<picturefile>[WIDGIT]widgit rebus\h\hard.emf</picturefile>
</word>
<word>
<wordtext><![CDATA[soft ]]></wordtext>
<picturefile>[WIDGIT]widgit rebus\s\soft.emf</picturefile>
</word>
<word>
<wordtext><![CDATA[fixed ]]></wordtext>
<picturefile>[WIDGIT]widgit rebus\m\mend.emf</picturefile>
</word>
<word>
<wordtext><![CDATA[broken ]]></wordtext>
<picturefile>[WIDGIT]widgit rebus\b\break.emf</picturefile>
</word>
<word>
<wordtext><![CDATA[rough ]]></wordtext>
<picturefile>[WIDGIT]widgit rebus\r\rough.emf</picturefile>
</word>
<word>
<wordtext><![CDATA[smooth ]]></wordtext>
<picturefile>[WIDGIT]widgit rebus\s\smooth.emf</picturefile>
</word>
<word>
<wordtext><![CDATA[curved ]]></wordtext>
<picturefile>[WIDGIT]widgit rebus\c\curve.emf</picturefile>
</word>
<word>
<wordtext><![CDATA[straight ]]></wordtext>
<picturefile>[WIDGIT]widgit rebus\s\straight.emf</picturefile>
</word>
<word>
<wordtext><![CDATA[wriggly ]]></wordtext>
<picturefile>[WIDGIT]widgit rebus 04\symbols b\wriggly.emf</picturefile>
</word>
<word>
<wordtext><![CDATA[slimy ]]></wordtext>
<picturefile>[WIDGIT]widgit rebus\g\goo.emf</picturefile>
</word>
<word>
<wordtext><![CDATA[sticky ]]></wordtext>
<picturefile>[WIDGIT]widgit rebus\s\sticky.emf</picturefile>
</word>
<word>
<wordtext><![CDATA[tight ]]></wordtext>
<picturefile>[WIDGIT]widgit rebus topics\science maths\tight.emf</picturefile>
</word>
<word>
<wordtext><![CDATA[loose ]]></wordtext>
<picturefile>[WIDGIT]widgit rebus 06\symbols 6a\loose 1.emf</picturefile>
</word>
<word>
<wordtext><![CDATA[cold ]]></wordtext>
<picturefile>[WIDGIT]widgit rebus\s\shiver.emf</picturefile>
</word>
<word>
<wordtext><![CDATA[hot ]]></wordtext>
<picturefile>[WIDGIT]widgit rebus\s\sweat.emf</picturefile>
</word>
<word>
<wordtext><![CDATA[warm ]]></wordtext>
<picturefile>[WIDGIT]widgit rebus 06\symbols 6a\warm.emf</picturefile>
</word>
<word>
<wordtext><![CDATA[clean ]]></wordtext>
<picturefile>[WIDGIT]widgit rebus\c\clean 1.emf</picturefile>
</word>
<word>
<wordtext><![CDATA[dirty ]]></wordtext>
<picturefile>[WIDGIT]widgit rebus 05\symbols 5a\filthy.emf</picturefile>
</word>
<word>
<wordtext><![CDATA[sharp ]]></wordtext>
<picturefile>[WIDGIT]widgit rebus\s\sharp.emf</picturefile>
</word>
<word>
<wordtext><![CDATA[blunt ]]></wordtext>
<picturefile>[WIDGIT]widgit rebus\n\not sharp.emf</picturefile>
</word>
<word>
<wordtext><![CDATA[curly ]]></wordtext>
<picturefile>[WIDGIT]widgit rebus\c\curly.emf</picturefile>
</word>
<word>
<wordtext><![CDATA[frosty ]]></wordtext>
<picturefile>[WIDGIT]widgit rebus\c\cold.emf</picturefile>
</word>
<word>
<wordtext><![CDATA[hollow ]]></wordtext>
<picturefile>[WIDGIT]widgit rebus topics\science maths\hollow.emf</picturefile>
</word>
<word>
<wordtext><![CDATA[solid ]]></wordtext>
<picturefile>[WIDGIT]widgit rebus\s\solid.emf</picturefile>
</word>
<word>
<wordtext><![CDATA[gas ]]></wordtext>
<picturefile>[WIDGIT]widgit rebus\g\gas 1.emf</picturefile>
</word>
<word>
<wordtext><![CDATA[liquid ]]></wordtext>
<picturefile>[WIDGIT]widgit rebus\l\liquid.emf</picturefile>
</word>
<word>
<wordtext><![CDATA[hairy ]]></wordtext>
<picturefile>[WIDGIT]widgit rebus 05\symbols 5a\hairy legs.emf</picturefile>
</word>
</wordlist>
