<?xml version="1.0" encoding="utf-8" ?>

<wordlist>
<word>
<wordtext><![CDATA[good ]]></wordtext>
<picturefile>[WIDGIT]widgit rebus\g\good.emf</picturefile>
</word>
<word>
<wordtext><![CDATA[great ]]></wordtext>
<picturefile>[WIDGIT]widgit rebus\g\great.emf</picturefile>
</word>
<word>
<wordtext><![CDATA[cool ]]></wordtext>
<picturefile>[WIDGIT]widgit rebus 04\symbols b\sports car.emf</picturefile>
</word>
<word>
<wordtext><![CDATA[fantastic ]]></wordtext>
<picturefile>[WIDGIT]widgit rebus\w\wonderful.emf</picturefile>
</word>
<word>
<wordtext><![CDATA[delicious ]]></wordtext>
<picturefile>[WIDGIT]widgit rebus\d\delicious.emf</picturefile>
</word>
<word>
<wordtext><![CDATA[OK ]]></wordtext>
<picturefile>[WIDGIT]widgit rebus\o\ok.emf</picturefile>
</word>
<word>
<wordtext><![CDATA[so so ]]></wordtext>
<picturefile>[WIDGIT]widgit rebus\s\shrug.emf</picturefile>
</word>
<word>
<wordtext><![CDATA[bad ]]></wordtext>
<picturefile>[WIDGIT]widgit rebus\b\bad.emf</picturefile>
</word>
<word>
<wordtext><![CDATA[terrible ]]></wordtext>
<picturefile>[WIDGIT]widgit rebus\t\terrible.emf</picturefile>
</word>
<word>
<wordtext><![CDATA[gross ]]></wordtext>
<picturefile>[WIDGIT]widgit rebus 07\symbols 7b\unpleasant.emf</picturefile>
</word>
<word>
<wordtext><![CDATA[I don't mind ]]></wordtext>
<picturefile>rad28F31.png</picturefile>
</word>
<word>
<wordtext><![CDATA[interesting ]]></wordtext>
<picturefile>[WIDGIT]widgit rebus 05\symbols 5a\interesting.emf</picturefile>
</word>
<word>
<wordtext><![CDATA[boring ]]></wordtext>
<picturefile>[WIDGIT]widgit rebus\b\bored.emf</picturefile>
</word>
<word>
<wordtext><![CDATA[easy ]]></wordtext>
<picturefile>[WIDGIT]widgit rebus\e\easy.emf</picturefile>
</word>
<word>
<wordtext><![CDATA[difficult ]]></wordtext>
<picturefile>[WIDGIT]widgit rebus\d\difficult.emf</picturefile>
</word>
<word>
<wordtext><![CDATA[fair ]]></wordtext>
<picturefile>[WIDGIT]widgit rebus\f\fair 1.emf</picturefile>
</word>
<word>
<wordtext><![CDATA[unfair ]]></wordtext>
<picturefile>[WIDGIT]widgit rebus topics\science maths\unfair.emf</picturefile>
</word>
<word>
<wordtext><![CDATA[kind ]]></wordtext>
<picturefile>[WIDGIT]widgit rebus\k\kind.emf</picturefile>
</word>
<word>
<wordtext><![CDATA[unkind ]]></wordtext>
<picturefile>[WIDGIT]widgit rebus\u\unkind.emf</picturefile>
</word>
<word>
<wordtext><![CDATA[mean ]]></wordtext>
<picturefile>[WIDGIT]widgit rebus\m\mean.emf</picturefile>
</word>
<word>
<wordtext><![CDATA[average ]]></wordtext>
<picturefile>[WIDGIT]widgit rebus topics\science maths\average 1.emf</picturefile>
</word>
<word>
<wordtext><![CDATA[rubbish ]]></wordtext>
<picturefile>[WIDGIT]widgit rebus\w\waste.emf</picturefile>
</word>
</wordlist>
