<?xml version="1.0" encoding="utf-8" ?>

<sensorygrid>
<grid workspace_x="3" workspace_y="1">
<rows>5</rows>
<cols>7</cols>
<selfclosing>0</selfclosing>
<titlebartext></titlebartext>
<customblockscan>1</customblockscan>
<predictionsource>0</predictionsource>
<oskcellratio>0</oskcellratio>
<background style="0">
<backcolour>14737632</backcolour>
<backcolour2>14737632</backcolour2>
</background>
<cells>
<cell x="1" y="1">
<caption><![CDATA[go back]]></caption>
<tooltip><![CDATA[go back]]></tooltip>
<picture>[GRID2X]jump.back.wmf</picture>
<scanblock>1</scanblock>
<directactivate>1</directactivate>
<hidden>0</hidden>
<stylepreset>Jump Home &amp; back</stylepreset>
<commands>
<command>
<id>jump.back</id>
</command>
</commands>
</cell>
<cell x="2" y="1">
<caption><![CDATA[Pronouns]]></caption>
<tooltip><![CDATA[Pronouns]]></tooltip>
<picture>[WIDGIT]widgit rebus\p\pronoun.emf</picture>
<scanblock>1</scanblock>
<hidden>0</hidden>
<stylepreset>Jump cell</stylepreset>
<commands>
<command>
<id>jump.to</id>
<parameter index="1"><![CDATA[Pronouns]]></parameter>
</command>
</commands>
</cell>
<cell x="3" y="1">
<magnifyx>3</magnifyx>
<scanblock>1</scanblock>
<hidden>0</hidden>
<stylepreset>Blank cell (no style)</stylepreset>
</cell>
<cell x="4" y="1">
<scanblock>1</scanblock>
<hidden>0</hidden>
<stylepreset>Blank cell (no style)</stylepreset>
</cell>
<cell x="5" y="1">
<scanblock>1</scanblock>
<hidden>0</hidden>
<stylepreset>Blank cell (no style)</stylepreset>
</cell>
<cell x="6" y="1">
<caption><![CDATA[rub out]]></caption>
<tooltip><![CDATA[rub out]]></tooltip>
<picture>[GRID2X]type.deleteword.wmf</picture>
<scanblock>1</scanblock>
<hidden>0</hidden>
<stylepreset>Action cell</stylepreset>
<commands>
<command>
<id>type.deleteword</id>
</command>
</commands>
</cell>
<cell x="7" y="1">
<caption><![CDATA[clear]]></caption>
<tooltip><![CDATA[clear]]></tooltip>
<picture>[GRID2X]action.clear.wmf</picture>
<scanblock>1</scanblock>
<hidden>0</hidden>
<stylepreset>Action cell</stylepreset>
<commands>
<command>
<id>action.clear</id>
</command>
</commands>
</cell>
<cell x="1" y="2">
<caption><![CDATA[I like]]></caption>
<tooltip><![CDATA[I like]]></tooltip>
<picture>[WIDGIT]widgit rebus\l\like.emf</picture>
<scanblock>2</scanblock>
<hidden>0</hidden>
<stylepreset>Starter</stylepreset>
<commands>
<command>
<id>type</id>
<parameter index="1"><![CDATA[I like ]]></parameter>
</command>
<command>
<id>jump.back</id>
</command>
</commands>
</cell>
<cell x="2" y="2">
<caption><![CDATA[I don't like]]></caption>
<tooltip><![CDATA[I don't like]]></tooltip>
<picture>[WIDGIT]widgit rebus\d\don&apos;t like.emf</picture>
<scanblock>2</scanblock>
<hidden>0</hidden>
<stylepreset>Vocab cell</stylepreset>
<commands>
<command>
<id>type</id>
<parameter index="1"><![CDATA[I don't like ]]></parameter>
</command>
<command>
<id>jump.back</id>
</command>
</commands>
</cell>
<cell x="3" y="2">
<caption><![CDATA[I love]]></caption>
<tooltip><![CDATA[I love]]></tooltip>
<picture>[WIDGIT]widgit rebus\l\love.emf</picture>
<scanblock>2</scanblock>
<hidden>0</hidden>
<stylepreset>Starter</stylepreset>
<commands>
<command>
<id>type</id>
<parameter index="1"><![CDATA[I love ]]></parameter>
</command>
<command>
<id>jump.back</id>
</command>
</commands>
</cell>
<cell x="4" y="2">
<caption><![CDATA[I hate]]></caption>
<tooltip><![CDATA[I hate]]></tooltip>
<picture>[WIDGIT]widgit rebus\h\hate.emf</picture>
<scanblock>2</scanblock>
<hidden>0</hidden>
<stylepreset>Vocab cell</stylepreset>
<commands>
<command>
<id>type</id>
<parameter index="1"><![CDATA[I hate ]]></parameter>
</command>
<command>
<id>jump.back</id>
</command>
</commands>
</cell>
<cell x="5" y="2">
<caption><![CDATA[I need]]></caption>
<tooltip><![CDATA[I need]]></tooltip>
<picture>[WIDGIT]widgit rebus\n\need.emf</picture>
<scanblock>2</scanblock>
<hidden>0</hidden>
<stylepreset>Starter</stylepreset>
<commands>
<command>
<id>type</id>
<parameter index="1"><![CDATA[I need ]]></parameter>
</command>
<command>
<id>jump.back</id>
</command>
</commands>
</cell>
<cell x="6" y="2">
<caption><![CDATA[I don't need]]></caption>
<tooltip><![CDATA[I don't need]]></tooltip>
<picture>png</picture>
<scanblock>2</scanblock>
<hidden>0</hidden>
<stylepreset>Vocab cell</stylepreset>
<commands>
<command>
<id>type</id>
<parameter index="1"><![CDATA[I don't need ]]></parameter>
</command>
<command>
<id>jump.back</id>
</command>
</commands>
</cell>
<cell x="7" y="2">
<caption><![CDATA[Questions]]></caption>
<tooltip><![CDATA[Questions]]></tooltip>
<picture>[WIDGIT]widgit rebus\q\question.emf</picture>
<scanblock>4</scanblock>
<hidden>0</hidden>
<stylepreset>Self Closing Page</stylepreset>
<commands>
<command>
<id>jump.to</id>
<parameter index="1"><![CDATA[Questions]]></parameter>
</command>
</commands>
</cell>
<cell x="1" y="3">
<caption><![CDATA[I want]]></caption>
<tooltip><![CDATA[I want]]></tooltip>
<picture>[WIDGIT]widgit rebus\w\want.emf</picture>
<scanblock>2</scanblock>
<hidden>0</hidden>
<stylepreset>Starter</stylepreset>
<commands>
<command>
<id>type</id>
<parameter index="1"><![CDATA[I want ]]></parameter>
</command>
<command>
<id>jump.back</id>
</command>
</commands>
</cell>
<cell x="2" y="3">
<caption><![CDATA[I don't want]]></caption>
<tooltip><![CDATA[I don't want]]></tooltip>
<picture>png</picture>
<scanblock>2</scanblock>
<hidden>0</hidden>
<stylepreset>Vocab cell</stylepreset>
<commands>
<command>
<id>type</id>
<parameter index="1"><![CDATA[I don't want ]]></parameter>
</command>
<command>
<id>jump.back</id>
</command>
</commands>
</cell>
<cell x="3" y="3">
<caption><![CDATA[I'm going]]></caption>
<tooltip><![CDATA[I'm going]]></tooltip>
<picture>[WIDGIT]widgit rebus\g\go.emf</picture>
<scanblock>2</scanblock>
<hidden>0</hidden>
<stylepreset>Starter</stylepreset>
<commands>
<command>
<id>type</id>
<parameter index="1"><![CDATA[I'm going ]]></parameter>
</command>
<command>
<id>jump.back</id>
</command>
</commands>
</cell>
<cell x="4" y="3">
<caption><![CDATA[I'm not going]]></caption>
<tooltip><![CDATA[I'm not going]]></tooltip>
<picture>png</picture>
<scanblock>2</scanblock>
<hidden>0</hidden>
<stylepreset>Vocab cell</stylepreset>
<commands>
<command>
<id>type</id>
<parameter index="1"><![CDATA[I'm not going ]]></parameter>
</command>
<command>
<id>jump.back</id>
</command>
</commands>
</cell>
<cell x="5" y="3">
<caption><![CDATA[I went]]></caption>
<tooltip><![CDATA[I went]]></tooltip>
<picture>[WIDGIT]widgit rebus\a\ago.emf</picture>
<scanblock>2</scanblock>
<hidden>0</hidden>
<stylepreset>Starter</stylepreset>
<commands>
<command>
<id>type</id>
<parameter index="1"><![CDATA[I went ]]></parameter>
</command>
<command>
<id>jump.back</id>
</command>
</commands>
</cell>
<cell x="6" y="3">
<caption><![CDATA[I didn't go]]></caption>
<tooltip><![CDATA[I didn't go]]></tooltip>
<picture>png</picture>
<scanblock>2</scanblock>
<hidden>0</hidden>
<stylepreset>Vocab cell</stylepreset>
<commands>
<command>
<id>type</id>
<parameter index="1"><![CDATA[I didn't go ]]></parameter>
</command>
<command>
<id>jump.back</id>
</command>
</commands>
</cell>
<cell x="7" y="3">
<caption><![CDATA[Words]]></caption>
<tooltip><![CDATA[Small Words]]></tooltip>
<picture>[WIDGIT]widgit rebus\w\word.emf</picture>
<scanblock>4</scanblock>
<hidden>0</hidden>
<stylepreset>Self Closing Page</stylepreset>
<commands>
<command>
<id>jump.to</id>
<parameter index="1"><![CDATA[Small Words]]></parameter>
</command>
</commands>
</cell>
<cell x="1" y="4">
<caption><![CDATA[I have got ]]></caption>
<tooltip><![CDATA[I have got ]]></tooltip>
<picture>[WIDGIT]widgit rebus\g\get 1.emf</picture>
<scanblock>2</scanblock>
<hidden>0</hidden>
<stylepreset>Starter</stylepreset>
<commands>
<command>
<id>type</id>
<parameter index="1"><![CDATA[I have got ]]></parameter>
</command>
<command>
<id>jump.back</id>
</command>
</commands>
</cell>
<cell x="2" y="4">
<caption><![CDATA[I haven't got]]></caption>
<tooltip><![CDATA[I haven't got]]></tooltip>
<picture>png</picture>
<scanblock>2</scanblock>
<hidden>0</hidden>
<stylepreset>Vocab cell</stylepreset>
<commands>
<command>
<id>type</id>
<parameter index="1"><![CDATA[I haven't got ]]></parameter>
</command>
<command>
<id>jump.back</id>
</command>
</commands>
</cell>
<cell x="3" y="4">
<caption><![CDATA[I see]]></caption>
<tooltip><![CDATA[I see]]></tooltip>
<picture>[WIDGIT]widgit rebus 04\symbols b\view.emf</picture>
<scanblock>2</scanblock>
<hidden>0</hidden>
<stylepreset>Starter</stylepreset>
<commands>
<command>
<id>type</id>
<parameter index="1"><![CDATA[I see ]]></parameter>
</command>
<command>
<id>jump.back</id>
</command>
</commands>
</cell>
<cell x="4" y="4">
<caption><![CDATA[I can't see]]></caption>
<tooltip><![CDATA[I can't see]]></tooltip>
<picture>png</picture>
<scanblock>2</scanblock>
<hidden>0</hidden>
<stylepreset>Vocab cell</stylepreset>
<commands>
<command>
<id>type</id>
<parameter index="1"><![CDATA[I can't see ]]></parameter>
</command>
<command>
<id>jump.back</id>
</command>
</commands>
</cell>
<cell x="5" y="4">
<caption><![CDATA[I saw]]></caption>
<tooltip><![CDATA[I saw]]></tooltip>
<picture>[WIDGIT]widgit rebus\s\see.emf</picture>
<scanblock>2</scanblock>
<hidden>0</hidden>
<stylepreset>Starter</stylepreset>
<commands>
<command>
<id>type</id>
<parameter index="1"><![CDATA[I saw ]]></parameter>
</command>
<command>
<id>jump.back</id>
</command>
</commands>
</cell>
<cell x="6" y="4">
<caption><![CDATA[I didn't see]]></caption>
<tooltip><![CDATA[I didn't see]]></tooltip>
<picture>png</picture>
<scanblock>2</scanblock>
<hidden>0</hidden>
<stylepreset>Vocab cell</stylepreset>
<commands>
<command>
<id>type</id>
<parameter index="1"><![CDATA[I didn't see ]]></parameter>
</command>
<command>
<id>jump.back</id>
</command>
</commands>
</cell>
<cell x="7" y="4">
<caption><![CDATA[Actions]]></caption>
<tooltip><![CDATA[Actions]]></tooltip>
<picture>[WIDGIT]widgit rebus\a\actions.emf</picture>
<scanblock>4</scanblock>
<hidden>0</hidden>
<stylepreset>Jump cell</stylepreset>
<commands>
<command>
<id>jump.to</id>
<parameter index="1"><![CDATA[Actions]]></parameter>
</command>
</commands>
</cell>
<cell x="1" y="5">
<caption><![CDATA[I'd like more]]></caption>
<tooltip><![CDATA[I'd like more]]></tooltip>
<picture>[WIDGIT]widgit rebus\s\some.emf</picture>
<scanblock>2</scanblock>
<hidden>0</hidden>
<stylepreset>Starter</stylepreset>
<commands>
<command>
<id>type</id>
<parameter index="1"><![CDATA[I'd like more ]]></parameter>
</command>
<command>
<id>jump.back</id>
</command>
</commands>
</cell>
<cell x="2" y="5">
<caption><![CDATA[I've had enough]]></caption>
<tooltip><![CDATA[I've had enough]]></tooltip>
<picture>[WIDGIT]widgit rebus\e\enough 1.emf</picture>
<scanblock>2</scanblock>
<hidden>0</hidden>
<stylepreset>Vocab cell</stylepreset>
<commands>
<command>
<id>type</id>
<parameter index="1"><![CDATA[I've had enough ]]></parameter>
</command>
<command>
<id>jump.back</id>
</command>
</commands>
</cell>
<cell x="3" y="5">
<caption><![CDATA[He's]]></caption>
<tooltip><![CDATA[He's]]></tooltip>
<picture>[WIDGIT]widgit rebus\h\he.emf</picture>
<scanblock>2</scanblock>
<hidden>0</hidden>
<stylepreset>Auto content cell</stylepreset>
<commands>
<command>
<id>type</id>
<parameter index="1"><![CDATA[He's ]]></parameter>
</command>
<command>
<id>jump.back</id>
</command>
</commands>
</cell>
<cell x="4" y="5">
<caption><![CDATA[She's]]></caption>
<tooltip><![CDATA[She's]]></tooltip>
<picture>[WIDGIT]widgit rebus\s\she.emf</picture>
<scanblock>2</scanblock>
<hidden>0</hidden>
<stylepreset>Auto content cell</stylepreset>
<commands>
<command>
<id>type</id>
<parameter index="1"><![CDATA[She's ]]></parameter>
</command>
<command>
<id>jump.back</id>
</command>
</commands>
</cell>
<cell x="5" y="5">
<caption><![CDATA[We're]]></caption>
<tooltip><![CDATA[We're]]></tooltip>
<picture>[WIDGIT]widgit rebus\w\we.emf</picture>
<scanblock>2</scanblock>
<hidden>0</hidden>
<stylepreset>Auto content cell</stylepreset>
<commands>
<command>
<id>type</id>
<parameter index="1"><![CDATA[We're ]]></parameter>
</command>
<command>
<id>jump.back</id>
</command>
</commands>
</cell>
<cell x="6" y="5">
<caption><![CDATA[They're]]></caption>
<tooltip><![CDATA[They're]]></tooltip>
<picture>[WIDGIT]widgit rebus\t\they.emf</picture>
<scanblock>2</scanblock>
<hidden>0</hidden>
<stylepreset>Auto content cell</stylepreset>
<commands>
<command>
<id>type</id>
<parameter index="1"><![CDATA[They're ]]></parameter>
</command>
<command>
<id>jump.back</id>
</command>
</commands>
</cell>
<cell x="7" y="5">
<caption><![CDATA[It is]]></caption>
<tooltip><![CDATA[It is]]></tooltip>
<picture>[WIDGIT]widgit rebus\t\there is.emf</picture>
<scanblock>2</scanblock>
<hidden>0</hidden>
<stylepreset>Auto content cell</stylepreset>
<commands>
<command>
<id>type</id>
<parameter index="1"><![CDATA[It is ]]></parameter>
</command>
<command>
<id>jump.back</id>
</command>
</commands>
</cell>
</cells>
</grid>
</sensorygrid>
