<?xml version="1.0" encoding="utf-8" ?>

<wordlist>
<word>
<wordtext><![CDATA[paints ]]></wordtext>
<picturefile>[WIDGIT]widgit rebus\p\paints.emf</picturefile>
</word>
<word>
<wordtext><![CDATA[pen ]]></wordtext>
<picturefile>[WIDGIT]widgit rebus\p\pen.emf</picturefile>
</word>
<word>
<wordtext><![CDATA[pencil ]]></wordtext>
<picturefile>[WIDGIT]widgit rebus\p\pencil.emf</picturefile>
</word>
<word>
<wordtext><![CDATA[rubber ]]></wordtext>
<picturefile>[WIDGIT]widgit rebus\e\eraser.emf</picturefile>
</word>
<word>
<wordtext><![CDATA[scissors ]]></wordtext>
<picturefile>[WIDGIT]widgit rebus\s\scissors.emf</picturefile>
</word>
<word>
<wordtext><![CDATA[felt tips ]]></wordtext>
<picturefile>[WIDGIT]widgit rebus\f\felt tips.emf</picturefile>
</word>
<word>
<wordtext><![CDATA[crayons ]]></wordtext>
<picturefile>[WIDGIT]widgit rebus\c\crayon.emf</picturefile>
</word>
<word>
<wordtext><![CDATA[glue ]]></wordtext>
<picturefile>[WIDGIT]widgit rebus\g\glue.emf</picturefile>
</word>
<word>
<wordtext><![CDATA[chalk ]]></wordtext>
<picturefile>[WIDGIT]widgit rebus\c\chalk.emf</picturefile>
</word>
<word>
<wordtext><![CDATA[paper ]]></wordtext>
<picturefile>[WIDGIT]widgit rebus\p\paper.emf</picturefile>
</word>
<word>
<wordtext><![CDATA[card ]]></wordtext>
<picturefile>[WIDGIT]widgit rebus\c\card.emf</picturefile>
</word>
<word>
<wordtext><![CDATA[picture ]]></wordtext>
<picturefile>[WIDGIT]widgit rebus\p\picture.emf</picturefile>
</word>
<word>
<wordtext><![CDATA[painting ]]></wordtext>
<picturefile>[WIDGIT]widgit rebus\p\paint 1.emf</picturefile>
</word>
<word>
<wordtext><![CDATA[sketch ]]></wordtext>
<picturefile>[WIDGIT]widgit rebus\d\draw.emf</picturefile>
</word>
<word>
<wordtext><![CDATA[model ]]></wordtext>
<picturefile>[WIDGIT]widgit rebus\m\model making.emf</picturefile>
</word>
<word>
<wordtext><![CDATA[sculpture ]]></wordtext>
<picturefile>[WIDGIT]widgit rebus\s\sculpture.emf</picturefile>
</word>
</wordlist>
