<?xml version="1.0" encoding="utf-8" ?>

<wordlist>
<word>
<wordtext><![CDATA[add ]]></wordtext>
<picturefile>[WIDGIT]widgit rebus\a\and.emf</picturefile>
</word>
<word>
<wordtext><![CDATA[take away ]]></wordtext>
<picturefile>[WIDGIT]widgit rebus topics\science maths\minus 2.emf</picturefile>
</word>
<word>
<wordtext><![CDATA[multiply ]]></wordtext>
<picturefile>[WIDGIT]widgit rebus\m\multiply.emf</picturefile>
</word>
<word>
<wordtext><![CDATA[divide ]]></wordtext>
<picturefile>[WIDGIT]widgit rebus topics\science maths 2\divide 2.emf</picturefile>
</word>
<word>
<wordtext><![CDATA[equals ]]></wordtext>
<picturefile>[WIDGIT]widgit rebus\e\equal.emf</picturefile>
</word>
<word>
<wordtext><![CDATA[sum ]]></wordtext>
<picturefile>[WIDGIT]widgit rebus\s\sum.emf</picturefile>
</word>
<word>
<wordtext><![CDATA[equal to ]]></wordtext>
<picturefile>[WIDGIT]widgit rebus topics\science maths\stands for.emf</picturefile>
</word>
<word>
<wordtext><![CDATA[less than ]]></wordtext>
<picturefile>[WIDGIT]widgit rebus\l\less.emf</picturefile>
</word>
<word>
<wordtext><![CDATA[greater than ]]></wordtext>
<picturefile>[WIDGIT]widgit rebus\g\greater.emf</picturefile>
</word>
<word>
<wordtext><![CDATA[more ]]></wordtext>
<picturefile>[WIDGIT]widgit rebus\m\more 1.emf</picturefile>
</word>
<word>
<wordtext><![CDATA[less ]]></wordtext>
<picturefile>[WIDGIT]widgit rebus\f\few.emf</picturefile>
</word>
<word>
<wordtext><![CDATA[calculator ]]></wordtext>
<picturefile>[WIDGIT]widgit rebus\c\calculator.emf</picturefile>
</word>
</wordlist>
