<?xml version="1.0" encoding="utf-8" ?>

<wordlist>
<word>
<wordtext><![CDATA[easy ]]></wordtext>
<picturefile>[WIDGIT]widgit rebus\e\easy.emf</picturefile>
</word>
<word>
<wordtext><![CDATA[difficult ]]></wordtext>
<picturefile>[WIDGIT]widgit rebus\d\difficult.emf</picturefile>
</word>
<word>
<wordtext><![CDATA[broken ]]></wordtext>
<picturefile>[WIDGIT]widgit rebus\b\break.emf</picturefile>
</word>
<word>
<wordtext><![CDATA[pretty ]]></wordtext>
<picturefile>[WIDGIT]widgit rebus\p\pretty.emf</picturefile>
</word>
<word>
<wordtext><![CDATA[fast ]]></wordtext>
<picturefile>[WIDGIT]widgit rebus\f\fast 1.emf</picturefile>
</word>
<word>
<wordtext><![CDATA[slow ]]></wordtext>
<picturefile>[WIDGIT]widgit rebus 05\symbols 5a\slow snail.emf</picturefile>
</word>
<word>
<wordtext><![CDATA[old ]]></wordtext>
<picturefile>[WIDGIT]widgit rebus 05\symbols 5a\old person.emf</picturefile>
</word>
<word>
<wordtext><![CDATA[new ]]></wordtext>
<picturefile>[WIDGIT]widgit rebus\n\new thing.emf</picturefile>
</word>
<word>
<wordtext><![CDATA[clean ]]></wordtext>
<picturefile>[WIDGIT]widgit rebus\c\clean 1.emf</picturefile>
</word>
<word>
<wordtext><![CDATA[dirty ]]></wordtext>
<picturefile>[WIDGIT]widgit rebus 05\symbols 5a\filthy.emf</picturefile>
</word>
<word>
<wordtext><![CDATA[loud ]]></wordtext>
<picturefile>[WIDGIT]widgit rebus\l\loud.emf</picturefile>
</word>
<word>
<wordtext><![CDATA[quiet ]]></wordtext>
<picturefile>[WIDGIT]widgit rebus\q\quiet.emf</picturefile>
</word>
<word>
<wordtext><![CDATA[big ]]></wordtext>
<picturefile>[WIDGIT]widgit rebus\b\big.emf</picturefile>
</word>
<word>
<wordtext><![CDATA[little ]]></wordtext>
<picturefile>[WIDGIT]widgit rebus\s\small.emf</picturefile>
</word>
<word>
<wordtext><![CDATA[same ]]></wordtext>
<picturefile>[WIDGIT]widgit rebus\s\same.emf</picturefile>
</word>
<word>
<wordtext><![CDATA[different ]]></wordtext>
<picturefile>[WIDGIT]widgit rebus\o\odd one out.emf</picturefile>
</word>
<word>
<wordtext><![CDATA[funny ]]></wordtext>
<picturefile>[WIDGIT]widgit rebus\l\laugh.emf</picturefile>
</word>
<word>
<wordtext><![CDATA[lots ]]></wordtext>
<picturefile>[WIDGIT]widgit rebus\t\too many.emf</picturefile>
</word>
<word>
<wordtext><![CDATA[some ]]></wordtext>
<picturefile>[WIDGIT]widgit rebus\s\some.emf</picturefile>
</word>
<word>
<wordtext><![CDATA[few ]]></wordtext>
<picturefile>[WIDGIT]widgit rebus\f\few.emf</picturefile>
</word>
<word>
<wordtext><![CDATA[cold ]]></wordtext>
<picturefile>[WIDGIT]widgit rebus\s\shiver.emf</picturefile>
</word>
<word>
<wordtext><![CDATA[hot ]]></wordtext>
<picturefile>[WIDGIT]widgit rebus\s\sweat.emf</picturefile>
</word>
<word>
<wordtext><![CDATA[far ]]></wordtext>
<picturefile>[WIDGIT]widgit rebus\f\far.emf</picturefile>
</word>
<word>
<wordtext><![CDATA[near ]]></wordtext>
<picturefile>[WIDGIT]widgit rebus\n\near.emf</picturefile>
</word>
</wordlist>
