<?xml version="1.0" encoding="utf-8" ?>

<wordlist>
<word>
<wordtext><![CDATA[New Year ]]></wordtext>
<picturefile>[WIDGIT]widgit rebus 06\symbols 6b\new years eve.emf</picturefile>
</word>
<word>
<wordtext><![CDATA[Easter ]]></wordtext>
<picturefile>[WIDGIT]italia\it wrebus\easter.emf</picturefile>
</word>
<word>
<wordtext><![CDATA[Halloween ]]></wordtext>
<picturefile>[WIDGIT]widgit rebus\h\halloween.emf</picturefile>
</word>
<word>
<wordtext><![CDATA[Bonfire Night ]]></wordtext>
<picturefile>[WIDGIT]widgit rebus\b\bonfire night.emf</picturefile>
</word>
<word>
<wordtext><![CDATA[Christmas ]]></wordtext>
<picturefile>[WIDGIT]widgit rebus\c\christmas.emf</picturefile>
</word>
<word>
<wordtext><![CDATA[birthday ]]></wordtext>
<picturefile>[WIDGIT]widgit rebus\b\birthday.emf</picturefile>
</word>
<word>
<wordtext><![CDATA[Summer holiday ]]></wordtext>
<picturefile>[WIDGIT]widgit rebus 06\symbols 6a\summer holiday.emf</picturefile>
</word>
<word>
<wordtext><![CDATA[half term ]]></wordtext>
<picturefile>[WIDGIT]widgit rebus\s\school holiday.emf</picturefile>
</word>
<word>
<wordtext><![CDATA[bank holiday ]]></wordtext>
<picturefile>[WIDGIT]widgit rebus\b\bank holiday.emf</picturefile>
</word>
<word>
<wordtext><![CDATA[holiday ]]></wordtext>
<picturefile>[WIDGIT]widgit rebus\h\holiday.emf</picturefile>
</word>
<word>
<wordtext><![CDATA[Passover ]]></wordtext>
<picturefile>[WIDGIT]widgit rebus 08\symbols 8b\set free.emf</picturefile>
</word>
<word>
<wordtext><![CDATA[Rosh Hashanah ]]></wordtext>
<picturefile>[WIDGIT]widgit rebus\y\year 3.emf</picturefile>
</word>
<word>
<wordtext><![CDATA[Yom Kippur ]]></wordtext>
<picturefile>[WIDGIT]widgit rebus\f\fasting.emf</picturefile>
</word>
<word>
<wordtext><![CDATA[Hanukkah ]]></wordtext>
<picturefile>[WIDGIT]widgit rebus\h\hanukkah.emf</picturefile>
</word>
<word>
<wordtext><![CDATA[bar mitzvah ]]></wordtext>
<picturefile>[WIDGIT]widgit rebus\b\bar mitzvah.emf</picturefile>
</word>
<word>
<wordtext><![CDATA[bat mitzvah ]]></wordtext>
<picturefile>[WIDGIT]widgit rebus\b\bar mitzvah 1.emf</picturefile>
</word>
<word>
<wordtext><![CDATA[Ramadan ]]></wordtext>
<picturefile>[WIDGIT]widgit rebus\f\fasting.emf</picturefile>
</word>
<word>
<wordtext><![CDATA[Eid ]]></wordtext>
<picturefile>[WIDGIT]widgit rebus 05\symbols 5a\eid.emf</picturefile>
</word>
<word>
<wordtext><![CDATA[St Patrick's day ]]></wordtext>
<picturefile>[WIDGIT]widgit rebus 09\symbols 9a\st patricks day.emf</picturefile>
</word>
<word>
<wordtext><![CDATA[St David's day ]]></wordtext>
<picturefile>[WIDGIT]widgit rebus 04\symbols c\st david&apos;s day.emf</picturefile>
</word>
<word>
<wordtext><![CDATA[St Andrew's day ]]></wordtext>
<picturefile>[WIDGIT]widgit rebus\s\scotland.emf</picturefile>
</word>
<word>
<wordtext><![CDATA[St George's day ]]></wordtext>
<picturefile>[WIDGIT]widgit rebus 09\symbols 9a\st georges day.emf</picturefile>
</word>
</wordlist>
