<?xml version="1.0" encoding="utf-8" ?>

<wordlist>
<word>
<wordtext><![CDATA[vegetables ]]></wordtext>
<picturefile>[WIDGIT]widgit rebus\v\vegetables.emf</picturefile>
</word>
<word>
<wordtext><![CDATA[baked beans ]]></wordtext>
<picturefile>[WIDGIT]widgit rebus 03\feb 03\beans.emf</picturefile>
</word>
<word>
<wordtext><![CDATA[broccoli ]]></wordtext>
<picturefile>[WIDGIT]widgit rebus\b\broccoli.emf</picturefile>
</word>
<word>
<wordtext><![CDATA[cabbage ]]></wordtext>
<picturefile>[WIDGIT]widgit rebus\c\cabbage.emf</picturefile>
</word>
<word>
<wordtext><![CDATA[carrot ]]></wordtext>
<picturefile>[WIDGIT]widgit rebus\c\carrot.emf</picturefile>
</word>
<word>
<wordtext><![CDATA[mashed potato ]]></wordtext>
<picturefile>[WIDGIT]widgit rebus\m\mashpotatoes.emf</picturefile>
</word>
<word>
<wordtext><![CDATA[jacket potato ]]></wordtext>
<picturefile>[WIDGIT]widgit rebus\j\jacket potato.emf</picturefile>
</word>
<word>
<wordtext><![CDATA[roast potatoes ]]></wordtext>
<picturefile>[WIDGIT]widgit rebus 06\symbols 6b\baked potatoes.emf</picturefile>
</word>
<word>
<wordtext><![CDATA[mushrooms ]]></wordtext>
<picturefile>[WIDGIT]widgit rebus\m\mushroom.emf</picturefile>
</word>
<word>
<wordtext><![CDATA[onion ]]></wordtext>
<picturefile>[WIDGIT]widgit rebus\o\onion.emf</picturefile>
</word>
<word>
<wordtext><![CDATA[peas ]]></wordtext>
<picturefile>[WIDGIT]widgit rebus\p\peas.emf</picturefile>
</word>
<word>
<wordtext><![CDATA[rice ]]></wordtext>
<picturefile>[WIDGIT]widgit rebus\r\rice.emf</picturefile>
</word>
<word>
<wordtext><![CDATA[salad ]]></wordtext>
<picturefile>[WIDGIT]widgit rebus\s\salad.emf</picturefile>
</word>
<word>
<wordtext><![CDATA[tomato ]]></wordtext>
<picturefile>[WIDGIT]widgit rebus\t\tomato.emf</picturefile>
</word>
<word>
<wordtext><![CDATA[aubergine ]]></wordtext>
<picturefile>[WIDGIT]widgit rebus\a\aubergine.emf</picturefile>
</word>
<word>
<wordtext><![CDATA[avocado ]]></wordtext>
<picturefile>[WIDGIT]widgit rebus\a\avocado.emf</picturefile>
</word>
<word>
<wordtext><![CDATA[beetroot ]]></wordtext>
<picturefile>[WIDGIT]widgit rebus\b\beetroot.emf</picturefile>
</word>
<word>
<wordtext><![CDATA[cauliflower ]]></wordtext>
<picturefile>[WIDGIT]widgit rebus\c\cauliflower.emf</picturefile>
</word>
<word>
<wordtext><![CDATA[cucumber ]]></wordtext>
<picturefile>[WIDGIT]widgit rebus\c\cucumber.emf</picturefile>
</word>
<word>
<wordtext><![CDATA[courgette ]]></wordtext>
<picturefile>[WIDGIT]widgit rebus\c\courgette.emf</picturefile>
</word>
<word>
<wordtext><![CDATA[green beans ]]></wordtext>
<picturefile>[WIDGIT]widgit rebus\r\runner beans.emf</picturefile>
</word>
<word>
<wordtext><![CDATA[lettuce ]]></wordtext>
<picturefile>[WIDGIT]widgit rebus\l\lettuce.emf</picturefile>
</word>
<word>
<wordtext><![CDATA[parsnip ]]></wordtext>
<picturefile>[WIDGIT]widgit rebus\p\parsnip.emf</picturefile>
</word>
<word>
<wordtext><![CDATA[pumpkin ]]></wordtext>
<picturefile>[WIDGIT]widgit rebus\h\halloween.emf</picturefile>
</word>
<word>
<wordtext><![CDATA[spaghetti ]]></wordtext>
<picturefile>[WIDGIT]widgit rebus\s\spaghetti.emf</picturefile>
</word>
<word>
<wordtext><![CDATA[spinach ]]></wordtext>
<picturefile>[WIDGIT]widgit rebus\s\spinach.emf</picturefile>
</word>
<word>
<wordtext><![CDATA[sprouts ]]></wordtext>
<picturefile>[WIDGIT]widgit rebus\s\sprouts.emf</picturefile>
</word>
<word>
<wordtext><![CDATA[runner beans ]]></wordtext>
<picturefile>[WIDGIT]widgit rebus\r\runner beans.emf</picturefile>
</word>
<word>
<wordtext><![CDATA[swede ]]></wordtext>
<picturefile>[WIDGIT]widgit rebus\s\swede.emf</picturefile>
</word>
<word>
<wordtext><![CDATA[sweetcorn ]]></wordtext>
<picturefile>[WIDGIT]widgit rebus\s\sweetcorn.emf</picturefile>
</word>
<word>
<wordtext><![CDATA[sweet potato ]]></wordtext>
<picturefile>[WIDGIT]widgit rebus 07\symbols 7b\sweet potato.emf</picturefile>
</word>
<word>
<wordtext><![CDATA[turnip ]]></wordtext>
<picturefile>[WIDGIT]widgit rebus\t\turnips.emf</picturefile>
</word>
</wordlist>
