<?xml version="1.0" encoding="utf-8" ?>

<wordlist>
<word>
<wordtext><![CDATA[in ]]></wordtext>
<picturefile>[WIDGIT]widgit rebus\i\in.emf</picturefile>
</word>
<word>
<wordtext><![CDATA[out ]]></wordtext>
<picturefile>[WIDGIT]widgit rebus\o\out.emf</picturefile>
</word>
<word>
<wordtext><![CDATA[on ]]></wordtext>
<picturefile>[WIDGIT]widgit rebus\o\on.emf</picturefile>
</word>
<word>
<wordtext><![CDATA[over ]]></wordtext>
<picturefile>[WIDGIT]widgit rebus\o\over.emf</picturefile>
</word>
<word>
<wordtext><![CDATA[under ]]></wordtext>
<picturefile>[WIDGIT]widgit rebus\u\under.emf</picturefile>
</word>
<word>
<wordtext><![CDATA[bottom ]]></wordtext>
<picturefile>[WIDGIT]widgit rebus\b\bottom 1.emf</picturefile>
</word>
<word>
<wordtext><![CDATA[top ]]></wordtext>
<picturefile>[WIDGIT]widgit rebus\t\top 1.emf</picturefile>
</word>
<word>
<wordtext><![CDATA[high ]]></wordtext>
<picturefile>[WIDGIT]widgit rebus\h\high.emf</picturefile>
</word>
<word>
<wordtext><![CDATA[low ]]></wordtext>
<picturefile>[WIDGIT]widgit rebus\l\low.emf</picturefile>
</word>
<word>
<wordtext><![CDATA[next ]]></wordtext>
<picturefile>[WIDGIT]widgit rebus\b\beside.emf</picturefile>
</word>
<word>
<wordtext><![CDATA[behind ]]></wordtext>
<picturefile>[WIDGIT]widgit rebus\a\at back.emf</picturefile>
</word>
<word>
<wordtext><![CDATA[front ]]></wordtext>
<picturefile>[WIDGIT]widgit rebus\a\at front.emf</picturefile>
</word>
<word>
<wordtext><![CDATA[through ]]></wordtext>
<picturefile>[WIDGIT]widgit rebus\t\through.emf</picturefile>
</word>
<word>
<wordtext><![CDATA[between ]]></wordtext>
<picturefile>[WIDGIT]widgit rebus\b\between.emf</picturefile>
</word>
<word>
<wordtext><![CDATA[middle ]]></wordtext>
<picturefile>[WIDGIT]widgit rebus\m\middle 1.emf</picturefile>
</word>
<word>
<wordtext><![CDATA[up ]]></wordtext>
<picturefile>[WIDGIT]widgit rebus\u\up.emf</picturefile>
</word>
<word>
<wordtext><![CDATA[down ]]></wordtext>
<picturefile>[WIDGIT]widgit rebus\d\down.emf</picturefile>
</word>
<word>
<wordtext><![CDATA[left ]]></wordtext>
<picturefile>[WIDGIT]widgit rebus\l\left.emf</picturefile>
</word>
<word>
<wordtext><![CDATA[right ]]></wordtext>
<picturefile>[WIDGIT]widgit rebus\r\right.emf</picturefile>
</word>
<word>
<wordtext><![CDATA[around ]]></wordtext>
<picturefile>[WIDGIT]widgit rebus\a\about.emf</picturefile>
</word>
<word>
<wordtext><![CDATA[forwards ]]></wordtext>
<picturefile>[WIDGIT]widgit rebus\f\forwards.emf</picturefile>
</word>
<word>
<wordtext><![CDATA[backwards ]]></wordtext>
<picturefile>[WIDGIT]widgit rebus\b\backwards.emf</picturefile>
</word>
<word>
<wordtext><![CDATA[towards ]]></wordtext>
<picturefile>[WIDGIT]widgit rebus\t\towards.emf</picturefile>
</word>
<word>
<wordtext><![CDATA[far ]]></wordtext>
<picturefile>[WIDGIT]widgit rebus\f\far.emf</picturefile>
</word>
<word>
<wordtext><![CDATA[far away ]]></wordtext>
<picturefile>[WIDGIT]widgit rebus 04\symbols c\far 1.emf</picturefile>
</word>
<word>
<wordtext><![CDATA[near ]]></wordtext>
<picturefile>[WIDGIT]widgit rebus\n\near.emf</picturefile>
</word>
<word>
<wordtext><![CDATA[open ]]></wordtext>
<picturefile>[WIDGIT]widgit rebus\o\open door 1.emf</picturefile>
</word>
<word>
<wordtext><![CDATA[close ]]></wordtext>
<picturefile>[WIDGIT]widgit rebus\s\shut.emf</picturefile>
</word>
<word>
<wordtext><![CDATA[here ]]></wordtext>
<picturefile>[WIDGIT]widgit rebus\h\here.emf</picturefile>
</word>
<word>
<wordtext><![CDATA[there ]]></wordtext>
<picturefile>[WIDGIT]widgit rebus\t\there.emf</picturefile>
</word>
<word>
<wordtext><![CDATA[off ]]></wordtext>
<picturefile>[WIDGIT]widgit rebus\o\off.emf</picturefile>
</word>
</wordlist>
