<?xml version="1.0" encoding="utf-8" ?>

<wordlist>
<word>
<wordtext><![CDATA[bird ]]></wordtext>
<picturefile>[WIDGIT]widgit rebus\b\bird.emf</picturefile>
</word>
<word>
<wordtext><![CDATA[chick ]]></wordtext>
<picturefile>[WIDGIT]widgit rebus\c\chick.emf</picturefile>
</word>
<word>
<wordtext><![CDATA[hen ]]></wordtext>
<picturefile>[WIDGIT]widgit rebus\h\hen.emf</picturefile>
</word>
<word>
<wordtext><![CDATA[cockerel ]]></wordtext>
<picturefile>[WIDGIT]widgit rebus\c\cockerel.emf</picturefile>
</word>
<word>
<wordtext><![CDATA[duck ]]></wordtext>
<picturefile>[WIDGIT]widgit rebus\d\duck.emf</picturefile>
</word>
<word>
<wordtext><![CDATA[duckling ]]></wordtext>
<picturefile>[WIDGIT]widgit rebus 09\symbols 9b\duckling.emf</picturefile>
</word>
<word>
<wordtext><![CDATA[goose ]]></wordtext>
<picturefile>[WIDGIT]widgit rebus\g\goose.emf</picturefile>
</word>
<word>
<wordtext><![CDATA[turkey ]]></wordtext>
<picturefile>[WIDGIT]widgit rebus\t\turkey.emf</picturefile>
</word>
<word>
<wordtext><![CDATA[blackbird ]]></wordtext>
<picturefile>[WIDGIT]widgit rebus\b\blackbird.emf</picturefile>
</word>
<word>
<wordtext><![CDATA[budgie ]]></wordtext>
<picturefile>[WIDGIT]widgit rebus\b\budgie.emf</picturefile>
</word>
<word>
<wordtext><![CDATA[crow ]]></wordtext>
<picturefile>[WIDGIT]widgit rebus\c\crow.emf</picturefile>
</word>
<word>
<wordtext><![CDATA[magpie ]]></wordtext>
<picturefile>[WIDGIT]widgit rebus\m\magpie.emf</picturefile>
</word>
<word>
<wordtext><![CDATA[owl ]]></wordtext>
<picturefile>[WIDGIT]widgit rebus\o\owl.emf</picturefile>
</word>
<word>
<wordtext><![CDATA[robin ]]></wordtext>
<picturefile>[WIDGIT]widgit rebus\r\robin.emf</picturefile>
</word>
<word>
<wordtext><![CDATA[seagull ]]></wordtext>
<picturefile>[WIDGIT]widgit rebus\s\seagull.emf</picturefile>
</word>
<word>
<wordtext><![CDATA[swan ]]></wordtext>
<picturefile>[WIDGIT]widgit rebus\s\swan.emf</picturefile>
</word>
<word>
<wordtext><![CDATA[bird of prey ]]></wordtext>
<picturefile>[WIDGIT]widgit rebus 10\symbols 10a\bird of prey.emf</picturefile>
</word>
<word>
<wordtext><![CDATA[eagle ]]></wordtext>
<picturefile>[WIDGIT]widgit rebus 04\symbols a\eagle.emf</picturefile>
</word>
<word>
<wordtext><![CDATA[falcon ]]></wordtext>
<picturefile>[WIDGIT]widgit rebus\f\falcon.emf</picturefile>
</word>
<word>
<wordtext><![CDATA[sparrow ]]></wordtext>
<picturefile>[WIDGIT]widgit rebus\s\sparrow.emf</picturefile>
</word>
<word>
<wordtext><![CDATA[swallow ]]></wordtext>
<picturefile>[WIDGIT]widgit rebus\s\swallow.emf</picturefile>
</word>
<word>
<wordtext><![CDATA[thrush ]]></wordtext>
<picturefile>[WIDGIT]widgit rebus\t\thrush.emf</picturefile>
</word>
<word>
<wordtext><![CDATA[kingfisher ]]></wordtext>
<picturefile>[WIDGIT]widgit rebus\k\kingfisher.emf</picturefile>
</word>
<word>
<wordtext><![CDATA[peacock ]]></wordtext>
<picturefile>[WIDGIT]widgit rebus\p\peacock.emf</picturefile>
</word>
<word>
<wordtext><![CDATA[puffin ]]></wordtext>
<picturefile>[WIDGIT]widgit rebus\p\puffin.emf</picturefile>
</word>
<word>
<wordtext><![CDATA[emu ]]></wordtext>
<picturefile>[WIDGIT]widgit rebus\e\emu.emf</picturefile>
</word>
<word>
<wordtext><![CDATA[flamingo ]]></wordtext>
<picturefile>[WIDGIT]widgit rebus 06\symbols 6b\flamingo.emf</picturefile>
</word>
<word>
<wordtext><![CDATA[humming bird ]]></wordtext>
<picturefile>[WIDGIT]widgit rebus 06\symbols 6b\humming bird.emf</picturefile>
</word>
<word>
<wordtext><![CDATA[kookaburra ]]></wordtext>
<picturefile>[WIDGIT]widgit rebus\k\kookaburra.emf</picturefile>
</word>
<word>
<wordtext><![CDATA[ostrich ]]></wordtext>
<picturefile>[WIDGIT]widgit rebus\o\ostrich.emf</picturefile>
</word>
<word>
<wordtext><![CDATA[parrot ]]></wordtext>
<picturefile>[WIDGIT]widgit rebus\p\parrot.emf</picturefile>
</word>
<word>
<wordtext><![CDATA[penguin ]]></wordtext>
<picturefile>[WIDGIT]widgit rebus\p\penguin.emf</picturefile>
</word>
<word>
<wordtext><![CDATA[toucan ]]></wordtext>
<picturefile>[WIDGIT]widgit rebus\t\toucan.emf</picturefile>
</word>
<word>
<wordtext><![CDATA[tweet ]]></wordtext>
<picturefile>[WIDGIT]widgit rebus\c\chirp.emf</picturefile>
</word>
<word>
<wordtext><![CDATA[bird table ]]></wordtext>
<picturefile>[WIDGIT]widgit rebus\b\bird table.emf</picturefile>
</word>
<word>
<wordtext><![CDATA[fly ]]></wordtext>
<picturefile>[WIDGIT]widgit rebus\f\fly 1.emf</picturefile>
</word>
</wordlist>
