<?xml version="1.0" encoding="utf-8" ?>

<sensorygrid>
<grid workspace_x="3" workspace_y="1">
<rows>5</rows>
<cols>7</cols>
<selfclosing>0</selfclosing>
<titlebartext></titlebartext>
<customblockscan>1</customblockscan>
<predictionsource>0</predictionsource>
<oskcellratio>0</oskcellratio>
<background style="0">
<backcolour>14737632</backcolour>
<backcolour2>14737632</backcolour2>
</background>
<cells>
<cell x="1" y="1">
<caption><![CDATA[go back]]></caption>
<tooltip><![CDATA[go back]]></tooltip>
<picture>[GRID2X]jump.back.wmf</picture>
<scanblock>1</scanblock>
<directactivate>1</directactivate>
<hidden>0</hidden>
<stylepreset>Jump Home &amp; back</stylepreset>
<commands>
<command>
<id>jump.back</id>
</command>
</commands>
</cell>
<cell x="2" y="1">
<caption><![CDATA[Sentence Starters]]></caption>
<tooltip><![CDATA[Sentence Starters]]></tooltip>
<scanblock>1</scanblock>
<hidden>0</hidden>
<stylepreset>Self Closing Page</stylepreset>
<commands>
<command>
<id>jump.to</id>
<parameter index="1"><![CDATA[Sentence Starters]]></parameter>
</command>
</commands>
</cell>
<cell x="3" y="1">
<magnifyx>3</magnifyx>
<scanblock>1</scanblock>
<hidden>0</hidden>
<stylepreset>Blank cell (no style)</stylepreset>
</cell>
<cell x="4" y="1">
<scanblock>1</scanblock>
<hidden>0</hidden>
<stylepreset>Blank cell (no style)</stylepreset>
</cell>
<cell x="5" y="1">
<scanblock>1</scanblock>
<hidden>0</hidden>
<stylepreset>Blank cell (no style)</stylepreset>
</cell>
<cell x="6" y="1">
<caption><![CDATA[rub out]]></caption>
<tooltip><![CDATA[rub out]]></tooltip>
<picture>[GRID2X]type.deleteword.wmf</picture>
<scanblock>1</scanblock>
<hidden>0</hidden>
<stylepreset>Action cell</stylepreset>
<commands>
<command>
<id>type.deleteword</id>
</command>
</commands>
</cell>
<cell x="7" y="1">
<caption><![CDATA[clear]]></caption>
<tooltip><![CDATA[clear]]></tooltip>
<picture>[GRID2X]action.clear.wmf</picture>
<scanblock>1</scanblock>
<hidden>0</hidden>
<stylepreset>Action cell</stylepreset>
<commands>
<command>
<id>action.clear</id>
</command>
</commands>
</cell>
<cell x="1" y="2">
<caption><![CDATA[Please use The Grid 2 to edit this grid with your personal details]]></caption>
<tooltip><![CDATA[Please use The Grid 2 to edit this grid with your personal details]]></tooltip>
<magnifyx>6</magnifyx>
<scanblock>0</scanblock>
<hidden>0</hidden>
<stylepreset>Blank cell (no style)</stylepreset>
</cell>
<cell x="2" y="2">
<scanblock>1</scanblock>
<hidden>0</hidden>
<stylepreset>Blank cell (no style)</stylepreset>
</cell>
<cell x="3" y="2">
<scanblock>1</scanblock>
<hidden>0</hidden>
<stylepreset>Blank cell (no style)</stylepreset>
</cell>
<cell x="4" y="2">
<scanblock>1</scanblock>
<hidden>0</hidden>
<stylepreset>Blank cell (no style)</stylepreset>
</cell>
<cell x="5" y="2">
<scanblock>1</scanblock>
<hidden>0</hidden>
<stylepreset>Blank cell (no style)</stylepreset>
</cell>
<cell x="6" y="2">
<scanblock>1</scanblock>
<hidden>0</hidden>
<stylepreset>Blank cell (no style)</stylepreset>
</cell>
<cell x="7" y="2">
<caption><![CDATA[Hobbies]]></caption>
<tooltip><![CDATA[Hobbies]]></tooltip>
<picture>[WIDGIT]widgit rebus\h\hobbies.emf</picture>
<scanblock>8</scanblock>
<hidden>0</hidden>
<stylepreset>Jump cell</stylepreset>
<commands>
<command>
<id>jump.to</id>
<parameter index="1"><![CDATA[Hobbies]]></parameter>
</command>
</commands>
</cell>
<cell x="1" y="3">
<caption><![CDATA[I like]]></caption>
<tooltip><![CDATA[I like]]></tooltip>
<picture>[WIDGIT]widgit rebus\l\like.emf</picture>
<scanblock>2</scanblock>
<hidden>0</hidden>
<stylepreset>Jump and Speak</stylepreset>
<commands>
<command>
<id>type</id>
<parameter index="1"><![CDATA[I like ]]></parameter>
</command>
<command>
<id>jump.to</id>
<parameter index="1"><![CDATA[I like and love]]></parameter>
</command>
</commands>
</cell>
<cell x="2" y="3">
<caption><![CDATA[I love]]></caption>
<tooltip><![CDATA[I love]]></tooltip>
<picture>[WIDGIT]widgit rebus\l\love.emf</picture>
<scanblock>2</scanblock>
<hidden>0</hidden>
<stylepreset>Jump and Speak</stylepreset>
<commands>
<command>
<id>type</id>
<parameter index="1"><![CDATA[I love ]]></parameter>
</command>
<command>
<id>jump.to</id>
<parameter index="1"><![CDATA[I like and love]]></parameter>
</command>
</commands>
</cell>
<cell x="3" y="3">
<scanblock>2</scanblock>
<hidden>0</hidden>
<stylepreset>Blank cell (no style)</stylepreset>
</cell>
<cell x="4" y="3">
<caption><![CDATA[My name is ]]></caption>
<tooltip><![CDATA[My name is ]]></tooltip>
<picture>[WIDGIT]widgit rebus\n\name.emf</picture>
<scanblock>4</scanblock>
<hidden>0</hidden>
<stylepreset>Vocab cell</stylepreset>
<commands>
<command>
<id>type</id>
<parameter index="1"><![CDATA[My name is ]]></parameter>
</command>
</commands>
</cell>
<cell x="5" y="3">
<caption><![CDATA[I am ]]></caption>
<tooltip><![CDATA[I am ]]></tooltip>
<picture>[WIDGIT]widgit rebus\a\ages 1.emf</picture>
<scanblock>4</scanblock>
<hidden>0</hidden>
<stylepreset>Vocab cell</stylepreset>
<commands>
<command>
<id>type</id>
<parameter index="1"><![CDATA[I am x years old ]]></parameter>
</command>
</commands>
</cell>
<cell x="6" y="3">
<caption><![CDATA[birthday]]></caption>
<tooltip><![CDATA[birthday]]></tooltip>
<picture>[WIDGIT]widgit rebus\b\birthday.emf</picture>
<scanblock>4</scanblock>
<hidden>0</hidden>
<stylepreset>Vocab cell</stylepreset>
<commands>
<command>
<id>type</id>
<parameter index="1"><![CDATA[My birthday is ]]></parameter>
</command>
</commands>
</cell>
<cell x="7" y="3">
<caption><![CDATA[About You]]></caption>
<tooltip><![CDATA[About You]]></tooltip>
<picture>png</picture>
<scanblock>8</scanblock>
<hidden>0</hidden>
<stylepreset>Jump cell</stylepreset>
<commands>
<command>
<id>jump.to</id>
<parameter index="1"><![CDATA[About You]]></parameter>
</command>
</commands>
</cell>
<cell x="1" y="4">
<caption><![CDATA[I go to]]></caption>
<tooltip><![CDATA[I go to]]></tooltip>
<picture>[WIDGIT]widgit rebus\g\go.emf</picture>
<scanblock>2</scanblock>
<hidden>0</hidden>
<stylepreset>Jump and Speak</stylepreset>
<commands>
<command>
<id>type</id>
<parameter index="1"><![CDATA[I go to ]]></parameter>
</command>
<command>
<id>jump.to</id>
<parameter index="1"><![CDATA[Going Out]]></parameter>
</command>
</commands>
</cell>
<cell x="2" y="4">
<caption><![CDATA[I don't like]]></caption>
<tooltip><![CDATA[I don't like]]></tooltip>
<picture>[WIDGIT]widgit rebus\d\don&apos;t like.emf</picture>
<scanblock>2</scanblock>
<hidden>0</hidden>
<stylepreset>Jump and Speak</stylepreset>
<commands>
<command>
<id>type</id>
<parameter index="1"><![CDATA[I don't like ]]></parameter>
</command>
<command>
<id>jump.to</id>
<parameter index="1"><![CDATA[I don't like hate afraid]]></parameter>
</command>
</commands>
</cell>
<cell x="3" y="4">
<scanblock>2</scanblock>
<hidden>0</hidden>
<stylepreset>Blank cell (no style)</stylepreset>
</cell>
<cell x="4" y="4">
<caption><![CDATA[I go to]]></caption>
<tooltip><![CDATA[I go to]]></tooltip>
<picture>[WIDGIT]widgit rebus\g\go.emf</picture>
<scanblock>4</scanblock>
<hidden>0</hidden>
<stylepreset>Vocab cell</stylepreset>
<commands>
<command>
<id>type</id>
<parameter index="1"><![CDATA[I go to ]]></parameter>
</command>
</commands>
</cell>
<cell x="5" y="4">
<caption><![CDATA[I live at]]></caption>
<tooltip><![CDATA[I live at]]></tooltip>
<picture>[WIDGIT]widgit rebus\a\address.emf</picture>
<scanblock>4</scanblock>
<hidden>0</hidden>
<stylepreset>Vocab cell</stylepreset>
<commands>
<command>
<id>type</id>
<parameter index="1"><![CDATA[I live at ]]></parameter>
</command>
</commands>
</cell>
<cell x="6" y="4">
<caption><![CDATA[My brother is called]]></caption>
<tooltip><![CDATA[My brother is called]]></tooltip>
<picture>[WIDGIT]widgit rebus\b\brother.emf</picture>
<scanblock>4</scanblock>
<hidden>0</hidden>
<stylepreset>Vocab cell</stylepreset>
<commands>
<command>
<id>type</id>
<parameter index="1"><![CDATA[My brother is called ]]></parameter>
</command>
</commands>
</cell>
<cell x="7" y="4">
<caption><![CDATA[My needs]]></caption>
<tooltip><![CDATA[My needs]]></tooltip>
<picture>[WIDGIT]widgit rebus\m\my.emf</picture>
<scanblock>8</scanblock>
<hidden>0</hidden>
<stylepreset>Jump cell</stylepreset>
<commands>
<command>
<id>jump.to</id>
<parameter index="1"><![CDATA[My needs]]></parameter>
</command>
</commands>
</cell>
<cell x="1" y="5">
<caption><![CDATA[I hate]]></caption>
<tooltip><![CDATA[I hate]]></tooltip>
<picture>[WIDGIT]widgit rebus\h\hate.emf</picture>
<scanblock>2</scanblock>
<hidden>0</hidden>
<stylepreset>Jump and Speak</stylepreset>
<commands>
<command>
<id>type</id>
<parameter index="1"><![CDATA[I hate ]]></parameter>
</command>
<command>
<id>jump.to</id>
<parameter index="1"><![CDATA[I don't like hate afraid]]></parameter>
</command>
</commands>
</cell>
<cell x="2" y="5">
<caption><![CDATA[I'm afraid]]></caption>
<tooltip><![CDATA[I'm afraid]]></tooltip>
<picture>[WIDGIT]widgit rebus\a\afraid.emf</picture>
<scanblock>2</scanblock>
<hidden>0</hidden>
<stylepreset>Jump and Speak</stylepreset>
<commands>
<command>
<id>type</id>
<parameter index="1"><![CDATA[I'm afraid of ]]></parameter>
</command>
<command>
<id>jump.to</id>
<parameter index="1"><![CDATA[I don't like hate afraid]]></parameter>
</command>
</commands>
</cell>
<cell x="3" y="5">
<scanblock>2</scanblock>
<hidden>0</hidden>
<stylepreset>Blank cell (no style)</stylepreset>
</cell>
<cell x="4" y="5">
<caption><![CDATA[I have a]]></caption>
<tooltip><![CDATA[I have a]]></tooltip>
<picture>[WIDGIT]widgit rebus\p\pets.emf</picture>
<scanblock>4</scanblock>
<hidden>0</hidden>
<stylepreset>Vocab cell</stylepreset>
<commands>
<command>
<id>type</id>
<parameter index="1"><![CDATA[I have a ]]></parameter>
</command>
</commands>
</cell>
<cell x="5" y="5">
<caption><![CDATA[sport]]></caption>
<tooltip><![CDATA[sport]]></tooltip>
<picture>[WIDGIT]widgit rebus\s\sport.emf</picture>
<scanblock>4</scanblock>
<hidden>0</hidden>
<stylepreset>Vocab cell</stylepreset>
<commands>
<command>
<id>type</id>
<parameter index="1"><![CDATA[My favourite sport is ]]></parameter>
</command>
</commands>
</cell>
<cell x="6" y="5">
<caption><![CDATA[favourite TV show]]></caption>
<tooltip><![CDATA[favourite TV show]]></tooltip>
<picture>[WIDGIT]widgit rebus\t\television.emf</picture>
<scanblock>4</scanblock>
<hidden>0</hidden>
<stylepreset>Vocab cell</stylepreset>
<commands>
<command>
<id>type</id>
<parameter index="1"><![CDATA[My favourite TV show is ]]></parameter>
</command>
</commands>
</cell>
<cell x="7" y="5">
<caption><![CDATA[home]]></caption>
<tooltip><![CDATA[home]]></tooltip>
<picture>[GRID2X]jump.home.wmf</picture>
<scanblock>8</scanblock>
<directactivate>2</directactivate>
<hidden>0</hidden>
<stylepreset>Jump Home &amp; back</stylepreset>
<commands>
<command>
<id>jump.home</id>
</command>
</commands>
</cell>
</cells>
</grid>
</sensorygrid>
