<?xml version="1.0" encoding="utf-8" ?>

<wordlist>
<word>
<wordtext><![CDATA[bird watching ]]></wordtext>
<picturefile>[WIDGIT]widgit rebus 06\symbols 6b\bird watching.emf</picturefile>
</word>
<word>
<wordtext><![CDATA[cars ]]></wordtext>
<picturefile>[WIDGIT]widgit rebus 05\symbols 5a\square car.emf</picturefile>
</word>
<word>
<wordtext><![CDATA[collecting ]]></wordtext>
<picturefile>[WIDGIT]widgit rebus 05\symbols 5a\collect.emf</picturefile>
</word>
<word>
<wordtext><![CDATA[computer games ]]></wordtext>
<picturefile>[WIDGIT]widgit rebus\c\computer game.emf</picturefile>
</word>
<word>
<wordtext><![CDATA[cooking ]]></wordtext>
<picturefile>[WIDGIT]widgit rebus\c\cook.emf</picturefile>
</word>
<word>
<wordtext><![CDATA[drawing ]]></wordtext>
<picturefile>[WIDGIT]widgit rebus\d\draw.emf</picturefile>
</word>
<word>
<wordtext><![CDATA[fishing ]]></wordtext>
<picturefile>[WIDGIT]widgit rebus\f\fishing.emf</picturefile>
</word>
<word>
<wordtext><![CDATA[gardening ]]></wordtext>
<picturefile>[WIDGIT]widgit rebus\h\horticulture.emf</picturefile>
</word>
<word>
<wordtext><![CDATA[geocaching ]]></wordtext>
<picturefile>rad563F7.png</picturefile>
</word>
<word>
<wordtext><![CDATA[listening to music ]]></wordtext>
<picturefile>[WIDGIT]widgit rebus\p\personal stereo.emf</picturefile>
</word>
<word>
<wordtext><![CDATA[making things ]]></wordtext>
<picturefile>[WIDGIT]widgit rebus\m\make.emf</picturefile>
</word>
<word>
<wordtext><![CDATA[painting ]]></wordtext>
<picturefile>[WIDGIT]widgit rebus\p\paint 1.emf</picturefile>
</word>
<word>
<wordtext><![CDATA[photography ]]></wordtext>
<picturefile>[WIDGIT]widgit rebus\p\photography.emf</picturefile>
</word>
<word>
<wordtext><![CDATA[puzzles ]]></wordtext>
<picturefile>[WIDGIT]widgit rebus\j\jigsaw.emf</picturefile>
</word>
<word>
<wordtext><![CDATA[reading ]]></wordtext>
<picturefile>[WIDGIT]widgit rebus\r\read.emf</picturefile>
</word>
<word>
<wordtext><![CDATA[riding ]]></wordtext>
<picturefile>[WIDGIT]widgit rebus\r\ride.emf</picturefile>
</word>
<word>
<wordtext><![CDATA[swimming ]]></wordtext>
<picturefile>[WIDGIT]widgit rebus\s\swim.emf</picturefile>
</word>
<word>
<wordtext><![CDATA[watching films ]]></wordtext>
<picturefile>[WIDGIT]widgit rebus\f\film.emf</picturefile>
</word>
<word>
<wordtext><![CDATA[yoga ]]></wordtext>
<picturefile>[WIDGIT]widgit rebus 06\symbols 6b\yoga.emf</picturefile>
</word>
<word>
<wordtext><![CDATA[youth club ]]></wordtext>
<picturefile>[WIDGIT]widgit rebus\c\club.emf</picturefile>
</word>
</wordlist>
