<?xml version="1.0" encoding="utf-8" ?>

<wordlist>
<word>
<wordtext><![CDATA[turned into ]]></wordtext>
<picturefile>[WIDGIT]widgit rebus\c\change 1.emf</picturefile>
</word>
<word>
<wordtext><![CDATA[cast a spell ]]></wordtext>
<picturefile>[WIDGIT]widgit rebus\s\spell 1.emf</picturefile>
</word>
<word>
<wordtext><![CDATA[breathed fire ]]></wordtext>
<picturefile>rad03321.png</picturefile>
</word>
<word>
<wordtext><![CDATA[waved a wand ]]></wordtext>
<picturefile>[WIDGIT]widgit rebus 04\symbols b\wand.emf</picturefile>
</word>
<word>
<wordtext><![CDATA[wished ]]></wordtext>
<picturefile>[WIDGIT]widgit rebus\w\wish.emf</picturefile>
</word>
<word>
<wordtext><![CDATA[fought ]]></wordtext>
<picturefile>[WIDGIT]widgit rebus 04\symbols a\duel.emf</picturefile>
</word>
<word>
<wordtext><![CDATA[killed ]]></wordtext>
<picturefile>[WIDGIT]widgit rebus\k\kill.emf</picturefile>
</word>
<word>
<wordtext><![CDATA[enemies with ]]></wordtext>
<picturefile>[WIDGIT]widgit rebus\e\enemy 1.emf</picturefile>
</word>
<word>
<wordtext><![CDATA[friends with ]]></wordtext>
<picturefile>[WIDGIT]widgit rebus\f\friend.emf</picturefile>
</word>
<word>
<wordtext><![CDATA[hugged ]]></wordtext>
<picturefile>[WIDGIT]widgit rebus\c\cuddle.emf</picturefile>
</word>
<word>
<wordtext><![CDATA[kissed ]]></wordtext>
<picturefile>[WIDGIT]widgit rebus\k\kiss.emf</picturefile>
</word>
<word>
<wordtext><![CDATA[got married ]]></wordtext>
<picturefile>[WIDGIT]widgit rebus 03\dec 02\marry.emf</picturefile>
</word>
<word>
<wordtext><![CDATA[flew ]]></wordtext>
<picturefile>[WIDGIT]widgit rebus\f\fly 1.emf</picturefile>
</word>
<word>
<wordtext><![CDATA[roared ]]></wordtext>
<picturefile>[WIDGIT]widgit rebus\r\roar.emf</picturefile>
</word>
<word>
<wordtext><![CDATA[ran away ]]></wordtext>
<picturefile>[WIDGIT]widgit rebus\r\run.emf</picturefile>
</word>
<word>
<wordtext><![CDATA[caught ]]></wordtext>
<picturefile>[WIDGIT]widgit rebus\a\arrest.emf</picturefile>
</word>
<word>
<wordtext><![CDATA[found ]]></wordtext>
<picturefile>[WIDGIT]widgit rebus\f\find.emf</picturefile>
</word>
<word>
<wordtext><![CDATA[rescued ]]></wordtext>
<picturefile>[WIDGIT]widgit rebus\r\rescue.emf</picturefile>
</word>
</wordlist>
