<?xml version="1.0" encoding="utf-8" ?>

<wordlist>
<word>
<wordtext><![CDATA[light ]]></wordtext>
<picturefile>[WIDGIT]widgit rebus\l\light 3.emf</picturefile>
</word>
<word>
<wordtext><![CDATA[dark ]]></wordtext>
<picturefile>[WIDGIT]widgit rebus\d\dark.emf</picturefile>
</word>
<word>
<wordtext><![CDATA[red ]]></wordtext>
<picturefile>[WIDGIT]widgit rebus\r\red.emf</picturefile>
</word>
<word>
<wordtext><![CDATA[blue ]]></wordtext>
<picturefile>[WIDGIT]widgit rebus\b\blue.emf</picturefile>
</word>
<word>
<wordtext><![CDATA[yellow ]]></wordtext>
<picturefile>[WIDGIT]widgit rebus\y\yellow.emf</picturefile>
</word>
<word>
<wordtext><![CDATA[green ]]></wordtext>
<picturefile>[WIDGIT]widgit rebus\g\green.emf</picturefile>
</word>
<word>
<wordtext><![CDATA[turquoise ]]></wordtext>
<picturefile>[WIDGIT]widgit rebus 09\symbols 9b\turquoise .emf</picturefile>
</word>
<word>
<wordtext><![CDATA[pink ]]></wordtext>
<picturefile>[WIDGIT]widgit rebus\p\pink.emf</picturefile>
</word>
<word>
<wordtext><![CDATA[orange ]]></wordtext>
<picturefile>[WIDGIT]widgit rebus\o\orange 1.emf</picturefile>
</word>
<word>
<wordtext><![CDATA[purple ]]></wordtext>
<picturefile>[WIDGIT]widgit rebus\p\purple.emf</picturefile>
</word>
<word>
<wordtext><![CDATA[grey ]]></wordtext>
<picturefile>[WIDGIT]widgit rebus\g\grey.emf</picturefile>
</word>
<word>
<wordtext><![CDATA[brown ]]></wordtext>
<picturefile>[WIDGIT]widgit rebus\b\brown.emf</picturefile>
</word>
<word>
<wordtext><![CDATA[black ]]></wordtext>
<picturefile>[WIDGIT]widgit rebus\b\black.emf</picturefile>
</word>
<word>
<wordtext><![CDATA[white ]]></wordtext>
<picturefile>[WIDGIT]widgit rebus\w\white.emf</picturefile>
</word>
<word>
<wordtext><![CDATA[cream ]]></wordtext>
<picturefile>rad84304.png</picturefile>
</word>
<word>
<wordtext><![CDATA[gold ]]></wordtext>
<picturefile>[WIDGIT]widgit rebus\g\gold.emf</picturefile>
</word>
<word>
<wordtext><![CDATA[silver ]]></wordtext>
<picturefile>[WIDGIT]widgit rebus\s\silver metal.emf</picturefile>
</word>
<word>
<wordtext><![CDATA[bronze ]]></wordtext>
<picturefile>[WIDGIT]widgit rebus\b\bronze medal.emf</picturefile>
</word>
<word>
<wordtext><![CDATA[beige ]]></wordtext>
<picturefile>[WIDGIT]widgit rebus 09\symbols 9a\light brown.emf</picturefile>
</word>
<word>
<wordtext><![CDATA[colour ]]></wordtext>
<picturefile>[WIDGIT]widgit rebus\c\colours.emf</picturefile>
</word>
</wordlist>
