<?xml version="1.0" encoding="utf-8" ?>

<wordlist>
<word>
<wordtext><![CDATA[sick ]]></wordtext>
<picturefile>[WIDGIT]widgit rebus\s\sick.emf</picturefile>
</word>
<word>
<wordtext><![CDATA[sore throat ]]></wordtext>
<picturefile>[WIDGIT]widgit rebus\s\sore throat.emf</picturefile>
</word>
<word>
<wordtext><![CDATA[stomach ache ]]></wordtext>
<picturefile>[WIDGIT]widgit rebus\s\stomach ache.emf</picturefile>
</word>
<word>
<wordtext><![CDATA[headache ]]></wordtext>
<picturefile>[WIDGIT]widgit rebus\h\headache.emf</picturefile>
</word>
<word>
<wordtext><![CDATA[ear ache ]]></wordtext>
<picturefile>[WIDGIT]widgit rebus 06\symbols 6a\earache.emf</picturefile>
</word>
<word>
<wordtext><![CDATA[itchy ]]></wordtext>
<picturefile>[WIDGIT]widgit rebus\i\itch.emf</picturefile>
</word>
<word>
<wordtext><![CDATA[cold ]]></wordtext>
<picturefile>[WIDGIT]widgit rebus\c\cold 1.emf</picturefile>
</word>
<word>
<wordtext><![CDATA[cough ]]></wordtext>
<picturefile>[WIDGIT]widgit rebus\c\cough 1.emf</picturefile>
</word>
<word>
<wordtext><![CDATA[dizzy ]]></wordtext>
<picturefile>[WIDGIT]widgit rebus\d\dizzy.emf</picturefile>
</word>
<word>
<wordtext><![CDATA[bleeding ]]></wordtext>
<picturefile>[WIDGIT]widgit rebus 03\dec 02\blood v.emf</picturefile>
</word>
<word>
<wordtext><![CDATA[diarrhoea ]]></wordtext>
<picturefile>[WIDGIT]widgit rebus sex ed\faeces.emf</picturefile>
</word>
<word>
<wordtext><![CDATA[rash ]]></wordtext>
<picturefile>[WIDGIT]widgit rebus\r\rash.emf</picturefile>
</word>
<word>
<wordtext><![CDATA[sore ]]></wordtext>
<picturefile>[WIDGIT]widgit rebus\p\pain.emf</picturefile>
</word>
<word>
<wordtext><![CDATA[fit ]]></wordtext>
<picturefile>[WIDGIT]widgit rebus\s\seizure.emf</picturefile>
</word>
<word>
<wordtext><![CDATA[temperature ]]></wordtext>
<picturefile>[WIDGIT]widgit rebus\t\temperature 1.emf</picturefile>
</word>
<word>
<wordtext><![CDATA[need to lie down ]]></wordtext>
<picturefile>[WIDGIT]widgit rebus\l\lie 1.emf</picturefile>
</word>
<word>
<wordtext><![CDATA[doctor ]]></wordtext>
<picturefile>[WIDGIT]widgit rebus\g\gp.emf</picturefile>
</word>
<word>
<wordtext><![CDATA[inhaler ]]></wordtext>
<picturefile>[WIDGIT]widgit rebus 07\symbols 7b\inhaler.emf</picturefile>
</word>
<word>
<wordtext><![CDATA[oxygen ]]></wordtext>
<picturefile>[WIDGIT]widgit rebus\g\gas.emf</picturefile>
</word>
<word>
<wordtext><![CDATA[medicine ]]></wordtext>
<picturefile>[WIDGIT]widgit rebus\m\medicine.emf</picturefile>
</word>
<word>
<wordtext><![CDATA[pills ]]></wordtext>
<picturefile>[WIDGIT]widgit rebus\t\tablets.emf</picturefile>
</word>
<word>
<wordtext><![CDATA[injection ]]></wordtext>
<picturefile>[WIDGIT]widgit rebus\i\injection.emf</picturefile>
</word>
<word>
<wordtext><![CDATA[suction ]]></wordtext>
<picturefile>[WIDGIT]widgit rebus\s\suck.emf</picturefile>
</word>
<word>
<wordtext><![CDATA[splint ]]></wordtext>
<picturefile>[WIDGIT]widgit rebus\g\gaiter.emf</picturefile>
</word>
<word>
<wordtext><![CDATA[plaster cast ]]></wordtext>
<picturefile>[WIDGIT]widgit rebus\p\plaster 2.emf</picturefile>
</word>
<word>
<wordtext><![CDATA[neck brace ]]></wordtext>
<picturefile>[WIDGIT]widgit rebus\o\orthopaedic jacket.emf</picturefile>
</word>
<word>
<wordtext><![CDATA[plaster ]]></wordtext>
<picturefile>[WIDGIT]widgit rebus\p\plaster.emf</picturefile>
</word>
<word>
<wordtext><![CDATA[bandage ]]></wordtext>
<picturefile>[WIDGIT]widgit rebus\b\bandage.emf</picturefile>
</word>
<word>
<wordtext><![CDATA[hospital ]]></wordtext>
<picturefile>[WIDGIT]widgit rebus\h\hospital.emf</picturefile>
</word>
<word>
<wordtext><![CDATA[x-ray ]]></wordtext>
<picturefile>[WIDGIT]widgit rebus 07\symbols 7b\hip x-ray.emf</picturefile>
</word>
<word>
<wordtext><![CDATA[operation ]]></wordtext>
<picturefile>[WIDGIT]widgit rebus\s\surgery 1.emf</picturefile>
</word>
<word>
<wordtext><![CDATA[consultant ]]></wordtext>
<picturefile>[WIDGIT]widgit rebus 09\symbols 9a\consultant.emf</picturefile>
</word>
<word>
<wordtext><![CDATA[appointment ]]></wordtext>
<picturefile>[WIDGIT]widgit rebus\a\appointment.emf</picturefile>
</word>
<word>
<wordtext><![CDATA[clinic ]]></wordtext>
<picturefile>[WIDGIT]widgit rebus\c\clinic.emf</picturefile>
</word>
<word>
<wordtext><![CDATA[review ]]></wordtext>
<picturefile>[WIDGIT]widgit rebus\r\review.emf</picturefile>
</word>
<word>
<wordtext><![CDATA[medical ]]></wordtext>
<picturefile>[WIDGIT]widgit rebus\m\medical.emf</picturefile>
</word>
</wordlist>
