<?xml version="1.0" encoding="utf-8" ?>

<wordlist>
<word>
<wordtext><![CDATA[a house ]]></wordtext>
<picturefile>[WIDGIT]widgit rebus\h\house.emf</picturefile>
</word>
<word>
<wordtext><![CDATA[a cottage ]]></wordtext>
<picturefile>[WIDGIT]widgit rebus\c\cottage.emf</picturefile>
</word>
<word>
<wordtext><![CDATA[a hotel ]]></wordtext>
<picturefile>[WIDGIT]widgit rebus\h\hotel.emf</picturefile>
</word>
<word>
<wordtext><![CDATA[a haunted house ]]></wordtext>
<picturefile>[WIDGIT]widgit rebus 07\symbols 7b\haunted house.emf</picturefile>
</word>
<word>
<wordtext><![CDATA[a doll's house ]]></wordtext>
<picturefile>[WIDGIT]widgit rebus\d\doll.emf</picturefile>
</word>
<word>
<wordtext><![CDATA[a palace ]]></wordtext>
<picturefile>[WIDGIT]widgit rebus\p\palace 1.emf</picturefile>
</word>
<word>
<wordtext><![CDATA[a castle ]]></wordtext>
<picturefile>[WIDGIT]widgit rebus\c\castle 1.emf</picturefile>
</word>
<word>
<wordtext><![CDATA[a cave ]]></wordtext>
<picturefile>[WIDGIT]widgit rebus\c\cave.emf</picturefile>
</word>
<word>
<wordtext><![CDATA[prison ]]></wordtext>
<picturefile>[WIDGIT]widgit rebus\p\prison.emf</picturefile>
</word>
<word>
<wordtext><![CDATA[a tent ]]></wordtext>
<picturefile>[WIDGIT]widgit rebus\t\tent.emf</picturefile>
</word>
<word>
<wordtext><![CDATA[a shed ]]></wordtext>
<picturefile>[WIDGIT]widgit rebus\s\shed.emf</picturefile>
</word>
<word>
<wordtext><![CDATA[a cabin ]]></wordtext>
<picturefile>[WIDGIT]widgit rebus\h\hut.emf</picturefile>
</word>
<word>
<wordtext><![CDATA[an igloo ]]></wordtext>
<picturefile>[WIDGIT]widgit rebus\i\igloo.emf</picturefile>
</word>
<word>
<wordtext><![CDATA[a spaceship ]]></wordtext>
<picturefile>[WIDGIT]widgit rebus 05\symbols 5a\space ship one.emf</picturefile>
</word>
<word>
<wordtext><![CDATA[outer space ]]></wordtext>
<picturefile>[WIDGIT]widgit rebus\s\space.emf</picturefile>
</word>
<word>
<wordtext><![CDATA[the moon ]]></wordtext>
<picturefile>[WIDGIT]widgit rebus\m\moon.emf</picturefile>
</word>
<word>
<wordtext><![CDATA[the jungle ]]></wordtext>
<picturefile>[WIDGIT]widgit rebus\j\jungle.emf</picturefile>
</word>
<word>
<wordtext><![CDATA[the circus ]]></wordtext>
<picturefile>[WIDGIT]widgit rebus\c\circus.emf</picturefile>
</word>
<word>
<wordtext><![CDATA[the North Pole ]]></wordtext>
<picturefile>[WIDGIT]widgit rebus\n\north2.emf</picturefile>
</word>
<word>
<wordtext><![CDATA[the desert ]]></wordtext>
<picturefile>[WIDGIT]widgit rebus\d\desert 1.emf</picturefile>
</word>
<word>
<wordtext><![CDATA[fairy land ]]></wordtext>
<picturefile>[WIDGIT]widgit rebus\f\fairy.emf</picturefile>
</word>
<word>
<wordtext><![CDATA[the seaside ]]></wordtext>
<picturefile>[WIDGIT]widgit rebus\b\beach.emf</picturefile>
</word>
<word>
<wordtext><![CDATA[the woods ]]></wordtext>
<picturefile>[WIDGIT]widgit rebus\w\wood.emf</picturefile>
</word>
<word>
<wordtext><![CDATA[a forest ]]></wordtext>
<picturefile>[WIDGIT]widgit rebus\f\forest.emf</picturefile>
</word>
<word>
<wordtext><![CDATA[a city ]]></wordtext>
<picturefile>[WIDGIT]widgit rebus\c\city.emf</picturefile>
</word>
</wordlist>
