<?xml version="1.0" encoding="utf-8" ?>

<wordlist>
<word>
<wordtext><![CDATA[ being trapped ]]></wordtext>
<picturefile>[WIDGIT]widgit rebus 05\symbols 5a\trapped.emf</picturefile>
</word>
<word>
<wordtext><![CDATA[being touched ]]></wordtext>
<picturefile>[WIDGIT]widgit rebus\t\touch 1.emf</picturefile>
</word>
<word>
<wordtext><![CDATA[big groups ]]></wordtext>
<picturefile>[WIDGIT]widgit rebus\g\group 1.emf</picturefile>
</word>
<word>
<wordtext><![CDATA[open places ]]></wordtext>
<picturefile>[WIDGIT]widgit rebus 05\symbols 5a\being outdoors.emf</picturefile>
</word>
<word>
<wordtext><![CDATA[small places ]]></wordtext>
<picturefile>[WIDGIT]widgit rebus\s\small.emf</picturefile>
</word>
<word>
<wordtext><![CDATA[darkness ]]></wordtext>
<picturefile>[WIDGIT]widgit rebus\d\dark 1.emf</picturefile>
</word>
<word>
<wordtext><![CDATA[heights ]]></wordtext>
<picturefile>[WIDGIT]widgit rebus\t\towerblock.emf</picturefile>
</word>
<word>
<wordtext><![CDATA[flying ]]></wordtext>
<picturefile>[WIDGIT]widgit rebus\g\go by plane.emf</picturefile>
</word>
<word>
<wordtext><![CDATA[thunder ]]></wordtext>
<picturefile>[WIDGIT]widgit rebus\s\storm.emf</picturefile>
</word>
<word>
<wordtext><![CDATA[water ]]></wordtext>
<picturefile>[WIDGIT]widgit rebus\w\water 1.emf</picturefile>
</word>
<word>
<wordtext><![CDATA[going to bed ]]></wordtext>
<picturefile>[WIDGIT]widgit rebus\b\bed.emf</picturefile>
</word>
<word>
<wordtext><![CDATA[dogs ]]></wordtext>
<picturefile>[WIDGIT]widgit rebus\d\dogs.emf</picturefile>
</word>
<word>
<wordtext><![CDATA[cats ]]></wordtext>
<picturefile>[WIDGIT]widgit rebus\c\cats.emf</picturefile>
</word>
<word>
<wordtext><![CDATA[bats ]]></wordtext>
<picturefile>[WIDGIT]widgit rebus\b\bat 1.emf</picturefile>
</word>
<word>
<wordtext><![CDATA[birds ]]></wordtext>
<picturefile>[WIDGIT]widgit rebus\b\birds.emf</picturefile>
</word>
<word>
<wordtext><![CDATA[snakes ]]></wordtext>
<picturefile>[WIDGIT]widgit rebus\s\snake.emf</picturefile>
</word>
<word>
<wordtext><![CDATA[spiders ]]></wordtext>
<picturefile>[WIDGIT]widgit rebus\s\spider.emf</picturefile>
</word>
<word>
<wordtext><![CDATA[needles ]]></wordtext>
<picturefile>[WIDGIT]widgit rebus\s\syringe.emf</picturefile>
</word>
</wordlist>
