<?xml version="1.0" encoding="utf-8" ?>

<wordlist>
<word>
<wordtext><![CDATA[room ]]></wordtext>
<picturefile>[WIDGIT]widgit rebus\r\room.emf</picturefile>
</word>
<word>
<wordtext><![CDATA[bathroom ]]></wordtext>
<picturefile>[WIDGIT]widgit rebus\b\bathroom.emf</picturefile>
</word>
<word>
<wordtext><![CDATA[toilet ]]></wordtext>
<picturefile>[WIDGIT]widgit rebus\t\toilet.emf</picturefile>
</word>
<word>
<wordtext><![CDATA[shower room ]]></wordtext>
<picturefile>[WIDGIT]widgit rebus 06\symbols 6b\shower room.emf</picturefile>
</word>
<word>
<wordtext><![CDATA[bedroom ]]></wordtext>
<picturefile>[WIDGIT]widgit rebus\b\bedroom.emf</picturefile>
</word>
<word>
<wordtext><![CDATA[dining room ]]></wordtext>
<picturefile>[WIDGIT]widgit rebus\d\dining room.emf</picturefile>
</word>
<word>
<wordtext><![CDATA[kitchen ]]></wordtext>
<picturefile>[WIDGIT]widgit rebus\k\kitchen.emf</picturefile>
</word>
<word>
<wordtext><![CDATA[lounge ]]></wordtext>
<picturefile>[WIDGIT]widgit rebus\l\living room.emf</picturefile>
</word>
<word>
<wordtext><![CDATA[hall ]]></wordtext>
<picturefile>[WIDGIT]widgit rebus\h\hall.emf</picturefile>
</word>
<word>
<wordtext><![CDATA[corridor ]]></wordtext>
<picturefile>[WIDGIT]widgit rebus 04\symbols a\corridor.emf</picturefile>
</word>
<word>
<wordtext><![CDATA[landing ]]></wordtext>
<picturefile>[WIDGIT]widgit rebus\l\landing.emf</picturefile>
</word>
<word>
<wordtext><![CDATA[garage ]]></wordtext>
<picturefile>[WIDGIT]widgit rebus\g\garage.emf</picturefile>
</word>
<word>
<wordtext><![CDATA[garden ]]></wordtext>
<picturefile>[WIDGIT]widgit rebus\g\garden.emf</picturefile>
</word>
<word>
<wordtext><![CDATA[class room ]]></wordtext>
<picturefile>[WIDGIT]widgit rebus 10\symbols 10a\classroom.emf</picturefile>
</word>
<word>
<wordtext><![CDATA[staff room ]]></wordtext>
<picturefile>[WIDGIT]widgit rebus\s\staff room.emf</picturefile>
</word>
<word>
<wordtext><![CDATA[canteen ]]></wordtext>
<picturefile>[WIDGIT]widgit rebus\r\restaurant.emf</picturefile>
</word>
<word>
<wordtext><![CDATA[play room ]]></wordtext>
<picturefile>[WIDGIT]widgit rebus\p\play  room.emf</picturefile>
</word>
<word>
<wordtext><![CDATA[sensory room ]]></wordtext>
<picturefile>[WIDGIT]widgit rebus\m\multisensory room.emf</picturefile>
</word>
<word>
<wordtext><![CDATA[therapy room ]]></wordtext>
<picturefile>[WIDGIT]widgit rebus\t\therapy room.emf</picturefile>
</word>
<word>
<wordtext><![CDATA[ward ]]></wordtext>
<picturefile>[WIDGIT]widgit rebus 10\symbols 10a\hospital bed.emf</picturefile>
</word>
<word>
<wordtext><![CDATA[downstairs ]]></wordtext>
<picturefile>[WIDGIT]widgit rebus\d\downstairs.emf</picturefile>
</word>
<word>
<wordtext><![CDATA[upstairs ]]></wordtext>
<picturefile>[WIDGIT]widgit rebus\u\upstairs.emf</picturefile>
</word>
</wordlist>
