<?xml version="1.0" encoding="utf-8" ?>

<wordlist>
<word>
<wordtext><![CDATA[fruit ]]></wordtext>
<picturefile>[WIDGIT]widgit rebus\f\fruit.emf</picturefile>
</word>
<word>
<wordtext><![CDATA[biscuit ]]></wordtext>
<picturefile>[WIDGIT]widgit rebus 06\symbols 6a\biscuits.emf</picturefile>
</word>
<word>
<wordtext><![CDATA[crisps ]]></wordtext>
<picturefile>[WIDGIT]widgit rebus\c\crisps.emf</picturefile>
</word>
<word>
<wordtext><![CDATA[cake ]]></wordtext>
<picturefile>[WIDGIT]widgit rebus\c\cupcake.emf</picturefile>
</word>
<word>
<wordtext><![CDATA[chocolate ]]></wordtext>
<picturefile>[WIDGIT]widgit rebus\c\chocolate.emf</picturefile>
</word>
<word>
<wordtext><![CDATA[ice cream ]]></wordtext>
<picturefile>[WIDGIT]widgit rebus\i\ice cream.emf</picturefile>
</word>
<word>
<wordtext><![CDATA[yoghurt ]]></wordtext>
<picturefile>[WIDGIT]widgit rebus\y\yoghurt.emf</picturefile>
</word>
<word>
<wordtext><![CDATA[nuts ]]></wordtext>
<picturefile>[WIDGIT]widgit rebus 05\symbols 5a\mixed nuts.emf</picturefile>
</word>
<word>
<wordtext><![CDATA[sweets ]]></wordtext>
<picturefile>[WIDGIT]widgit rebus\s\sweets.emf</picturefile>
</word>
<word>
<wordtext><![CDATA[sandwich ]]></wordtext>
<picturefile>[WIDGIT]widgit rebus\s\sandwich.emf</picturefile>
</word>
<word>
<wordtext><![CDATA[cracker ]]></wordtext>
<picturefile>[WIDGIT]widgit rebus 04\symbols a\crisp bread.emf</picturefile>
</word>
</wordlist>
