<?xml version="1.0" encoding="utf-8" ?>

<sensorygrid>
<grid workspace_x="3" workspace_y="1">
<rows>5</rows>
<cols>7</cols>
<selfclosing>0</selfclosing>
<titlebartext></titlebartext>
<customblockscan>1</customblockscan>
<predictionsource>0</predictionsource>
<oskcellratio>0</oskcellratio>
<background style="0">
<backcolour>14737632</backcolour>
<backcolour2>14737632</backcolour2>
</background>
<commands>
<command>
<id>type.conjugate</id>
</command>
</commands>
<cells>
<cell x="1" y="1">
<caption><![CDATA[go back]]></caption>
<tooltip><![CDATA[go back]]></tooltip>
<picture>[GRID2X]jump.back.wmf</picture>
<scanblock>1</scanblock>
<directactivate>1</directactivate>
<hidden>0</hidden>
<stylepreset>Jump Home &amp; back</stylepreset>
<commands>
<command>
<id>jump.back</id>
</command>
</commands>
</cell>
<cell x="2" y="1">
<caption><![CDATA[Sentence Starters]]></caption>
<tooltip><![CDATA[Sentence Starters]]></tooltip>
<scanblock>1</scanblock>
<hidden>0</hidden>
<stylepreset>Self Closing Page</stylepreset>
<commands>
<command>
<id>jump.to</id>
<parameter index="1"><![CDATA[Sentence Starters]]></parameter>
</command>
</commands>
</cell>
<cell x="3" y="1">
<magnifyx>3</magnifyx>
<scanblock>1</scanblock>
<hidden>0</hidden>
<stylepreset>Blank cell (no style)</stylepreset>
</cell>
<cell x="4" y="1">
<scanblock>1</scanblock>
<hidden>0</hidden>
<stylepreset>Blank cell (no style)</stylepreset>
</cell>
<cell x="5" y="1">
<scanblock>1</scanblock>
<hidden>0</hidden>
<stylepreset>Blank cell (no style)</stylepreset>
</cell>
<cell x="6" y="1">
<caption><![CDATA[rub out]]></caption>
<tooltip><![CDATA[rub out]]></tooltip>
<picture>[GRID2X]type.deleteword.wmf</picture>
<scanblock>1</scanblock>
<hidden>0</hidden>
<stylepreset>Action cell</stylepreset>
<commands>
<command>
<id>type.deleteword</id>
</command>
</commands>
</cell>
<cell x="7" y="1">
<caption><![CDATA[clear]]></caption>
<tooltip><![CDATA[clear]]></tooltip>
<picture>[GRID2X]action.clear.wmf</picture>
<scanblock>1</scanblock>
<directactivate>5</directactivate>
<hidden>0</hidden>
<stylepreset>Action cell</stylepreset>
<commands>
<command>
<id>action.clear</id>
</command>
</commands>
</cell>
<cell x="1" y="2">
<caption><![CDATA[_s]]></caption>
<tooltip><![CDATA[_s]]></tooltip>
<scanblock>2</scanblock>
<hidden>0</hidden>
<stylepreset>Keyboard key - extra</stylepreset>
<commands>
<command>
<id>type</id>
<parameter index="1"><![CDATA[_s ]]></parameter>
</command>
<command>
<id>jump.back</id>
</command>
</commands>
</cell>
<cell x="2" y="2">
<caption><![CDATA[_ing]]></caption>
<tooltip><![CDATA[_ing]]></tooltip>
<scanblock>2</scanblock>
<hidden>0</hidden>
<stylepreset>Keyboard key - extra</stylepreset>
<commands>
<command>
<id>type</id>
<parameter index="1"><![CDATA[_ing ]]></parameter>
</command>
<command>
<id>jump.back</id>
</command>
</commands>
</cell>
<cell x="3" y="2">
<caption><![CDATA[_ed]]></caption>
<tooltip><![CDATA[_ed]]></tooltip>
<scanblock>2</scanblock>
<hidden>0</hidden>
<stylepreset>Keyboard key - extra</stylepreset>
<commands>
<command>
<id>type</id>
<parameter index="1"><![CDATA[_ed ]]></parameter>
</command>
<command>
<id>jump.back</id>
</command>
</commands>
</cell>
<cell x="4" y="2">
<caption><![CDATA[_en]]></caption>
<tooltip><![CDATA[_en]]></tooltip>
<scanblock>2</scanblock>
<hidden>0</hidden>
<stylepreset>Keyboard key - extra</stylepreset>
<commands>
<command>
<id>type</id>
<parameter index="1"><![CDATA[_en ]]></parameter>
</command>
<command>
<id>jump.back</id>
</command>
</commands>
</cell>
<cell x="5" y="2">
<caption><![CDATA[_er]]></caption>
<tooltip><![CDATA[_er]]></tooltip>
<scanblock>2</scanblock>
<hidden>0</hidden>
<stylepreset>Keyboard key - extra</stylepreset>
<commands>
<command>
<id>type</id>
<parameter index="1"><![CDATA[_er ]]></parameter>
</command>
<command>
<id>jump.back</id>
</command>
</commands>
</cell>
<cell x="6" y="2">
<caption><![CDATA[_es]]></caption>
<tooltip><![CDATA[_es]]></tooltip>
<scanblock>2</scanblock>
<hidden>0</hidden>
<stylepreset>Keyboard key - extra</stylepreset>
<commands>
<command>
<id>type</id>
<parameter index="1"><![CDATA[_es ]]></parameter>
</command>
<command>
<id>jump.back</id>
</command>
</commands>
</cell>
<cell x="7" y="2">
<caption><![CDATA[_les]]></caption>
<tooltip><![CDATA[_les]]></tooltip>
<scanblock>2</scanblock>
<hidden>0</hidden>
<stylepreset>Keyboard key - extra</stylepreset>
<commands>
<command>
<id>type</id>
<parameter index="1"><![CDATA[_les ]]></parameter>
</command>
<command>
<id>jump.back</id>
</command>
</commands>
</cell>
<cell x="1" y="3">
<scanblock>2</scanblock>
<autocell>2</autocell>
<hidden>0</hidden>
<stylepreset>Auto content cell</stylepreset>
</cell>
<cell x="2" y="3">
<scanblock>2</scanblock>
<autocell>2</autocell>
<hidden>0</hidden>
<stylepreset>Auto content cell</stylepreset>
</cell>
<cell x="3" y="3">
<scanblock>2</scanblock>
<autocell>2</autocell>
<hidden>0</hidden>
<stylepreset>Auto content cell</stylepreset>
</cell>
<cell x="4" y="3">
<scanblock>2</scanblock>
<autocell>2</autocell>
<hidden>0</hidden>
<stylepreset>Auto content cell</stylepreset>
</cell>
<cell x="5" y="3">
<scanblock>2</scanblock>
<autocell>2</autocell>
<hidden>0</hidden>
<stylepreset>Auto content cell</stylepreset>
</cell>
<cell x="6" y="3">
<scanblock>2</scanblock>
<autocell>2</autocell>
<hidden>0</hidden>
<stylepreset>Auto content cell</stylepreset>
</cell>
<cell x="7" y="3">
<scanblock>2</scanblock>
<autocell>2</autocell>
<hidden>0</hidden>
<stylepreset>Auto content cell</stylepreset>
</cell>
<cell x="1" y="4">
<scanblock>0</scanblock>
<hidden>0</hidden>
<stylepreset>Blank cell (no style)</stylepreset>
</cell>
<cell x="2" y="4">
<scanblock>0</scanblock>
<hidden>0</hidden>
<stylepreset>Blank cell (no style)</stylepreset>
</cell>
<cell x="3" y="4">
<scanblock>0</scanblock>
<hidden>0</hidden>
<stylepreset>Blank cell (no style)</stylepreset>
</cell>
<cell x="4" y="4">
<scanblock>0</scanblock>
<hidden>0</hidden>
<stylepreset>Blank cell (no style)</stylepreset>
</cell>
<cell x="5" y="4">
<scanblock>0</scanblock>
<hidden>0</hidden>
<stylepreset>Blank cell (no style)</stylepreset>
</cell>
<cell x="6" y="4">
<scanblock>0</scanblock>
<hidden>0</hidden>
<stylepreset>Blank cell (no style)</stylepreset>
</cell>
<cell x="7" y="4">
<scanblock>0</scanblock>
<hidden>0</hidden>
<stylepreset>Blank cell (no style)</stylepreset>
</cell>
<cell x="1" y="5">
<caption><![CDATA[.]]></caption>
<tooltip><![CDATA[Full stop]]></tooltip>
<scanblock>2</scanblock>
<hidden>0</hidden>
<stylepreset>Keyboard key</stylepreset>
<commands>
<command>
<id>type</id>
<parameter index="1"><![CDATA[{.}]]></parameter>
</command>
<command>
<id>jump.back</id>
</command>
</commands>
</cell>
<cell x="2" y="5">
<caption><![CDATA[,]]></caption>
<tooltip><![CDATA[Comma]]></tooltip>
<scanblock>2</scanblock>
<hidden>0</hidden>
<stylepreset>Keyboard key</stylepreset>
<commands>
<command>
<id>type</id>
<parameter index="1"><![CDATA[{,}]]></parameter>
</command>
<command>
<id>jump.back</id>
</command>
</commands>
</cell>
<cell x="3" y="5">
<caption><![CDATA[']]></caption>
<tooltip><![CDATA[']]></tooltip>
<scanblock>2</scanblock>
<hidden>0</hidden>
<stylepreset>Keyboard key</stylepreset>
<commands>
<command>
<id>type</id>
<parameter index="1"><![CDATA[']]></parameter>
</command>
<command>
<id>jump.back</id>
</command>
</commands>
</cell>
<cell x="4" y="5">
<caption><![CDATA[?]]></caption>
<tooltip><![CDATA[Question mark]]></tooltip>
<scanblock>2</scanblock>
<hidden>0</hidden>
<stylepreset>Keyboard key</stylepreset>
<commands>
<command>
<id>type</id>
<parameter index="1"><![CDATA[{?}]]></parameter>
</command>
<command>
<id>jump.back</id>
</command>
</commands>
</cell>
<cell x="5" y="5">
<caption><![CDATA[!]]></caption>
<tooltip><![CDATA[Exclamation mark]]></tooltip>
<scanblock>2</scanblock>
<hidden>0</hidden>
<stylepreset>Keyboard key</stylepreset>
<commands>
<command>
<id>type</id>
<parameter index="1"><![CDATA[{!}]]></parameter>
</command>
<command>
<id>jump.back</id>
</command>
</commands>
</cell>
<cell x="6" y="5">
<caption><![CDATA[&]]></caption>
<tooltip><![CDATA[&]]></tooltip>
<scanblock>2</scanblock>
<hidden>0</hidden>
<stylepreset>Keyboard key</stylepreset>
<commands>
<command>
<id>type</id>
<parameter index="1"><![CDATA[and ]]></parameter>
</command>
<command>
<id>jump.back</id>
</command>
</commands>
</cell>
<cell x="7" y="5">
<caption><![CDATA[home]]></caption>
<tooltip><![CDATA[home]]></tooltip>
<picture>[GRID2X]jump.home.wmf</picture>
<scanblock>4</scanblock>
<directactivate>2</directactivate>
<hidden>0</hidden>
<stylepreset>Jump Home &amp; back</stylepreset>
<commands>
<command>
<id>jump.home</id>
</command>
</commands>
</cell>
</cells>
</grid>
</sensorygrid>
