<?xml version="1.0" encoding="utf-8" ?>

<wordlist>
<word>
<wordtext><![CDATA[Google ]]></wordtext>
<picturefile>rad0A4F9.jpg</picturefile>
</word>
<word>
<wordtext><![CDATA[Facebook ]]></wordtext>
<picturefile>radF854B.png</picturefile>
</word>
<word>
<wordtext><![CDATA[Skype ]]></wordtext>
<picturefile>rad2DFC5.jpg</picturefile>
</word>
<word>
<wordtext><![CDATA[Twitter ]]></wordtext>
<picturefile>rad8D0B0.jpg</picturefile>
</word>
<word>
<wordtext><![CDATA[YouTube ]]></wordtext>
<picturefile>rad7D48E.png</picturefile>
</word>
<word>
<wordtext><![CDATA[apps ]]></wordtext>
<picturefile>radC5F10.png</picturefile>
</word>
<word>
<wordtext><![CDATA[program ]]></wordtext>
<picturefile>[WIDGIT]widgit rebus\c\computer program.emf</picturefile>
</word>
<word>
<wordtext><![CDATA[sms ]]></wordtext>
<picturefile>[WIDGIT]widgit rebus\t\text message.emf</picturefile>
</word>
<word>
<wordtext><![CDATA[email ]]></wordtext>
<picturefile>[WIDGIT]widgit rebus 05\symbols 5a\recieve emails.emf</picturefile>
</word>
<word>
<wordtext><![CDATA[internet ]]></wordtext>
<picturefile>[WIDGIT]widgit rebus\i\internet.emf</picturefile>
</word>
<word>
<wordtext><![CDATA[online ]]></wordtext>
<picturefile>[WIDGIT]widgit rebus\i\internet.emf</picturefile>
</word>
<word>
<wordtext><![CDATA[wireless ]]></wordtext>
<picturefile>radED672.jpg</picturefile>
</word>
<word>
<wordtext><![CDATA[comment ]]></wordtext>
<picturefile>[WIDGIT]widgit rebus\s\say.emf</picturefile>
</word>
<word>
<wordtext><![CDATA[chat ]]></wordtext>
<picturefile>[WIDGIT]widgit rebus\c\chat.emf</picturefile>
</word>
<word>
<wordtext><![CDATA[picture ]]></wordtext>
<picturefile>[WIDGIT]widgit rebus\p\picture.emf</picturefile>
</word>
<word>
<wordtext><![CDATA[link ]]></wordtext>
<picturefile>[WIDGIT]widgit rebus\l\link.emf</picturefile>
</word>
<word>
<wordtext><![CDATA[spreadsheet ]]></wordtext>
<picturefile>[WIDGIT]widgit rebus 10\symbols 10a\spreadsheet.emf</picturefile>
</word>
<word>
<wordtext><![CDATA[document ]]></wordtext>
<picturefile>[WIDGIT]widgit rebus\w\writing.emf</picturefile>
</word>
<word>
<wordtext><![CDATA[file ]]></wordtext>
<picturefile>[WIDGIT]widgit rebus\f\file 1.emf</picturefile>
</word>
<word>
<wordtext><![CDATA[folder ]]></wordtext>
<picturefile>[WIDGIT]widgit rebus\f\folder 1.emf</picturefile>
</word>
<word>
<wordtext><![CDATA[open ]]></wordtext>
<picturefile>[WIDGIT]widgit rebus\o\open document.emf</picturefile>
</word>
<word>
<wordtext><![CDATA[save ]]></wordtext>
<picturefile>[WIDGIT]widgit rebus\s\save 1.emf</picturefile>
</word>
<word>
<wordtext><![CDATA[save as ]]></wordtext>
<picturefile>[GRID2X]action.save.wmf</picturefile>
</word>
<word>
<wordtext><![CDATA[print ]]></wordtext>
<picturefile>[WIDGIT]widgit rebus\p\print document.emf</picturefile>
</word>
<word>
<wordtext><![CDATA[new ]]></wordtext>
<picturefile>[WIDGIT]widgit rebus\n\new thing.emf</picturefile>
</word>
<word>
<wordtext><![CDATA[delete ]]></wordtext>
<picturefile>[WIDGIT]widgit rebus\e\erase.emf</picturefile>
</word>
<word>
<wordtext><![CDATA[software ]]></wordtext>
<picturefile>[WIDGIT]widgit rebus 04\symbols b\publication.emf</picturefile>
</word>
</wordlist>
