<?xml version="1.0" encoding="utf-8" ?>

<wordlist>
<word>
<wordtext><![CDATA[royalty ]]></wordtext>
<picturefile>[WIDGIT]widgit rebus 05\symbols 5a\monarch.emf</picturefile>
</word>
<word>
<wordtext><![CDATA[royal ]]></wordtext>
<picturefile>[WIDGIT]widgit rebus 05\symbols 5a\monarch.emf</picturefile>
</word>
<word>
<wordtext><![CDATA[queen ]]></wordtext>
<picturefile>[WIDGIT]widgit rebus 05\symbols 5a\queen.emf</picturefile>
</word>
<word>
<wordtext><![CDATA[king ]]></wordtext>
<picturefile>[WIDGIT]widgit rebus 05\symbols 5a\king.emf</picturefile>
</word>
<word>
<wordtext><![CDATA[prince ]]></wordtext>
<picturefile>[WIDGIT]widgit rebus 05\symbols 5a\prince boy.emf</picturefile>
</word>
<word>
<wordtext><![CDATA[princess ]]></wordtext>
<picturefile>[WIDGIT]widgit rebus\p\princess.emf</picturefile>
</word>
<word>
<wordtext><![CDATA[lord ]]></wordtext>
<picturefile>[WIDGIT]widgit rebus\l\lord mp.emf</picturefile>
</word>
<word>
<wordtext><![CDATA[lady ]]></wordtext>
<picturefile>[WIDGIT]widgit rebus\w\woman.emf</picturefile>
</word>
<word>
<wordtext><![CDATA[knight ]]></wordtext>
<picturefile>[WIDGIT]widgit rebus\k\knight.emf</picturefile>
</word>
</wordlist>
