<?xml version="1.0" encoding="utf-8" ?>

<wordlist>
<word>
<wordtext><![CDATA[my family ]]></wordtext>
<picturefile>[WIDGIT]widgit rebus\f\family.emf</picturefile>
</word>
<word>
<wordtext><![CDATA[reading books ]]></wordtext>
<picturefile>[WIDGIT]widgit rebus\b\book.emf</picturefile>
</word>
<word>
<wordtext><![CDATA[watching films ]]></wordtext>
<picturefile>[WIDGIT]widgit rebus\f\film.emf</picturefile>
</word>
<word>
<wordtext><![CDATA[me ]]></wordtext>
<picturefile>[WIDGIT]widgit rebus\m\me.emf</picturefile>
</word>
<word>
<wordtext><![CDATA[school ]]></wordtext>
<picturefile>[WIDGIT]widgit rebus\s\school.emf</picturefile>
</word>
<word>
<wordtext><![CDATA[work ]]></wordtext>
<picturefile>[WIDGIT]widgit rebus\j\job.emf</picturefile>
</word>
<word>
<wordtext><![CDATA[using the computer ]]></wordtext>
<picturefile>[WIDGIT]widgit rebus\c\computer.emf</picturefile>
</word>
<word>
<wordtext><![CDATA[singing ]]></wordtext>
<picturefile>[WIDGIT]widgit rebus\s\sing.emf</picturefile>
</word>
<word>
<wordtext><![CDATA[dancing ]]></wordtext>
<picturefile>[WIDGIT]widgit rebus\d\dance.emf</picturefile>
</word>
<word>
<wordtext><![CDATA[pop music ]]></wordtext>
<picturefile>[WIDGIT]widgit rebus\d\dance music.emf</picturefile>
</word>
<word>
<wordtext><![CDATA[Katie Perry ]]></wordtext>
<picturefile>radC8C55.jpg</picturefile>
</word>
<word>
<wordtext><![CDATA[Hugh Jackman ]]></wordtext>
<picturefile>radD2EE1.jpg</picturefile>
</word>
<word>
<wordtext><![CDATA[sports ]]></wordtext>
<picturefile>[WIDGIT]widgit rebus 06\symbols 6a\sports.emf</picturefile>
</word>
<word>
<wordtext><![CDATA[swimming ]]></wordtext>
<picturefile>[WIDGIT]widgit rebus\s\swim.emf</picturefile>
</word>
<word>
<wordtext><![CDATA[football ]]></wordtext>
<picturefile>[WIDGIT]widgit rebus\f\football 1.emf</picturefile>
</word>
<word>
<wordtext><![CDATA[golf ]]></wordtext>
<picturefile>[WIDGIT]widgit rebus\g\golf.emf</picturefile>
</word>
<word>
<wordtext><![CDATA[tennis ]]></wordtext>
<picturefile>[WIDGIT]widgit rebus\t\tennis.emf</picturefile>
</word>
<word>
<wordtext><![CDATA[racing ]]></wordtext>
<picturefile>[WIDGIT]widgit rebus\r\race.emf</picturefile>
</word>
<word>
<wordtext><![CDATA[East Enders ]]></wordtext>
<picturefile>[WIDGIT]england\uk wrebus\eastenders.emf</picturefile>
</word>
<word>
<wordtext><![CDATA[Coronation Street ]]></wordtext>
<picturefile>[WIDGIT]widgit rebus\t\terrace.emf</picturefile>
</word>
<word>
<wordtext><![CDATA[The Bill ]]></wordtext>
<picturefile>[WIDGIT]england\uk wrebus\the bill.emf</picturefile>
</word>
<word>
<wordtext><![CDATA[Casualty ]]></wordtext>
<picturefile>[WIDGIT]widgit rebus\h\hospital.emf</picturefile>
</word>
<word>
<wordtext><![CDATA[curry ]]></wordtext>
<picturefile>[WIDGIT]widgit rebus\c\curry.emf</picturefile>
</word>
<word>
<wordtext><![CDATA[Chinese food ]]></wordtext>
<picturefile>[WIDGIT]widgit rebus\c\chopsticks.emf</picturefile>
</word>
</wordlist>
