<?xml version="1.0" encoding="utf-8" ?>

<wordlist>
<word>
<wordtext><![CDATA[lion ]]></wordtext>
<picturefile>[WIDGIT]widgit rebus\l\lion.emf</picturefile>
</word>
<word>
<wordtext><![CDATA[tiger ]]></wordtext>
<picturefile>[WIDGIT]widgit rebus\t\tiger.emf</picturefile>
</word>
<word>
<wordtext><![CDATA[cheetah ]]></wordtext>
<picturefile>[WIDGIT]widgit rebus 07\symbols 7b\cheetah.emf</picturefile>
</word>
<word>
<wordtext><![CDATA[leopard ]]></wordtext>
<picturefile>[WIDGIT]widgit rebus 07\symbols 7b\leopard.emf</picturefile>
</word>
<word>
<wordtext><![CDATA[panther ]]></wordtext>
<picturefile>rad5D994.png</picturefile>
</word>
<word>
<wordtext><![CDATA[wolf ]]></wordtext>
<picturefile>[WIDGIT]widgit rebus\w\wolf.emf</picturefile>
</word>
<word>
<wordtext><![CDATA[chimpanzee ]]></wordtext>
<picturefile>[WIDGIT]widgit rebus\c\chimp.emf</picturefile>
</word>
<word>
<wordtext><![CDATA[monkey ]]></wordtext>
<picturefile>[WIDGIT]widgit rebus\m\monkey.emf</picturefile>
</word>
<word>
<wordtext><![CDATA[gorilla ]]></wordtext>
<picturefile>[WIDGIT]widgit rebus\g\gorilla.emf</picturefile>
</word>
<word>
<wordtext><![CDATA[orangutan ]]></wordtext>
<picturefile>[WIDGIT]widgit rebus 07\symbols 7b\orangutan.emf</picturefile>
</word>
<word>
<wordtext><![CDATA[bear ]]></wordtext>
<picturefile>[WIDGIT]widgit rebus\b\bear.emf</picturefile>
</word>
<word>
<wordtext><![CDATA[panda ]]></wordtext>
<picturefile>[WIDGIT]widgit rebus\p\panda.emf</picturefile>
</word>
<word>
<wordtext><![CDATA[polar bear ]]></wordtext>
<picturefile>[WIDGIT]widgit rebus 06\symbols 6b\polar bear.emf</picturefile>
</word>
<word>
<wordtext><![CDATA[elephant ]]></wordtext>
<picturefile>[WIDGIT]widgit rebus\e\elephant.emf</picturefile>
</word>
<word>
<wordtext><![CDATA[giraffe ]]></wordtext>
<picturefile>[WIDGIT]widgit rebus\g\giraffe.emf</picturefile>
</word>
<word>
<wordtext><![CDATA[hippo ]]></wordtext>
<picturefile>[WIDGIT]widgit rebus\h\hippo.emf</picturefile>
</word>
<word>
<wordtext><![CDATA[rhino ]]></wordtext>
<picturefile>[WIDGIT]widgit rebus\r\rhino.emf</picturefile>
</word>
<word>
<wordtext><![CDATA[zebra ]]></wordtext>
<picturefile>[WIDGIT]widgit rebus\z\zebra.emf</picturefile>
</word>
<word>
<wordtext><![CDATA[camel ]]></wordtext>
<picturefile>[WIDGIT]widgit rebus\c\camel.emf</picturefile>
</word>
<word>
<wordtext><![CDATA[llama ]]></wordtext>
<picturefile>[WIDGIT]widgit rebus\l\llama.emf</picturefile>
</word>
<word>
<wordtext><![CDATA[reindeer ]]></wordtext>
<picturefile>[WIDGIT]widgit rebus\r\reindeer.emf</picturefile>
</word>
<word>
<wordtext><![CDATA[alligator ]]></wordtext>
<picturefile>[WIDGIT]widgit rebus\c\crocodile.emf</picturefile>
</word>
<word>
<wordtext><![CDATA[crocodile ]]></wordtext>
<picturefile>[WIDGIT]widgit rebus\c\crocodile.emf</picturefile>
</word>
<word>
<wordtext><![CDATA[bat ]]></wordtext>
<picturefile>[WIDGIT]widgit rebus\b\bat 1.emf</picturefile>
</word>
<word>
<wordtext><![CDATA[kangaroo ]]></wordtext>
<picturefile>[WIDGIT]widgit rebus\k\kangaroo.emf</picturefile>
</word>
<word>
<wordtext><![CDATA[koala ]]></wordtext>
<picturefile>[WIDGIT]widgit rebus\k\koala.emf</picturefile>
</word>
<word>
<wordtext><![CDATA[wombat ]]></wordtext>
<picturefile>[WIDGIT]widgit rebus\w\wombat.emf</picturefile>
</word>
<word>
<wordtext><![CDATA[lemming ]]></wordtext>
<picturefile>[WIDGIT]widgit rebus\l\lemming.emf</picturefile>
</word>
<word>
<wordtext><![CDATA[meerkat ]]></wordtext>
<picturefile>[WIDGIT]widgit rebus 07\symbols 7b\meerkat.emf</picturefile>
</word>
<word>
<wordtext><![CDATA[skunk ]]></wordtext>
<picturefile>[WIDGIT]widgit rebus 04\symbols a\skunk.emf</picturefile>
</word>
<word>
<wordtext><![CDATA[snake ]]></wordtext>
<picturefile>[WIDGIT]widgit rebus\s\snake.emf</picturefile>
</word>
<word>
<wordtext><![CDATA[tarantula ]]></wordtext>
<picturefile>[WIDGIT]widgit rebus 07\symbols 7b\tarantula.emf</picturefile>
</word>
<word>
<wordtext><![CDATA[penguin ]]></wordtext>
<picturefile>[WIDGIT]widgit rebus\p\penguin.emf</picturefile>
</word>
<word>
<wordtext><![CDATA[cub ]]></wordtext>
<picturefile>[WIDGIT]widgit rebus\c\cubs.emf</picturefile>
</word>
<word>
<wordtext><![CDATA[zoo keeper ]]></wordtext>
<picturefile>[WIDGIT]widgit rebus\z\zoo keeper.emf</picturefile>
</word>
</wordlist>
