<?xml version="1.0" encoding="utf-8" ?>

<wordlist>
<word>
<wordtext><![CDATA[feeling ]]></wordtext>
<picturefile>[WIDGIT]widgit rebus\e\emotions.emf</picturefile>
</word>
<word>
<wordtext><![CDATA[happy ]]></wordtext>
<picturefile>[WIDGIT]widgit rebus\h\happy.emf</picturefile>
</word>
<word>
<wordtext><![CDATA[excited ]]></wordtext>
<picturefile>[WIDGIT]widgit rebus\e\excited.emf</picturefile>
</word>
<word>
<wordtext><![CDATA[sad ]]></wordtext>
<picturefile>[WIDGIT]widgit rebus\s\sad.emf</picturefile>
</word>
<word>
<wordtext><![CDATA[angry ]]></wordtext>
<picturefile>[WIDGIT]widgit rebus\v\very cross.emf</picturefile>
</word>
<word>
<wordtext><![CDATA[ill ]]></wordtext>
<picturefile>[WIDGIT]widgit rebus\i\ill.emf</picturefile>
</word>
<word>
<wordtext><![CDATA[confused ]]></wordtext>
<picturefile>[WIDGIT]widgit rebus\c\confused.emf</picturefile>
</word>
<word>
<wordtext><![CDATA[tired ]]></wordtext>
<picturefile>[WIDGIT]widgit rebus\t\tired.emf</picturefile>
</word>
<word>
<wordtext><![CDATA[bored ]]></wordtext>
<picturefile>[WIDGIT]widgit rebus\b\bored.emf</picturefile>
</word>
<word>
<wordtext><![CDATA[fed up ]]></wordtext>
<picturefile>[WIDGIT]widgit rebus\d\depressed.emf</picturefile>
</word>
<word>
<wordtext><![CDATA[worried ]]></wordtext>
<picturefile>[WIDGIT]widgit rebus\w\worried.emf</picturefile>
</word>
<word>
<wordtext><![CDATA[afraid ]]></wordtext>
<picturefile>[WIDGIT]widgit rebus\a\afraid.emf</picturefile>
</word>
<word>
<wordtext><![CDATA[hot ]]></wordtext>
<picturefile>[WIDGIT]widgit rebus\s\sweat.emf</picturefile>
</word>
<word>
<wordtext><![CDATA[cold ]]></wordtext>
<picturefile>[WIDGIT]widgit rebus\s\shiver.emf</picturefile>
</word>
<word>
<wordtext><![CDATA[embarrassed ]]></wordtext>
<picturefile>[WIDGIT]widgit rebus\e\embarrassed.emf</picturefile>
</word>
<word>
<wordtext><![CDATA[lazy ]]></wordtext>
<picturefile>[WIDGIT]widgit rebus\l\lazy.emf</picturefile>
</word>
<word>
<wordtext><![CDATA[hurt ]]></wordtext>
<picturefile>[WIDGIT]widgit rebus\h\hurt feelings.emf</picturefile>
</word>
<word>
<wordtext><![CDATA[uncomfortable ]]></wordtext>
<picturefile>[WIDGIT]widgit rebus\u\uncomfortable.emf</picturefile>
</word>
<word>
<wordtext><![CDATA[good ]]></wordtext>
<picturefile>[WIDGIT]widgit rebus\g\good.emf</picturefile>
</word>
<word>
<wordtext><![CDATA[bad ]]></wordtext>
<picturefile>[WIDGIT]widgit rebus\b\bad.emf</picturefile>
</word>
<word>
<wordtext><![CDATA[naughty ]]></wordtext>
<picturefile>[WIDGIT]widgit rebus\n\naughty.emf</picturefile>
</word>
<word>
<wordtext><![CDATA[silly ]]></wordtext>
<picturefile>[WIDGIT]widgit rebus\s\silly.emf</picturefile>
</word>
<word>
<wordtext><![CDATA[funny ]]></wordtext>
<picturefile>[WIDGIT]widgit rebus\l\laugh.emf</picturefile>
</word>
<word>
<wordtext><![CDATA[crazy ]]></wordtext>
<picturefile>[WIDGIT]widgit rebus 04\symbols b\crazy.emf</picturefile>
</word>
<word>
<wordtext><![CDATA[itchy ]]></wordtext>
<picturefile>[WIDGIT]widgit rebus\i\itch.emf</picturefile>
</word>
<word>
<wordtext><![CDATA[hungry ]]></wordtext>
<picturefile>[WIDGIT]widgit rebus\h\hungry.emf</picturefile>
</word>
<word>
<wordtext><![CDATA[thirsty ]]></wordtext>
<picturefile>[WIDGIT]widgit rebus\t\thirsty 1.emf</picturefile>
</word>
<word>
<wordtext><![CDATA[disappointed ]]></wordtext>
<picturefile>[WIDGIT]widgit rebus\d\disappointed.emf</picturefile>
</word>
</wordlist>
