<?xml version="1.0" encoding="utf-8" ?>

<wordlist>
<word>
<wordtext><![CDATA[chicken ]]></wordtext>
<picturefile>[WIDGIT]widgit rebus\c\chicken 1.emf</picturefile>
</word>
<word>
<wordtext><![CDATA[fish ]]></wordtext>
<picturefile>[WIDGIT]widgit rebus\f\fish 1.emf</picturefile>
</word>
<word>
<wordtext><![CDATA[lamb ]]></wordtext>
<picturefile>[WIDGIT]widgit rebus\l\lamb 1.emf</picturefile>
</word>
<word>
<wordtext><![CDATA[beef ]]></wordtext>
<picturefile>[WIDGIT]widgit rebus\b\beef.emf</picturefile>
</word>
<word>
<wordtext><![CDATA[pork ]]></wordtext>
<picturefile>[WIDGIT]widgit rebus\p\pork.emf</picturefile>
</word>
<word>
<wordtext><![CDATA[pasta ]]></wordtext>
<picturefile>[WIDGIT]widgit rebus\p\pasta.emf</picturefile>
</word>
<word>
<wordtext><![CDATA[chips ]]></wordtext>
<picturefile>[WIDGIT]widgit rebus\c\chips.emf</picturefile>
</word>
<word>
<wordtext><![CDATA[pizza ]]></wordtext>
<picturefile>[WIDGIT]widgit rebus\p\pizza.emf</picturefile>
</word>
<word>
<wordtext><![CDATA[roast dinner ]]></wordtext>
<picturefile>[WIDGIT]widgit rebus\r\roast dinner.emf</picturefile>
</word>
<word>
<wordtext><![CDATA[sausages ]]></wordtext>
<picturefile>[WIDGIT]widgit rebus\s\sausages 1.emf</picturefile>
</word>
<word>
<wordtext><![CDATA[hamburger ]]></wordtext>
<picturefile>[WIDGIT]widgit rebus\h\hamburger.emf</picturefile>
</word>
<word>
<wordtext><![CDATA[egg ]]></wordtext>
<picturefile>[WIDGIT]widgit rebus\e\egg.emf</picturefile>
</word>
<word>
<wordtext><![CDATA[pie ]]></wordtext>
<picturefile>[WIDGIT]widgit rebus\p\pie.emf</picturefile>
</word>
<word>
<wordtext><![CDATA[salt ]]></wordtext>
<picturefile>[WIDGIT]england\uk wrebus\salt.emf</picturefile>
</word>
<word>
<wordtext><![CDATA[pepper ]]></wordtext>
<picturefile>[WIDGIT]england\uk wrebus\pepper.emf</picturefile>
</word>
<word>
<wordtext><![CDATA[vinegar ]]></wordtext>
<picturefile>[WIDGIT]widgit rebus\v\vinegar.emf</picturefile>
</word>
<word>
<wordtext><![CDATA[gravy ]]></wordtext>
<picturefile>[WIDGIT]widgit rebus\g\gravy.emf</picturefile>
</word>
<word>
<wordtext><![CDATA[sauce ]]></wordtext>
<picturefile>[WIDGIT]widgit rebus 04\symbols a\sauces.emf</picturefile>
</word>
<word>
<wordtext><![CDATA[tomato sauce ]]></wordtext>
<picturefile>[WIDGIT]widgit rebus\k\ketchup.emf</picturefile>
</word>
<word>
<wordtext><![CDATA[brown sauce ]]></wordtext>
<picturefile>[WIDGIT]widgit rebus\b\brown sauce.emf</picturefile>
</word>
</wordlist>
