<?xml version="1.0" encoding="utf-8" ?>

<wordlist>
<word>
<wordtext><![CDATA[shop ]]></wordtext>
<picturefile>[WIDGIT]widgit rebus\s\shopping.emf</picturefile>
</word>
<word>
<wordtext><![CDATA[shops ]]></wordtext>
<picturefile>[WIDGIT]widgit rebus\s\shops.emf</picturefile>
</word>
<word>
<wordtext><![CDATA[shopping centre ]]></wordtext>
<picturefile>[WIDGIT]widgit rebus\s\shopping mall.emf</picturefile>
</word>
<word>
<wordtext><![CDATA[supermarket ]]></wordtext>
<picturefile>[WIDGIT]widgit rebus\s\supermarket.emf</picturefile>
</word>
<word>
<wordtext><![CDATA[corner shop ]]></wordtext>
<picturefile>[WIDGIT]widgit rebus\g\grocers shop.emf</picturefile>
</word>
<word>
<wordtext><![CDATA[newsagent ]]></wordtext>
<picturefile>[WIDGIT]widgit rebus\n\newsagent.emf</picturefile>
</word>
<word>
<wordtext><![CDATA[Post Office ]]></wordtext>
<picturefile>[WIDGIT]widgit rebus\p\post office.emf</picturefile>
</word>
<word>
<wordtext><![CDATA[clothes shop ]]></wordtext>
<picturefile>[WIDGIT]widgit rebus\c\clothes shop.emf</picturefile>
</word>
<word>
<wordtext><![CDATA[hairdressers ]]></wordtext>
<picturefile>[WIDGIT]widgit rebus\h\hairdressers.emf</picturefile>
</word>
<word>
<wordtext><![CDATA[garage ]]></wordtext>
<picturefile>[WIDGIT]widgit rebus 06\symbols 6a\garage.emf</picturefile>
</word>
<word>
<wordtext><![CDATA[bakers ]]></wordtext>
<picturefile>[WIDGIT]widgit rebus\b\bakers.emf</picturefile>
</word>
<word>
<wordtext><![CDATA[butchers ]]></wordtext>
<picturefile>[WIDGIT]widgit rebus\b\butchers.emf</picturefile>
</word>
<word>
<wordtext><![CDATA[greengrocers ]]></wordtext>
<picturefile>[WIDGIT]widgit rebus\g\greengrocers.emf</picturefile>
</word>
<word>
<wordtext><![CDATA[restaurant ]]></wordtext>
<picturefile>[WIDGIT]widgit rebus\r\restaurant.emf</picturefile>
</word>
<word>
<wordtext><![CDATA[cafe ]]></wordtext>
<picturefile>[WIDGIT]widgit rebus\c\cafe.emf</picturefile>
</word>
<word>
<wordtext><![CDATA[take-away ]]></wordtext>
<picturefile>[WIDGIT]widgit rebus\t\takeaway.emf</picturefile>
</word>
<word>
<wordtext><![CDATA[Mc Donalds ]]></wordtext>
<picturefile>[WIDGIT]widgit rebus 05\symbols 5a\big mac.emf</picturefile>
</word>
<word>
<wordtext><![CDATA[Pizza Hut ]]></wordtext>
<picturefile>[WIDGIT]widgit rebus\p\pizza house.emf</picturefile>
</word>
<word>
<wordtext><![CDATA[chip shop ]]></wordtext>
<picturefile>[WIDGIT]widgit rebus\f\fish chip shop.emf</picturefile>
</word>
</wordlist>
