<?xml version="1.0" encoding="utf-8" ?>

<wordlist>
<word>
<wordtext><![CDATA[wildlife ]]></wordtext>
<picturefile>[WIDGIT]widgit rebus\w\wildlife.emf</picturefile>
</word>
<word>
<wordtext><![CDATA[badger ]]></wordtext>
<picturefile>[WIDGIT]widgit rebus\b\badger.emf</picturefile>
</word>
<word>
<wordtext><![CDATA[bat ]]></wordtext>
<picturefile>[WIDGIT]widgit rebus\b\bat 1.emf</picturefile>
</word>
<word>
<wordtext><![CDATA[boar ]]></wordtext>
<picturefile>radF1555.png</picturefile>
</word>
<word>
<wordtext><![CDATA[deer ]]></wordtext>
<picturefile>[WIDGIT]widgit rebus\d\deer.emf</picturefile>
</word>
<word>
<wordtext><![CDATA[reindeer ]]></wordtext>
<picturefile>[WIDGIT]widgit rebus\r\reindeer.emf</picturefile>
</word>
<word>
<wordtext><![CDATA[dormouse ]]></wordtext>
<picturefile>[WIDGIT]widgit rebus\d\dormouse.emf</picturefile>
</word>
<word>
<wordtext><![CDATA[fox ]]></wordtext>
<picturefile>[WIDGIT]widgit rebus\f\fox.emf</picturefile>
</word>
<word>
<wordtext><![CDATA[hare ]]></wordtext>
<picturefile>[WIDGIT]widgit rebus\h\hare.emf</picturefile>
</word>
<word>
<wordtext><![CDATA[hedgehog ]]></wordtext>
<picturefile>[WIDGIT]widgit rebus\h\hedgehog.emf</picturefile>
</word>
<word>
<wordtext><![CDATA[mole ]]></wordtext>
<picturefile>[WIDGIT]widgit rebus 06\symbols 6b\mole.emf</picturefile>
</word>
<word>
<wordtext><![CDATA[otter ]]></wordtext>
<picturefile>[WIDGIT]widgit rebus 05\symbols 5a\otter.emf</picturefile>
</word>
<word>
<wordtext><![CDATA[rabbit ]]></wordtext>
<picturefile>[WIDGIT]widgit rebus\r\rabbit.emf</picturefile>
</word>
<word>
<wordtext><![CDATA[skunk ]]></wordtext>
<picturefile>[WIDGIT]widgit rebus 04\symbols a\skunk.emf</picturefile>
</word>
<word>
<wordtext><![CDATA[squirrel ]]></wordtext>
<picturefile>[WIDGIT]widgit rebus\s\squirrel.emf</picturefile>
</word>
<word>
<wordtext><![CDATA[stoat ]]></wordtext>
<picturefile>[WIDGIT]widgit rebus\s\stoat.emf</picturefile>
</word>
<word>
<wordtext><![CDATA[weasel ]]></wordtext>
<picturefile>[WIDGIT]widgit rebus\w\weasel.emf</picturefile>
</word>
<word>
<wordtext><![CDATA[hibernate ]]></wordtext>
<picturefile>[WIDGIT]widgit rebus 08\symbols 8a\hibernate.emf</picturefile>
</word>
</wordlist>
