<?xml version="1.0" encoding="utf-8" ?>

<sensorygrid>
<grid workspace_x="3" workspace_y="1">
<rows>5</rows>
<cols>7</cols>
<selfclosing>0</selfclosing>
<titlebartext></titlebartext>
<customblockscan>1</customblockscan>
<predictionsource>0</predictionsource>
<oskcellratio>0</oskcellratio>
<background style="0">
<backcolour>14737632</backcolour>
<backcolour2>14737632</backcolour2>
</background>
<cells>
<cell x="1" y="1">
<caption><![CDATA[go back]]></caption>
<tooltip><![CDATA[go back]]></tooltip>
<picture>[GRID2X]jump.back.wmf</picture>
<scanblock>1</scanblock>
<directactivate>1</directactivate>
<hidden>0</hidden>
<stylepreset>Jump Home &amp; back</stylepreset>
<commands>
<command>
<id>jump.back</id>
</command>
</commands>
</cell>
<cell x="2" y="1">
<caption><![CDATA[Sentence Starters]]></caption>
<tooltip><![CDATA[Sentence Starters]]></tooltip>
<scanblock>1</scanblock>
<hidden>0</hidden>
<stylepreset>Self Closing Page</stylepreset>
<commands>
<command>
<id>jump.to</id>
<parameter index="1"><![CDATA[Sentence Starters]]></parameter>
</command>
</commands>
</cell>
<cell x="3" y="1">
<magnifyx>3</magnifyx>
<scanblock>1</scanblock>
<hidden>0</hidden>
<stylepreset>Blank cell (no style)</stylepreset>
</cell>
<cell x="4" y="1">
<scanblock>1</scanblock>
<hidden>0</hidden>
<stylepreset>Blank cell (no style)</stylepreset>
</cell>
<cell x="5" y="1">
<scanblock>1</scanblock>
<hidden>0</hidden>
<stylepreset>Blank cell (no style)</stylepreset>
</cell>
<cell x="6" y="1">
<caption><![CDATA[rub out]]></caption>
<tooltip><![CDATA[rub out]]></tooltip>
<picture>[GRID2X]type.deleteword.wmf</picture>
<scanblock>1</scanblock>
<directactivate>4</directactivate>
<hidden>0</hidden>
<stylepreset>Action cell</stylepreset>
<commands>
<command>
<id>type.deleteword</id>
</command>
</commands>
</cell>
<cell x="7" y="1">
<caption><![CDATA[clear]]></caption>
<tooltip><![CDATA[clear]]></tooltip>
<picture>[GRID2X]action.clear.wmf</picture>
<scanblock>1</scanblock>
<directactivate>5</directactivate>
<hidden>0</hidden>
<stylepreset>Action cell</stylepreset>
<commands>
<command>
<id>action.clear</id>
</command>
</commands>
</cell>
<cell x="1" y="2">
<caption><![CDATA[The]]></caption>
<tooltip><![CDATA[The]]></tooltip>
<picture>[WIDGIT]widgit rebus\t\the.emf</picture>
<scanblock>2</scanblock>
<hidden>0</hidden>
<stylepreset>Starter</stylepreset>
<commands>
<command>
<id>type</id>
<parameter index="1"><![CDATA[The ]]></parameter>
</command>
</commands>
</cell>
<cell x="2" y="2">
<scanblock>2</scanblock>
<autocell>1</autocell>
<hidden>0</hidden>
<stylepreset>Auto content cell</stylepreset>
</cell>
<cell x="3" y="2">
<scanblock>2</scanblock>
<autocell>1</autocell>
<hidden>0</hidden>
<stylepreset>Auto content cell</stylepreset>
</cell>
<cell x="4" y="2">
<caption><![CDATA[is]]></caption>
<tooltip><![CDATA[is]]></tooltip>
<picture>[WIDGIT]widgit rebus\i\is.emf</picture>
<scanblock>2</scanblock>
<hidden>0</hidden>
<stylepreset>Vocab cell</stylepreset>
<commands>
<command>
<id>type</id>
<parameter index="1"><![CDATA[is ]]></parameter>
</command>
</commands>
</cell>
<cell x="5" y="2">
<caption><![CDATA[heavy]]></caption>
<tooltip><![CDATA[heavy]]></tooltip>
<picture>[WIDGIT]widgit rebus\h\heavy.emf</picture>
<scanblock>2</scanblock>
<hidden>0</hidden>
<stylepreset>Auto content cell</stylepreset>
<commands>
<command>
<id>type</id>
<parameter index="1"><![CDATA[heavy ]]></parameter>
</command>
</commands>
</cell>
<cell x="6" y="2">
<caption><![CDATA[float]]></caption>
<tooltip><![CDATA[float]]></tooltip>
<picture>[WIDGIT]widgit rebus\f\float.emf</picture>
<scanblock>2</scanblock>
<hidden>0</hidden>
<stylepreset>Auto content cell</stylepreset>
<commands>
<command>
<id>type</id>
<parameter index="1"><![CDATA[float ]]></parameter>
</command>
</commands>
</cell>
<cell x="7" y="2">
<caption><![CDATA[Materials]]></caption>
<tooltip><![CDATA[Materials]]></tooltip>
<picture>[WIDGIT]widgit rebus\m\materials 1.emf</picture>
<scanblock>4</scanblock>
<hidden>0</hidden>
<stylepreset>Jump cell</stylepreset>
<commands>
<command>
<id>jump.to</id>
<parameter index="1"><![CDATA[Materials]]></parameter>
</command>
</commands>
</cell>
<cell x="1" y="3">
<caption><![CDATA[It is]]></caption>
<tooltip><![CDATA[It is]]></tooltip>
<picture>[WIDGIT]widgit rebus\t\there is.emf</picture>
<scanblock>2</scanblock>
<hidden>0</hidden>
<stylepreset>Starter</stylepreset>
<commands>
<command>
<id>type</id>
<parameter index="1"><![CDATA[It is ]]></parameter>
</command>
</commands>
</cell>
<cell x="2" y="3">
<scanblock>2</scanblock>
<autocell>1</autocell>
<hidden>0</hidden>
<stylepreset>Auto content cell</stylepreset>
</cell>
<cell x="3" y="3">
<scanblock>2</scanblock>
<autocell>1</autocell>
<hidden>0</hidden>
<stylepreset>Auto content cell</stylepreset>
</cell>
<cell x="4" y="3">
<caption><![CDATA[it will]]></caption>
<tooltip><![CDATA[it will]]></tooltip>
<picture>[WIDGIT]widgit rebus\q\question.emf</picture>
<scanblock>2</scanblock>
<hidden>0</hidden>
<stylepreset>Vocab cell</stylepreset>
<commands>
<command>
<id>type</id>
<parameter index="1"><![CDATA[it will ]]></parameter>
</command>
</commands>
</cell>
<cell x="5" y="3">
<caption><![CDATA[heavier]]></caption>
<tooltip><![CDATA[heavier]]></tooltip>
<picture>[WIDGIT]widgit rebus\h\heavy.emf</picture>
<scanblock>2</scanblock>
<hidden>0</hidden>
<stylepreset>Auto content cell</stylepreset>
<commands>
<command>
<id>type</id>
<parameter index="1"><![CDATA[heavier ]]></parameter>
</command>
</commands>
</cell>
<cell x="6" y="3">
<caption><![CDATA[floating]]></caption>
<tooltip><![CDATA[floating]]></tooltip>
<picture>[WIDGIT]widgit rebus\f\float.emf</picture>
<scanblock>2</scanblock>
<hidden>0</hidden>
<stylepreset>Auto content cell</stylepreset>
<commands>
<command>
<id>type</id>
<parameter index="1"><![CDATA[floating ]]></parameter>
</command>
</commands>
</cell>
<cell x="7" y="3">
<caption><![CDATA[Words]]></caption>
<tooltip><![CDATA[Words]]></tooltip>
<picture>[WIDGIT]widgit rebus\w\word.emf</picture>
<scanblock>4</scanblock>
<hidden>0</hidden>
<stylepreset>Self Closing Page</stylepreset>
<commands>
<command>
<id>jump.to</id>
<parameter index="1"><![CDATA[Small Words]]></parameter>
</command>
</commands>
</cell>
<cell x="1" y="4">
<scanblock>2</scanblock>
<hidden>0</hidden>
<stylepreset>Blank cell (no style)</stylepreset>
</cell>
<cell x="2" y="4">
<scanblock>2</scanblock>
<autocell>1</autocell>
<hidden>0</hidden>
<stylepreset>Auto content cell</stylepreset>
</cell>
<cell x="3" y="4">
<scanblock>2</scanblock>
<autocell>1</autocell>
<hidden>0</hidden>
<stylepreset>Auto content cell</stylepreset>
</cell>
<cell x="4" y="4">
<caption><![CDATA[very]]></caption>
<tooltip><![CDATA[very]]></tooltip>
<picture>[WIDGIT]widgit rebus\v\very.emf</picture>
<scanblock>2</scanblock>
<hidden>0</hidden>
<stylepreset>Vocab cell</stylepreset>
<commands>
<command>
<id>type</id>
<parameter index="1"><![CDATA[very ]]></parameter>
</command>
</commands>
</cell>
<cell x="5" y="4">
<caption><![CDATA[light]]></caption>
<tooltip><![CDATA[light]]></tooltip>
<picture>[WIDGIT]widgit rebus 08\symbols 8b\light.emf</picture>
<scanblock>2</scanblock>
<hidden>0</hidden>
<stylepreset>Auto content cell</stylepreset>
<commands>
<command>
<id>type</id>
<parameter index="1"><![CDATA[light ]]></parameter>
</command>
</commands>
</cell>
<cell x="6" y="4">
<caption><![CDATA[sink]]></caption>
<tooltip><![CDATA[sink]]></tooltip>
<picture>[WIDGIT]widgit rebus\s\sink 2.emf</picture>
<scanblock>2</scanblock>
<hidden>0</hidden>
<stylepreset>Auto content cell</stylepreset>
<commands>
<command>
<id>type</id>
<parameter index="1"><![CDATA[sink ]]></parameter>
</command>
</commands>
</cell>
<cell x="7" y="4">
<scanblock>4</scanblock>
<hidden>0</hidden>
<stylepreset>Blank cell (no style)</stylepreset>
</cell>
<cell x="1" y="5">
<scanblock>2</scanblock>
<hidden>0</hidden>
<stylepreset>Blank cell (no style)</stylepreset>
</cell>
<cell x="2" y="5">
<caption><![CDATA[and]]></caption>
<tooltip><![CDATA[and]]></tooltip>
<picture>[WIDGIT]widgit rebus 04\symbols a\and 1.emf</picture>
<scanblock>2</scanblock>
<hidden>0</hidden>
<stylepreset>Auto content cell</stylepreset>
<commands>
<command>
<id>type</id>
<parameter index="1"><![CDATA[and ]]></parameter>
</command>
</commands>
</cell>
<cell x="3" y="5">
<caption><![CDATA[more words]]></caption>
<tooltip><![CDATA[more words]]></tooltip>
<picture>[GRID2X]autocells.nextpage.wmf</picture>
<scanblock>2</scanblock>
<directactivate>8</directactivate>
<hidden>0</hidden>
<stylepreset>More Words</stylepreset>
<commands>
<command>
<id>autocells.nextpage</id>
<parameter index="1"><![CDATA[0]]></parameter>
</command>
</commands>
</cell>
<cell x="4" y="5">
<scanblock>2</scanblock>
<hidden>0</hidden>
<stylepreset>Blank cell (no style)</stylepreset>
</cell>
<cell x="5" y="5">
<caption><![CDATA[lighter]]></caption>
<tooltip><![CDATA[lighter]]></tooltip>
<picture>[WIDGIT]widgit rebus 08\symbols 8b\light.emf</picture>
<scanblock>2</scanblock>
<hidden>0</hidden>
<stylepreset>Auto content cell</stylepreset>
<commands>
<command>
<id>type</id>
<parameter index="1"><![CDATA[lighter ]]></parameter>
</command>
</commands>
</cell>
<cell x="6" y="5">
<caption><![CDATA[sinking]]></caption>
<tooltip><![CDATA[sinking]]></tooltip>
<picture>[WIDGIT]widgit rebus\s\sink 2.emf</picture>
<scanblock>2</scanblock>
<hidden>0</hidden>
<stylepreset>Auto content cell</stylepreset>
<commands>
<command>
<id>type</id>
<parameter index="1"><![CDATA[sinking ]]></parameter>
</command>
</commands>
</cell>
<cell x="7" y="5">
<caption><![CDATA[home]]></caption>
<tooltip><![CDATA[home]]></tooltip>
<picture>[GRID2X]jump.home.wmf</picture>
<scanblock>4</scanblock>
<directactivate>2</directactivate>
<hidden>0</hidden>
<stylepreset>Jump Home &amp; back</stylepreset>
<commands>
<command>
<id>jump.home</id>
</command>
</commands>
</cell>
</cells>
</grid>
</sensorygrid>
