<?xml version="1.0" encoding="utf-8" ?>

<wordlist>
<word>
<wordtext><![CDATA[metal ]]></wordtext>
<picturefile>[WIDGIT]widgit rebus\m\metal.emf</picturefile>
</word>
<word>
<wordtext><![CDATA[paper ]]></wordtext>
<picturefile>[WIDGIT]widgit rebus\p\paper 1.emf</picturefile>
</word>
<word>
<wordtext><![CDATA[plastic ]]></wordtext>
<picturefile>[WIDGIT]widgit rebus\p\plastic.emf</picturefile>
</word>
<word>
<wordtext><![CDATA[glass ]]></wordtext>
<picturefile>[WIDGIT]widgit rebus\g\glass 1.emf</picturefile>
</word>
<word>
<wordtext><![CDATA[wood ]]></wordtext>
<picturefile>[WIDGIT]widgit rebus\w\wood 1.emf</picturefile>
</word>
<word>
<wordtext><![CDATA[cork ]]></wordtext>
<picturefile>[WIDGIT]widgit rebus 05\symbols 5a\cork.emf</picturefile>
</word>
</wordlist>
