<?xml version="1.0" encoding="utf-8" ?>

<sensorygrid>
<grid workspace_x="3" workspace_y="1">
<rows>5</rows>
<cols>7</cols>
<selfclosing>0</selfclosing>
<titlebartext></titlebartext>
<customblockscan>1</customblockscan>
<predictionsource>0</predictionsource>
<oskcellratio>0</oskcellratio>
<background style="0">
<backcolour>14737632</backcolour>
<backcolour2>14737632</backcolour2>
</background>
<cells>
<cell x="1" y="1">
<caption><![CDATA[go back]]></caption>
<tooltip><![CDATA[go back]]></tooltip>
<picture>[GRID2X]jump.back.wmf</picture>
<scanblock>1</scanblock>
<directactivate>1</directactivate>
<hidden>0</hidden>
<stylepreset>Jump Home &amp; back</stylepreset>
<commands>
<command>
<id>jump.back</id>
</command>
</commands>
</cell>
<cell x="2" y="1">
<caption><![CDATA[Sentence Starters]]></caption>
<tooltip><![CDATA[Sentence Starters]]></tooltip>
<scanblock>1</scanblock>
<hidden>0</hidden>
<stylepreset>Self Closing Page</stylepreset>
<commands>
<command>
<id>jump.to</id>
<parameter index="1"><![CDATA[Sentence Starters]]></parameter>
</command>
</commands>
</cell>
<cell x="3" y="1">
<magnifyx>3</magnifyx>
<scanblock>1</scanblock>
<hidden>0</hidden>
<stylepreset>Blank cell (no style)</stylepreset>
</cell>
<cell x="4" y="1">
<scanblock>1</scanblock>
<hidden>0</hidden>
<stylepreset>Blank cell (no style)</stylepreset>
</cell>
<cell x="5" y="1">
<scanblock>1</scanblock>
<hidden>0</hidden>
<stylepreset>Blank cell (no style)</stylepreset>
</cell>
<cell x="6" y="1">
<caption><![CDATA[rub out]]></caption>
<tooltip><![CDATA[rub out]]></tooltip>
<picture>[GRID2X]type.deleteword.wmf</picture>
<scanblock>1</scanblock>
<hidden>0</hidden>
<stylepreset>Action cell</stylepreset>
<commands>
<command>
<id>type.deleteword</id>
</command>
</commands>
</cell>
<cell x="7" y="1">
<caption><![CDATA[clear]]></caption>
<tooltip><![CDATA[clear]]></tooltip>
<picture>[GRID2X]action.clear.wmf</picture>
<scanblock>1</scanblock>
<hidden>0</hidden>
<stylepreset>Action cell</stylepreset>
<commands>
<command>
<id>action.clear</id>
</command>
</commands>
</cell>
<cell x="1" y="2">
<caption><![CDATA[English]]></caption>
<tooltip><![CDATA[English]]></tooltip>
<picture>[WIDGIT]widgit rebus\e\english.emf</picture>
<scanblock>2</scanblock>
<hidden>0</hidden>
<stylepreset>Jump cell</stylepreset>
<commands>
<command>
<id>jump.to</id>
<parameter index="1"><![CDATA[English]]></parameter>
</command>
</commands>
</cell>
<cell x="2" y="2">
<caption><![CDATA[Maths]]></caption>
<tooltip><![CDATA[Maths]]></tooltip>
<picture>[WIDGIT]widgit rebus\m\maths.emf</picture>
<scanblock>2</scanblock>
<hidden>0</hidden>
<stylepreset>Jump cell</stylepreset>
<commands>
<command>
<id>jump.to</id>
<parameter index="1"><![CDATA[Maths]]></parameter>
</command>
</commands>
</cell>
<cell x="3" y="2">
<caption><![CDATA[Science]]></caption>
<tooltip><![CDATA[Science]]></tooltip>
<picture>[WIDGIT]widgit rebus\s\science.emf</picture>
<scanblock>2</scanblock>
<hidden>0</hidden>
<stylepreset>Jump cell</stylepreset>
<commands>
<command>
<id>jump.to</id>
<parameter index="1"><![CDATA[Science]]></parameter>
</command>
</commands>
</cell>
<cell x="4" y="2">
<caption><![CDATA[Geography]]></caption>
<tooltip><![CDATA[Geography]]></tooltip>
<picture>[WIDGIT]widgit rebus\g\geography.emf</picture>
<scanblock>2</scanblock>
<hidden>0</hidden>
<stylepreset>Jump cell</stylepreset>
<commands>
<command>
<id>jump.to</id>
<parameter index="1"><![CDATA[Geography]]></parameter>
</command>
</commands>
</cell>
<cell x="5" y="2">
<caption><![CDATA[History]]></caption>
<tooltip><![CDATA[History]]></tooltip>
<picture>[WIDGIT]widgit rebus 06\symbols 6a\history.emf</picture>
<scanblock>2</scanblock>
<hidden>0</hidden>
<stylepreset>Jump cell</stylepreset>
<commands>
<command>
<id>jump.to</id>
<parameter index="1"><![CDATA[History]]></parameter>
</command>
</commands>
</cell>
<cell x="6" y="2">
<caption><![CDATA[Sports]]></caption>
<tooltip><![CDATA[Sports]]></tooltip>
<picture>[WIDGIT]widgit rebus 06\symbols 6a\sports.emf</picture>
<scanblock>2</scanblock>
<hidden>0</hidden>
<stylepreset>Jump cell</stylepreset>
<commands>
<command>
<id>jump.to</id>
<parameter index="1"><![CDATA[Sports]]></parameter>
</command>
</commands>
</cell>
<cell x="7" y="2">
<scanblock>4</scanblock>
<hidden>0</hidden>
<stylepreset>Blank cell (no style)</stylepreset>
</cell>
<cell x="1" y="3">
<caption><![CDATA[Music]]></caption>
<tooltip><![CDATA[Music]]></tooltip>
<picture>[WIDGIT]widgit rebus\m\music.emf</picture>
<scanblock>2</scanblock>
<hidden>0</hidden>
<stylepreset>Jump cell</stylepreset>
<commands>
<command>
<id>jump.to</id>
<parameter index="1"><![CDATA[Musical Instruments]]></parameter>
</command>
</commands>
</cell>
<cell x="2" y="3">
<caption><![CDATA[Art]]></caption>
<tooltip><![CDATA[Art]]></tooltip>
<picture>[WIDGIT]widgit rebus\a\art 2.emf</picture>
<scanblock>2</scanblock>
<hidden>0</hidden>
<stylepreset>Jump cell</stylepreset>
<commands>
<command>
<id>jump.to</id>
<parameter index="1"><![CDATA[Art]]></parameter>
</command>
</commands>
</cell>
<cell x="3" y="3">
<caption><![CDATA[Technology]]></caption>
<tooltip><![CDATA[Technology]]></tooltip>
<picture>[WIDGIT]widgit rebus\t\technology 1.emf</picture>
<scanblock>2</scanblock>
<hidden>0</hidden>
<stylepreset>Jump cell</stylepreset>
<commands>
<command>
<id>jump.to</id>
<parameter index="1"><![CDATA[Technology]]></parameter>
</command>
</commands>
</cell>
<cell x="4" y="3">
<caption><![CDATA[Class]]></caption>
<tooltip><![CDATA[Class]]></tooltip>
<picture>[WIDGIT]widgit rebus\l\lesson.emf</picture>
<scanblock>2</scanblock>
<hidden>0</hidden>
<stylepreset>Jump cell</stylepreset>
<commands>
<command>
<id>jump.to</id>
<parameter index="1"><![CDATA[People - class]]></parameter>
</command>
</commands>
</cell>
<cell x="5" y="3">
<caption><![CDATA[Staff]]></caption>
<tooltip><![CDATA[Staff]]></tooltip>
<picture>[WIDGIT]widgit rebus\p\people.emf</picture>
<scanblock>2</scanblock>
<hidden>0</hidden>
<stylepreset>Jump cell</stylepreset>
<commands>
<command>
<id>jump.to</id>
<parameter index="1"><![CDATA[People - Staff]]></parameter>
</command>
</commands>
</cell>
<cell x="6" y="3">
<caption><![CDATA[Rooms]]></caption>
<tooltip><![CDATA[Rooms]]></tooltip>
<picture>[WIDGIT]widgit rebus\r\room.emf</picture>
<scanblock>2</scanblock>
<hidden>0</hidden>
<stylepreset>Jump cell</stylepreset>
<commands>
<command>
<id>jump.to</id>
<parameter index="1"><![CDATA[Rooms]]></parameter>
</command>
</commands>
</cell>
<cell x="7" y="3">
<scanblock>4</scanblock>
<hidden>0</hidden>
<stylepreset>Blank cell (no style)</stylepreset>
</cell>
<cell x="1" y="4">
<caption><![CDATA[Holidays]]></caption>
<tooltip><![CDATA[Holidays]]></tooltip>
<picture>[WIDGIT]widgit rebus\h\holiday.emf</picture>
<scanblock>2</scanblock>
<hidden>0</hidden>
<stylepreset>Jump cell</stylepreset>
<commands>
<command>
<id>jump.to</id>
<parameter index="1"><![CDATA[Holidays]]></parameter>
</command>
</commands>
</cell>
<cell x="2" y="4">
<scanblock>2</scanblock>
<hidden>0</hidden>
<stylepreset>Blank cell (no style)</stylepreset>
</cell>
<cell x="3" y="4">
<scanblock>2</scanblock>
<hidden>0</hidden>
<stylepreset>Blank cell (no style)</stylepreset>
</cell>
<cell x="4" y="4">
<scanblock>2</scanblock>
<hidden>0</hidden>
<stylepreset>Blank cell (no style)</stylepreset>
</cell>
<cell x="5" y="4">
<scanblock>2</scanblock>
<hidden>0</hidden>
<stylepreset>Blank cell (no style)</stylepreset>
</cell>
<cell x="6" y="4">
<scanblock>2</scanblock>
<hidden>0</hidden>
<stylepreset>Blank cell (no style)</stylepreset>
</cell>
<cell x="7" y="4">
<scanblock>4</scanblock>
<hidden>0</hidden>
<stylepreset>Blank cell (no style)</stylepreset>
</cell>
<cell x="1" y="5">
<scanblock>2</scanblock>
<hidden>0</hidden>
<stylepreset>Blank cell (no style)</stylepreset>
</cell>
<cell x="2" y="5">
<scanblock>2</scanblock>
<hidden>0</hidden>
<stylepreset>Blank cell (no style)</stylepreset>
</cell>
<cell x="3" y="5">
<scanblock>2</scanblock>
<hidden>0</hidden>
<stylepreset>Blank cell (no style)</stylepreset>
</cell>
<cell x="4" y="5">
<scanblock>2</scanblock>
<hidden>0</hidden>
<stylepreset>Blank cell (no style)</stylepreset>
</cell>
<cell x="5" y="5">
<scanblock>2</scanblock>
<hidden>0</hidden>
<stylepreset>Blank cell (no style)</stylepreset>
</cell>
<cell x="6" y="5">
<scanblock>2</scanblock>
<hidden>0</hidden>
<stylepreset>Blank cell (no style)</stylepreset>
</cell>
<cell x="7" y="5">
<caption><![CDATA[home]]></caption>
<tooltip><![CDATA[home]]></tooltip>
<picture>[GRID2X]jump.home.wmf</picture>
<scanblock>4</scanblock>
<directactivate>2</directactivate>
<hidden>0</hidden>
<stylepreset>Jump Home &amp; back</stylepreset>
<commands>
<command>
<id>jump.home</id>
</command>
</commands>
</cell>
</cells>
</grid>
</sensorygrid>
