<?xml version="1.0" encoding="utf-8" ?>

<wordlist>
<word>
<wordtext><![CDATA[a husband ]]></wordtext>
<picturefile>[WIDGIT]widgit rebus\h\husband.emf</picturefile>
</word>
<word>
<wordtext><![CDATA[a wife ]]></wordtext>
<picturefile>[WIDGIT]widgit rebus\w\wife.emf</picturefile>
</word>
<word>
<wordtext><![CDATA[a boyfriend ]]></wordtext>
<picturefile>[WIDGIT]widgit rebus\b\boyfriend.emf</picturefile>
</word>
<word>
<wordtext><![CDATA[a girlfriend ]]></wordtext>
<picturefile>[WIDGIT]widgit rebus\g\girlfriend.emf</picturefile>
</word>
<word>
<wordtext><![CDATA[any children ]]></wordtext>
<picturefile>[WIDGIT]widgit rebus\c\children.emf</picturefile>
</word>
<word>
<wordtext><![CDATA[any pets ]]></wordtext>
<picturefile>[WIDGIT]widgit rebus\p\pets.emf</picturefile>
</word>
<word>
<wordtext><![CDATA[a cat ]]></wordtext>
<picturefile>[WIDGIT]widgit rebus\c\cat.emf</picturefile>
</word>
<word>
<wordtext><![CDATA[a dog ]]></wordtext>
<picturefile>[WIDGIT]widgit rebus\d\dog.emf</picturefile>
</word>
<word>
<wordtext><![CDATA[a computer ]]></wordtext>
<picturefile>[WIDGIT]widgit rebus\c\computer.emf</picturefile>
</word>
<word>
<wordtext><![CDATA[a car ]]></wordtext>
<picturefile>[WIDGIT]widgit rebus\c\car.emf</picturefile>
</word>
<word>
<wordtext><![CDATA[a bike ]]></wordtext>
<picturefile>[WIDGIT]widgit rebus\b\bicycle.emf</picturefile>
</word>
<word>
<wordtext><![CDATA[a motorbike ]]></wordtext>
<picturefile>[WIDGIT]widgit rebus\m\motorbike.emf</picturefile>
</word>
</wordlist>
