<?xml version="1.0" encoding="utf-8" ?>

<wordlist>
<word>
<wordtext><![CDATA[therapist ]]></wordtext>
<picturefile>[WIDGIT]widgit rebus\t\therapist.emf</picturefile>
</word>
<word>
<wordtext><![CDATA[exercises ]]></wordtext>
<picturefile>[WIDGIT]widgit rebus\p\pe.emf</picturefile>
</word>
<word>
<wordtext><![CDATA[lying ]]></wordtext>
<picturefile>[WIDGIT]widgit rebus\l\lie 1.emf</picturefile>
</word>
<word>
<wordtext><![CDATA[sitting ]]></wordtext>
<picturefile>[WIDGIT]widgit rebus\s\sit.emf</picturefile>
</word>
<word>
<wordtext><![CDATA[standing ]]></wordtext>
<picturefile>[WIDGIT]widgit rebus\s\stand.emf</picturefile>
</word>
<word>
<wordtext><![CDATA[walking ]]></wordtext>
<picturefile>[WIDGIT]widgit rebus\w\walk.emf</picturefile>
</word>
<word>
<wordtext><![CDATA[splint ]]></wordtext>
<picturefile>[WIDGIT]widgit rebus\g\gaiter.emf</picturefile>
</word>
<word>
<wordtext><![CDATA[wheelchair ]]></wordtext>
<picturefile>[WIDGIT]widgit rebus 05\symbols 5a\wheelchair man.emf</picturefile>
</word>
<word>
<wordtext><![CDATA[back rest ]]></wordtext>
<picturefile>[WIDGIT]widgit rebus\b\back 1.emf</picturefile>
</word>
<word>
<wordtext><![CDATA[foot rest ]]></wordtext>
<picturefile>[WIDGIT]widgit rebus\f\foot rest.emf</picturefile>
</word>
<word>
<wordtext><![CDATA[straps ]]></wordtext>
<picturefile>[WIDGIT]widgit rebus\s\strap.emf</picturefile>
</word>
<word>
<wordtext><![CDATA[brakes ]]></wordtext>
<picturefile>[WIDGIT]widgit rebus\b\breaks.emf</picturefile>
</word>
<word>
<wordtext><![CDATA[walker ]]></wordtext>
<picturefile>[WIDGIT]widgit rebus\h\hart walker.emf</picturefile>
</word>
<word>
<wordtext><![CDATA[standing frame ]]></wordtext>
<picturefile>[WIDGIT]widgit rebus\s\standing frame.emf</picturefile>
</word>
<word>
<wordtext><![CDATA[chair ]]></wordtext>
<picturefile>[WIDGIT]widgit rebus\c\chair.emf</picturefile>
</word>
<word>
<wordtext><![CDATA[bed ]]></wordtext>
<picturefile>[WIDGIT]widgit rebus\b\bed.emf</picturefile>
</word>
<word>
<wordtext><![CDATA[table ]]></wordtext>
<picturefile>[WIDGIT]widgit rebus\t\table.emf</picturefile>
</word>
<word>
<wordtext><![CDATA[suction ]]></wordtext>
<picturefile>[WIDGIT]widgit rebus\s\suck.emf</picturefile>
</word>
<word>
<wordtext><![CDATA[review ]]></wordtext>
<picturefile>[WIDGIT]widgit rebus\r\review.emf</picturefile>
</word>
<word>
<wordtext><![CDATA[medical ]]></wordtext>
<picturefile>[WIDGIT]widgit rebus\m\medical.emf</picturefile>
</word>
</wordlist>
