<?xml version="1.0" encoding="utf-8" ?>

<sensorygrid>
<grid workspace_x="2" workspace_y="1">
<rows>5</rows>
<cols>7</cols>
<selfclosing>0</selfclosing>
<titlebartext></titlebartext>
<customblockscan>1</customblockscan>
<predictionsource>0</predictionsource>
<oskcellratio>0</oskcellratio>
<symbolgridrows>1</symbolgridrows>
<symbolgridcols>11</symbolgridcols>
<background style="0">
<backcolour>14737632</backcolour>
<backcolour2>14737632</backcolour2>
</background>
<cells>
<cell x="1" y="1">
<caption><![CDATA[go back]]></caption>
<tooltip><![CDATA[go back]]></tooltip>
<picture>[GRID2X]jump.back.wmf</picture>
<scanblock>1</scanblock>
<directactivate>1</directactivate>
<hidden>0</hidden>
<stylepreset>Jump Home &amp; back</stylepreset>
<commands>
<command>
<id>jump.back</id>
</command>
</commands>
</cell>
<cell x="2" y="1">
<magnifyx>3</magnifyx>
<scanblock>1</scanblock>
<hidden>0</hidden>
<stylepreset>Blank cell (no style)</stylepreset>
</cell>
<cell x="3" y="1">
<scanblock>1</scanblock>
<hidden>0</hidden>
<stylepreset>Blank cell (no style)</stylepreset>
</cell>
<cell x="4" y="1">
<scanblock>1</scanblock>
<hidden>0</hidden>
<stylepreset>Blank cell (no style)</stylepreset>
</cell>
<cell x="5" y="1">
<caption><![CDATA[backspace]]></caption>
<tooltip><![CDATA[backspace]]></tooltip>
<picture>png</picture>
<scanblock>1</scanblock>
<hidden>0</hidden>
<stylepreset>Action cell</stylepreset>
<commands>
<command>
<id>type</id>
<parameter index="1"><![CDATA[{backspace}]]></parameter>
</command>
</commands>
</cell>
<cell x="6" y="1">
<caption><![CDATA[rub out]]></caption>
<tooltip><![CDATA[rub out]]></tooltip>
<picture>[GRID2X]type.deleteword.wmf</picture>
<scanblock>1</scanblock>
<hidden>0</hidden>
<stylepreset>Action cell</stylepreset>
<commands>
<command>
<id>type.deleteword</id>
</command>
</commands>
</cell>
<cell x="7" y="1">
<caption><![CDATA[speak]]></caption>
<tooltip><![CDATA[speak]]></tooltip>
<picture>[GRID2X]action.speakall.wmf</picture>
<scanblock>1</scanblock>
<directactivate>5</directactivate>
<hidden>0</hidden>
<stylepreset>Action cell</stylepreset>
<commands>
<command>
<id>action.speakall</id>
</command>
</commands>
</cell>
<cell x="1" y="2">
<tooltip><![CDATA[a]]></tooltip>
<picture>png</picture>
<scanblock>2</scanblock>
<hidden>0</hidden>
<stylepreset>Vowels</stylepreset>
<commands>
<command>
<id>type</id>
<parameter index="1"><![CDATA[a]]></parameter>
</command>
</commands>
</cell>
<cell x="2" y="2">
<tooltip><![CDATA[b]]></tooltip>
<picture>png</picture>
<scanblock>2</scanblock>
<hidden>0</hidden>
<stylepreset>Keyboard key</stylepreset>
<commands>
<command>
<id>type</id>
<parameter index="1"><![CDATA[b]]></parameter>
</command>
</commands>
</cell>
<cell x="3" y="2">
<tooltip><![CDATA[c]]></tooltip>
<picture>png</picture>
<scanblock>2</scanblock>
<hidden>0</hidden>
<stylepreset>Keyboard key</stylepreset>
<commands>
<command>
<id>type</id>
<parameter index="1"><![CDATA[c]]></parameter>
</command>
</commands>
</cell>
<cell x="4" y="2">
<tooltip><![CDATA[d]]></tooltip>
<picture>png</picture>
<scanblock>2</scanblock>
<hidden>0</hidden>
<stylepreset>Keyboard key</stylepreset>
<commands>
<command>
<id>type</id>
<parameter index="1"><![CDATA[d]]></parameter>
</command>
</commands>
</cell>
<cell x="5" y="2">
<tooltip><![CDATA[e]]></tooltip>
<picture>png</picture>
<scanblock>2</scanblock>
<hidden>0</hidden>
<stylepreset>Vowels</stylepreset>
<commands>
<command>
<id>type</id>
<parameter index="1"><![CDATA[e]]></parameter>
</command>
</commands>
</cell>
<cell x="6" y="2">
<tooltip><![CDATA[f]]></tooltip>
<picture>png</picture>
<scanblock>2</scanblock>
<hidden>0</hidden>
<stylepreset>Keyboard key</stylepreset>
<commands>
<command>
<id>type</id>
<parameter index="1"><![CDATA[f]]></parameter>
</command>
</commands>
</cell>
<cell x="7" y="2">
<tooltip><![CDATA[g]]></tooltip>
<picture>png</picture>
<scanblock>2</scanblock>
<hidden>0</hidden>
<stylepreset>Keyboard key</stylepreset>
<commands>
<command>
<id>type</id>
<parameter index="1"><![CDATA[g]]></parameter>
</command>
</commands>
</cell>
<cell x="1" y="3">
<tooltip><![CDATA[h]]></tooltip>
<picture>png</picture>
<scanblock>2</scanblock>
<hidden>0</hidden>
<stylepreset>Keyboard key</stylepreset>
<commands>
<command>
<id>type</id>
<parameter index="1"><![CDATA[h]]></parameter>
</command>
</commands>
</cell>
<cell x="2" y="3">
<tooltip><![CDATA[i]]></tooltip>
<picture>png</picture>
<scanblock>2</scanblock>
<hidden>0</hidden>
<stylepreset>Vowels</stylepreset>
<commands>
<command>
<id>type</id>
<parameter index="1"><![CDATA[i]]></parameter>
</command>
</commands>
</cell>
<cell x="3" y="3">
<tooltip><![CDATA[j]]></tooltip>
<picture>png</picture>
<scanblock>2</scanblock>
<hidden>0</hidden>
<stylepreset>Keyboard key</stylepreset>
<commands>
<command>
<id>type</id>
<parameter index="1"><![CDATA[j]]></parameter>
</command>
</commands>
</cell>
<cell x="4" y="3">
<tooltip><![CDATA[k]]></tooltip>
<picture>png</picture>
<scanblock>2</scanblock>
<hidden>0</hidden>
<stylepreset>Keyboard key</stylepreset>
<commands>
<command>
<id>type</id>
<parameter index="1"><![CDATA[k]]></parameter>
</command>
</commands>
</cell>
<cell x="5" y="3">
<tooltip><![CDATA[l]]></tooltip>
<picture>png</picture>
<scanblock>2</scanblock>
<hidden>0</hidden>
<stylepreset>Keyboard key</stylepreset>
<commands>
<command>
<id>type</id>
<parameter index="1"><![CDATA[l]]></parameter>
</command>
</commands>
</cell>
<cell x="6" y="3">
<tooltip><![CDATA[m]]></tooltip>
<picture>png</picture>
<scanblock>2</scanblock>
<hidden>0</hidden>
<stylepreset>Keyboard key</stylepreset>
<commands>
<command>
<id>type</id>
<parameter index="1"><![CDATA[m]]></parameter>
</command>
</commands>
</cell>
<cell x="7" y="3">
<tooltip><![CDATA[n]]></tooltip>
<picture>png</picture>
<scanblock>2</scanblock>
<hidden>0</hidden>
<stylepreset>Keyboard key</stylepreset>
<commands>
<command>
<id>type</id>
<parameter index="1"><![CDATA[n]]></parameter>
</command>
</commands>
</cell>
<cell x="1" y="4">
<tooltip><![CDATA[o]]></tooltip>
<picture>png</picture>
<scanblock>2</scanblock>
<hidden>0</hidden>
<stylepreset>Vowels</stylepreset>
<commands>
<command>
<id>type</id>
<parameter index="1"><![CDATA[o]]></parameter>
</command>
</commands>
</cell>
<cell x="2" y="4">
<tooltip><![CDATA[p]]></tooltip>
<picture>png</picture>
<scanblock>2</scanblock>
<hidden>0</hidden>
<stylepreset>Keyboard key</stylepreset>
<commands>
<command>
<id>type</id>
<parameter index="1"><![CDATA[p]]></parameter>
</command>
</commands>
</cell>
<cell x="3" y="4">
<tooltip><![CDATA[q]]></tooltip>
<picture>png</picture>
<scanblock>2</scanblock>
<directactivate>8</directactivate>
<hidden>0</hidden>
<stylepreset>Keyboard key</stylepreset>
<commands>
<command>
<id>type</id>
<parameter index="1"><![CDATA[q]]></parameter>
</command>
</commands>
</cell>
<cell x="4" y="4">
<tooltip><![CDATA[r]]></tooltip>
<picture>png</picture>
<scanblock>2</scanblock>
<hidden>0</hidden>
<stylepreset>Keyboard key</stylepreset>
<commands>
<command>
<id>type</id>
<parameter index="1"><![CDATA[r]]></parameter>
</command>
</commands>
</cell>
<cell x="5" y="4">
<tooltip><![CDATA[s]]></tooltip>
<picture>png</picture>
<scanblock>2</scanblock>
<hidden>0</hidden>
<stylepreset>Keyboard key</stylepreset>
<commands>
<command>
<id>type</id>
<parameter index="1"><![CDATA[s]]></parameter>
</command>
</commands>
</cell>
<cell x="6" y="4">
<tooltip><![CDATA[t]]></tooltip>
<picture>png</picture>
<scanblock>2</scanblock>
<hidden>0</hidden>
<stylepreset>Keyboard key</stylepreset>
<commands>
<command>
<id>type</id>
<parameter index="1"><![CDATA[t]]></parameter>
</command>
</commands>
</cell>
<cell x="7" y="4">
<tooltip><![CDATA[u]]></tooltip>
<picture>png</picture>
<scanblock>2</scanblock>
<hidden>0</hidden>
<stylepreset>Vowels</stylepreset>
<commands>
<command>
<id>type</id>
<parameter index="1"><![CDATA[u]]></parameter>
</command>
</commands>
</cell>
<cell x="1" y="5">
<tooltip><![CDATA[v]]></tooltip>
<picture>png</picture>
<scanblock>2</scanblock>
<hidden>0</hidden>
<stylepreset>Keyboard key</stylepreset>
<commands>
<command>
<id>type</id>
<parameter index="1"><![CDATA[v]]></parameter>
</command>
</commands>
</cell>
<cell x="2" y="5">
<tooltip><![CDATA[w]]></tooltip>
<picture>png</picture>
<scanblock>2</scanblock>
<hidden>0</hidden>
<stylepreset>Keyboard key</stylepreset>
<commands>
<command>
<id>type</id>
<parameter index="1"><![CDATA[w]]></parameter>
</command>
</commands>
</cell>
<cell x="3" y="5">
<tooltip><![CDATA[x]]></tooltip>
<picture>png</picture>
<scanblock>2</scanblock>
<hidden>0</hidden>
<stylepreset>Keyboard key</stylepreset>
<commands>
<command>
<id>type</id>
<parameter index="1"><![CDATA[x]]></parameter>
</command>
</commands>
</cell>
<cell x="4" y="5">
<tooltip><![CDATA[y]]></tooltip>
<picture>png</picture>
<scanblock>2</scanblock>
<hidden>0</hidden>
<stylepreset>Keyboard key</stylepreset>
<commands>
<command>
<id>type</id>
<parameter index="1"><![CDATA[y]]></parameter>
</command>
</commands>
</cell>
<cell x="5" y="5">
<tooltip><![CDATA[z]]></tooltip>
<picture>png</picture>
<scanblock>2</scanblock>
<hidden>0</hidden>
<stylepreset>Keyboard key</stylepreset>
<commands>
<command>
<id>type</id>
<parameter index="1"><![CDATA[z]]></parameter>
</command>
</commands>
</cell>
<cell x="6" y="5">
<caption><![CDATA[space]]></caption>
<tooltip><![CDATA[space]]></tooltip>
<picture>[GRID2X]keyboard space.wmf</picture>
<scanblock>4</scanblock>
<hidden>0</hidden>
<stylepreset>Auto content cell</stylepreset>
<commands>
<command>
<id>type</id>
<parameter index="1"><![CDATA[ ]]></parameter>
</command>
</commands>
</cell>
<cell x="7" y="5">
<tooltip><![CDATA[Punctuation]]></tooltip>
<picture>[WIDGIT]widgit rebus\p\punctuation.emf</picture>
<scanblock>4</scanblock>
<hidden>0</hidden>
<stylepreset>Jump cell</stylepreset>
<commands>
<command>
<id>jump.to</id>
<parameter index="1"><![CDATA[Keyboard - Punctuation]]></parameter>
</command>
</commands>
</cell>
</cells>
</grid>
</sensorygrid>
