<?xml version="1.0" encoding="utf-8" ?>

<sensorygrid>
<grid workspace_x="3" workspace_y="1">
<rows>5</rows>
<cols>7</cols>
<selfclosing>0</selfclosing>
<titlebartext></titlebartext>
<customblockscan>1</customblockscan>
<predictionsource>0</predictionsource>
<oskcellratio>0</oskcellratio>
<background style="0">
<backcolour>14737632</backcolour>
<backcolour2>14737632</backcolour2>
</background>
<cells>
<cell x="1" y="1">
<caption><![CDATA[go back]]></caption>
<tooltip><![CDATA[go back]]></tooltip>
<picture>[GRID2X]jump.back.wmf</picture>
<scanblock>1</scanblock>
<directactivate>1</directactivate>
<hidden>0</hidden>
<stylepreset>Jump Home &amp; back</stylepreset>
<commands>
<command>
<id>jump.back</id>
</command>
</commands>
</cell>
<cell x="2" y="1">
<caption><![CDATA[Sentence Starters]]></caption>
<tooltip><![CDATA[Sentence Starters]]></tooltip>
<scanblock>1</scanblock>
<hidden>0</hidden>
<stylepreset>Self Closing Page</stylepreset>
<commands>
<command>
<id>jump.to</id>
<parameter index="1"><![CDATA[Sentence Starters]]></parameter>
</command>
</commands>
</cell>
<cell x="3" y="1">
<magnifyx>3</magnifyx>
<scanblock>1</scanblock>
<hidden>0</hidden>
<stylepreset>Blank cell (no style)</stylepreset>
</cell>
<cell x="4" y="1">
<scanblock>1</scanblock>
<hidden>0</hidden>
<stylepreset>Blank cell (no style)</stylepreset>
</cell>
<cell x="5" y="1">
<scanblock>1</scanblock>
<hidden>0</hidden>
<stylepreset>Blank cell (no style)</stylepreset>
</cell>
<cell x="6" y="1">
<caption><![CDATA[rub out]]></caption>
<tooltip><![CDATA[rub out]]></tooltip>
<picture>[GRID2X]type.deleteword.wmf</picture>
<scanblock>1</scanblock>
<hidden>0</hidden>
<stylepreset>Action cell</stylepreset>
<commands>
<command>
<id>type.deleteword</id>
</command>
</commands>
</cell>
<cell x="7" y="1">
<caption><![CDATA[clear]]></caption>
<tooltip><![CDATA[clear]]></tooltip>
<picture>[GRID2X]action.clear.wmf</picture>
<scanblock>1</scanblock>
<directactivate>5</directactivate>
<hidden>0</hidden>
<stylepreset>Action cell</stylepreset>
<commands>
<command>
<id>action.clear</id>
</command>
</commands>
</cell>
<cell x="1" y="2">
<scanblock>2</scanblock>
<hidden>0</hidden>
<stylepreset>Blank cell (no style)</stylepreset>
</cell>
<cell x="2" y="2">
<caption><![CDATA[sausage?]]></caption>
<tooltip><![CDATA[How do you make a sausage roll?]]></tooltip>
<picture>[WIDGIT]widgit rebus\s\sausage roll.emf</picture>
<scanblock>2</scanblock>
<hidden>0</hidden>
<stylepreset>Starter</stylepreset>
<commands>
<command>
<id>type</id>
<parameter index="1"><![CDATA[How do you make a sausage roll? ]]></parameter>
</command>
</commands>
</cell>
<cell x="3" y="2">
<caption><![CDATA[hill]]></caption>
<tooltip><![CDATA[Push it down a hill]]></tooltip>
<picture>[WIDGIT]widgit rebus\h\hill.emf</picture>
<scanblock>2</scanblock>
<directactivate>6</directactivate>
<hidden>0</hidden>
<stylepreset>Vocab cell</stylepreset>
<commands>
<command>
<id>type</id>
<parameter index="1"><![CDATA[Push it down a hill. ]]></parameter>
</command>
</commands>
</cell>
<cell x="4" y="2">
<scanblock>2</scanblock>
<hidden>0</hidden>
<stylepreset>Blank cell (no style)</stylepreset>
</cell>
<cell x="5" y="2">
<caption><![CDATA[wrinkled?]]></caption>
<tooltip><![CDATA[Why are elephants wrinkled?]]></tooltip>
<picture>[WIDGIT]widgit rebus\e\elephant.emf</picture>
<scanblock>2</scanblock>
<hidden>0</hidden>
<stylepreset>Starter</stylepreset>
<commands>
<command>
<id>type</id>
<parameter index="1"><![CDATA[Why are elephants wrinkled? ]]></parameter>
</command>
</commands>
</cell>
<cell x="6" y="2">
<caption><![CDATA[iron one?]]></caption>
<tooltip><![CDATA[Have you ever tried to iron one?]]></tooltip>
<picture>[WIDGIT]widgit rebus\i\ironing.emf</picture>
<scanblock>2</scanblock>
<hidden>0</hidden>
<stylepreset>Vocab cell</stylepreset>
<commands>
<command>
<id>type</id>
<parameter index="1"><![CDATA[Have you ever tried to iron one? ]]></parameter>
</command>
</commands>
</cell>
<cell x="7" y="2">
<scanblock>4</scanblock>
<hidden>0</hidden>
<stylepreset>Blank cell (no style)</stylepreset>
</cell>
<cell x="1" y="3">
<scanblock>2</scanblock>
<hidden>0</hidden>
<stylepreset>Blank cell (no style)</stylepreset>
</cell>
<cell x="2" y="3">
<caption><![CDATA[jelly wobble?]]></caption>
<tooltip><![CDATA[Why did the jelly wobble?]]></tooltip>
<picture>[WIDGIT]widgit rebus\j\jelly.emf</picture>
<scanblock>2</scanblock>
<hidden>0</hidden>
<stylepreset>Starter</stylepreset>
<commands>
<command>
<id>type</id>
<parameter index="1"><![CDATA[Why did the jelly wobble? ]]></parameter>
</command>
</commands>
</cell>
<cell x="3" y="3">
<caption><![CDATA[ milkshake]]></caption>
<tooltip><![CDATA[because it saw the milkshake]]></tooltip>
<picture>[WIDGIT]widgit rebus\m\milk shake.emf</picture>
<scanblock>2</scanblock>
<hidden>0</hidden>
<stylepreset>Vocab cell</stylepreset>
<commands>
<command>
<id>type</id>
<parameter index="1"><![CDATA[because it saw the milkshake. ]]></parameter>
</command>
</commands>
</cell>
<cell x="4" y="3">
<scanblock>2</scanblock>
<hidden>0</hidden>
<stylepreset>Blank cell (no style)</stylepreset>
</cell>
<cell x="5" y="3">
<caption><![CDATA[cards jungle?]]></caption>
<tooltip><![CDATA[Why is it hard to play cards in the jungle?]]></tooltip>
<picture>[WIDGIT]widgit rebus\c\cards.emf</picture>
<scanblock>2</scanblock>
<hidden>0</hidden>
<stylepreset>Starter</stylepreset>
<commands>
<command>
<id>type</id>
<parameter index="1"><![CDATA[Why is it hard to play cards in the jungle? ]]></parameter>
</command>
</commands>
</cell>
<cell x="6" y="3">
<caption><![CDATA[cheetahs]]></caption>
<tooltip><![CDATA[There are too many cheetahs!]]></tooltip>
<picture>[WIDGIT]widgit rebus 07\symbols 7b\cheetah.emf</picture>
<scanblock>2</scanblock>
<hidden>0</hidden>
<stylepreset>Vocab cell</stylepreset>
<commands>
<command>
<id>type</id>
<parameter index="1"><![CDATA[There are too many cheetahs! ]]></parameter>
</command>
</commands>
</cell>
<cell x="7" y="3">
<scanblock>4</scanblock>
<hidden>0</hidden>
<stylepreset>Blank cell (no style)</stylepreset>
</cell>
<cell x="1" y="4">
<scanblock>2</scanblock>
<hidden>0</hidden>
<stylepreset>Blank cell (no style)</stylepreset>
</cell>
<cell x="2" y="4">
<caption><![CDATA[blind dinosaur?]]></caption>
<tooltip><![CDATA[What do you call a blind dinosaur?]]></tooltip>
<picture>[WIDGIT]widgit rebus\t\tyrannosaurus.emf</picture>
<scanblock>2</scanblock>
<hidden>0</hidden>
<stylepreset>Starter</stylepreset>
<commands>
<command>
<id>type</id>
<parameter index="1"><![CDATA[What do you call a blind dinosaur? ]]></parameter>
</command>
</commands>
</cell>
<cell x="3" y="4">
<caption><![CDATA[saw us]]></caption>
<tooltip><![CDATA[do you think he saw us]]></tooltip>
<picture>[WIDGIT]widgit rebus\s\see.emf</picture>
<scanblock>2</scanblock>
<hidden>0</hidden>
<stylepreset>Vocab cell</stylepreset>
<commands>
<command>
<id>type</id>
<parameter index="1"><![CDATA[do you think he saw us? ]]></parameter>
</command>
</commands>
</cell>
<cell x="4" y="4">
<scanblock>2</scanblock>
<hidden>0</hidden>
<stylepreset>Blank cell (no style)</stylepreset>
</cell>
<cell x="5" y="4">
<caption><![CDATA[crocodiles game ]]></caption>
<tooltip><![CDATA[What is a crocodiles favourite game?  ]]></tooltip>
<picture>[WIDGIT]widgit rebus\c\crocodile.emf</picture>
<scanblock>2</scanblock>
<hidden>0</hidden>
<stylepreset>Starter</stylepreset>
<commands>
<command>
<id>type</id>
<parameter index="1"><![CDATA[What is a crocodiles favourite game? ]]></parameter>
</command>
</commands>
</cell>
<cell x="6" y="4">
<caption><![CDATA[Snap]]></caption>
<tooltip><![CDATA[Snap]]></tooltip>
<picture>[WIDGIT]widgit rebus 08\symbols 8a\snap.emf</picture>
<scanblock>2</scanblock>
<hidden>0</hidden>
<stylepreset>Vocab cell</stylepreset>
<commands>
<command>
<id>type</id>
<parameter index="1"><![CDATA[Snap! ]]></parameter>
</command>
</commands>
</cell>
<cell x="7" y="4">
<scanblock>4</scanblock>
<hidden>0</hidden>
<stylepreset>Blank cell (no style)</stylepreset>
</cell>
<cell x="1" y="5">
<scanblock>2</scanblock>
<hidden>0</hidden>
<stylepreset>Blank cell (no style)</stylepreset>
</cell>
<cell x="2" y="5">
<scanblock>2</scanblock>
<hidden>0</hidden>
<stylepreset>Blank cell (no style)</stylepreset>
</cell>
<cell x="3" y="5">
<scanblock>2</scanblock>
<hidden>0</hidden>
<stylepreset>Blank cell (no style)</stylepreset>
</cell>
<cell x="4" y="5">
<scanblock>2</scanblock>
<hidden>0</hidden>
<stylepreset>Blank cell (no style)</stylepreset>
</cell>
<cell x="5" y="5">
<scanblock>2</scanblock>
<hidden>0</hidden>
<stylepreset>Blank cell (no style)</stylepreset>
</cell>
<cell x="6" y="5">
<scanblock>2</scanblock>
<hidden>0</hidden>
<stylepreset>Blank cell (no style)</stylepreset>
</cell>
<cell x="7" y="5">
<caption><![CDATA[home]]></caption>
<tooltip><![CDATA[home]]></tooltip>
<picture>[GRID2X]jump.home.wmf</picture>
<scanblock>4</scanblock>
<directactivate>2</directactivate>
<hidden>0</hidden>
<stylepreset>Jump Home &amp; back</stylepreset>
<commands>
<command>
<id>jump.home</id>
</command>
</commands>
</cell>
</cells>
</grid>
</sensorygrid>
