<?xml version="1.0" encoding="utf-8" ?>

<wordlist>
<word>
<wordtext><![CDATA[bowl ]]></wordtext>
<picturefile>[WIDGIT]widgit rebus\a\animal bowl 1.emf</picturefile>
</word>
<word>
<wordtext><![CDATA[feed ]]></wordtext>
<picturefile>[WIDGIT]widgit rebus\f\feed dog.emf</picturefile>
</word>
<word>
<wordtext><![CDATA[lead ]]></wordtext>
<picturefile>[WIDGIT]widgit rebus\l\lead.emf</picturefile>
</word>
<word>
<wordtext><![CDATA[vet ]]></wordtext>
<picturefile>[WIDGIT]widgit rebus\v\vets 1.emf</picturefile>
</word>
<word>
<wordtext><![CDATA[vaccinate ]]></wordtext>
<picturefile>[WIDGIT]widgit rebus\i\injection.emf</picturefile>
</word>
<word>
<wordtext><![CDATA[climb ]]></wordtext>
<picturefile>[WIDGIT]widgit rebus\c\climb.emf</picturefile>
</word>
<word>
<wordtext><![CDATA[crawl ]]></wordtext>
<picturefile>[WIDGIT]widgit rebus\c\crawl.emf</picturefile>
</word>
<word>
<wordtext><![CDATA[fly ]]></wordtext>
<picturefile>[WIDGIT]widgit rebus\f\fly 1.emf</picturefile>
</word>
<word>
<wordtext><![CDATA[walk ]]></wordtext>
<picturefile>[WIDGIT]widgit rebus\w\walk.emf</picturefile>
</word>
<word>
<wordtext><![CDATA[whiskers ]]></wordtext>
<picturefile>[WIDGIT]widgit rebus\w\whiskers 1.emf</picturefile>
</word>
<word>
<wordtext><![CDATA[fur ]]></wordtext>
<picturefile>[WIDGIT]widgit rebus\f\fur.emf</picturefile>
</word>
<word>
<wordtext><![CDATA[paw ]]></wordtext>
<picturefile>[WIDGIT]widgit rebus\p\paw.emf</picturefile>
</word>
<word>
<wordtext><![CDATA[hoof ]]></wordtext>
<picturefile>[WIDGIT]widgit rebus\h\hoof.emf</picturefile>
</word>
<word>
<wordtext><![CDATA[horns ]]></wordtext>
<picturefile>[WIDGIT]widgit rebus\h\horns.emf</picturefile>
</word>
<word>
<wordtext><![CDATA[mane ]]></wordtext>
<picturefile>[WIDGIT]widgit rebus\a\animal hair.emf</picturefile>
</word>
<word>
<wordtext><![CDATA[scales ]]></wordtext>
<picturefile>[WIDGIT]widgit rebus\s\scales4.emf</picturefile>
</word>
<word>
<wordtext><![CDATA[beak ]]></wordtext>
<picturefile>[WIDGIT]widgit rebus\b\beak.emf</picturefile>
</word>
<word>
<wordtext><![CDATA[claws ]]></wordtext>
<picturefile>[WIDGIT]widgit rebus\c\claw.emf</picturefile>
</word>
<word>
<wordtext><![CDATA[feather ]]></wordtext>
<picturefile>[WIDGIT]widgit rebus\f\feather.emf</picturefile>
</word>
<word>
<wordtext><![CDATA[wing ]]></wordtext>
<picturefile>[WIDGIT]widgit rebus\w\wing.emf</picturefile>
</word>
<word>
<wordtext><![CDATA[lay ]]></wordtext>
<picturefile>[WIDGIT]widgit rebus\l\lay.emf</picturefile>
</word>
<word>
<wordtext><![CDATA[egg ]]></wordtext>
<picturefile>[WIDGIT]widgit rebus\e\egg.emf</picturefile>
</word>
<word>
<wordtext><![CDATA[live birth ]]></wordtext>
<picturefile>[WIDGIT]widgit rebus\b\birth.emf</picturefile>
</word>
<word>
<wordtext><![CDATA[wild animal ]]></wordtext>
<picturefile>[WIDGIT]widgit rebus\w\wild animals.emf</picturefile>
</word>
<word>
<wordtext><![CDATA[mammal ]]></wordtext>
<picturefile>[WIDGIT]widgit rebus\m\mammal.emf</picturefile>
</word>
<word>
<wordtext><![CDATA[reptile ]]></wordtext>
<picturefile>[WIDGIT]widgit rebus\r\reptiles.emf</picturefile>
</word>
<word>
<wordtext><![CDATA[cold blooded ]]></wordtext>
<picturefile>[WIDGIT]widgit rebus\s\shiver.emf</picturefile>
</word>
<word>
<wordtext><![CDATA[warm blooded ]]></wordtext>
<picturefile>[WIDGIT]widgit rebus 06\symbols 6a\warm.emf</picturefile>
</word>
<word>
<wordtext><![CDATA[food chain ]]></wordtext>
<picturefile>[WIDGIT]widgit rebus topics\science maths 2\food chain.emf</picturefile>
</word>
<word>
<wordtext><![CDATA[carnivore ]]></wordtext>
<picturefile>[WIDGIT]widgit rebus\c\carnivore.emf</picturefile>
</word>
<word>
<wordtext><![CDATA[herbivore ]]></wordtext>
<picturefile>[WIDGIT]widgit rebus\h\herbivore.emf</picturefile>
</word>
<word>
<wordtext><![CDATA[omnivore ]]></wordtext>
<picturefile>[WIDGIT]widgit rebus 07\symbols 7b\omnivore.emf</picturefile>
</word>
<word>
<wordtext><![CDATA[invertebrate ]]></wordtext>
<picturefile>[WIDGIT]widgit rebus topics\science maths\invertebrate.emf</picturefile>
</word>
<word>
<wordtext><![CDATA[vertebrate ]]></wordtext>
<picturefile>[WIDGIT]widgit rebus\s\spine.emf</picturefile>
</word>
<word>
<wordtext><![CDATA[nocturnal ]]></wordtext>
<picturefile>[WIDGIT]widgit rebus 09\symbols 9b\nocturnal.emf</picturefile>
</word>
</wordlist>
