<?xml version="1.0" encoding="utf-8" ?>

<wordlist>
<word>
<wordtext><![CDATA[friend ]]></wordtext>
<picturefile>[WIDGIT]widgit rebus\f\friend.emf</picturefile>
</word>
<word>
<wordtext><![CDATA[best friend ]]></wordtext>
<picturefile>[WIDGIT]widgit rebus 05\symbols 5a\bestfriend.emf</picturefile>
</word>
<word>
<wordtext><![CDATA[boyfriend ]]></wordtext>
<picturefile>[WIDGIT]widgit rebus\b\boyfriend.emf</picturefile>
</word>
<word>
<wordtext><![CDATA[girlfriend ]]></wordtext>
<picturefile>[WIDGIT]widgit rebus\g\girlfriend.emf</picturefile>
</word>
</wordlist>
