<?xml version="1.0" encoding="utf-8" ?>

<wordlist>
<word>
<wordtext><![CDATA[Monday ]]></wordtext>
<picturefile>[WIDGIT]england\uk wrebus\monday c.emf</picturefile>
</word>
<word>
<wordtext><![CDATA[Tuesday ]]></wordtext>
<picturefile>[WIDGIT]england\uk wrebus\tuesday c.emf</picturefile>
</word>
<word>
<wordtext><![CDATA[Wednesday ]]></wordtext>
<picturefile>[WIDGIT]england\uk wrebus\wednesday c.emf</picturefile>
</word>
<word>
<wordtext><![CDATA[Thursday ]]></wordtext>
<picturefile>[WIDGIT]england\uk wrebus\thursday c.emf</picturefile>
</word>
<word>
<wordtext><![CDATA[Friday ]]></wordtext>
<picturefile>[WIDGIT]england\uk wrebus\friday c.emf</picturefile>
</word>
<word>
<wordtext><![CDATA[Saturday ]]></wordtext>
<picturefile>[WIDGIT]england\uk wrebus\saturday c.emf</picturefile>
</word>
<word>
<wordtext><![CDATA[Sunday ]]></wordtext>
<picturefile>[WIDGIT]england\uk wrebus\sunday c.emf</picturefile>
</word>
<word>
<wordtext><![CDATA[weekend ]]></wordtext>
<picturefile>[WIDGIT]widgit rebus\w\weekend 1.emf</picturefile>
</word>
<word>
<wordtext><![CDATA[today ]]></wordtext>
<picturefile>[WIDGIT]widgit rebus\t\today.emf</picturefile>
</word>
<word>
<wordtext><![CDATA[yesterday ]]></wordtext>
<picturefile>[WIDGIT]widgit rebus\y\yesterday.emf</picturefile>
</word>
<word>
<wordtext><![CDATA[tomorrow ]]></wordtext>
<picturefile>[WIDGIT]widgit rebus\t\tomorrow.emf</picturefile>
</word>
<word>
<wordtext><![CDATA[day ]]></wordtext>
<picturefile>[WIDGIT]widgit rebus\d\day.emf</picturefile>
</word>
</wordlist>
