<?xml version="1.0" encoding="utf-8" ?>

<wordlist>
<word>
<wordtext><![CDATA[is ]]></wordtext>
<picturefile>[WIDGIT]widgit rebus\i\is.emf</picturefile>
</word>
<word>
<wordtext><![CDATA[am ]]></wordtext>
<picturefile>[WIDGIT]widgit rebus\i\is.emf</picturefile>
</word>
<word>
<wordtext><![CDATA[are ]]></wordtext>
<picturefile>[WIDGIT]widgit rebus\e\equal.emf</picturefile>
</word>
<word>
<wordtext><![CDATA[be ]]></wordtext>
<picturefile>[WIDGIT]widgit rebus\i\is.emf</picturefile>
</word>
<word>
<wordtext><![CDATA[will ]]></wordtext>
<picturefile>[WIDGIT]widgit rebus 06\symbols 6b\will.emf</picturefile>
</word>
<word>
<wordtext><![CDATA[do ]]></wordtext>
<picturefile>[WIDGIT]widgit rebus\d\do.emf</picturefile>
</word>
<word>
<wordtext><![CDATA[have ]]></wordtext>
<picturefile>[WIDGIT]widgit rebus\h\have.emf</picturefile>
</word>
<word>
<wordtext><![CDATA[had ]]></wordtext>
<picturefile>[WIDGIT]widgit rebus\a\ago.emf</picturefile>
</word>
<word>
<wordtext><![CDATA[has ]]></wordtext>
<picturefile>[WIDGIT]widgit rebus\h\have.emf</picturefile>
</word>
<word>
<wordtext><![CDATA[like ]]></wordtext>
<picturefile>[WIDGIT]widgit rebus\l\like.emf</picturefile>
</word>
<word>
<wordtext><![CDATA[want ]]></wordtext>
<picturefile>[WIDGIT]widgit rebus\w\want 3.emf</picturefile>
</word>
<word>
<wordtext><![CDATA[eat ]]></wordtext>
<picturefile>[WIDGIT]widgit rebus\e\eat.emf</picturefile>
</word>
<word>
<wordtext><![CDATA[drink ]]></wordtext>
<picturefile>[WIDGIT]widgit rebus\d\drink.emf</picturefile>
</word>
<word>
<wordtext><![CDATA[say ]]></wordtext>
<picturefile>[WIDGIT]widgit rebus\s\say.emf</picturefile>
</word>
<word>
<wordtext><![CDATA[think ]]></wordtext>
<picturefile>[WIDGIT]widgit rebus\t\think.emf</picturefile>
</word>
<word>
<wordtext><![CDATA[know ]]></wordtext>
<picturefile>[WIDGIT]widgit rebus\k\know.emf</picturefile>
</word>
<word>
<wordtext><![CDATA[come ]]></wordtext>
<picturefile>[WIDGIT]widgit rebus\c\come.emf</picturefile>
</word>
<word>
<wordtext><![CDATA[go ]]></wordtext>
<picturefile>[WIDGIT]widgit rebus\g\go.emf</picturefile>
</word>
<word>
<wordtext><![CDATA[see ]]></wordtext>
<picturefile>[WIDGIT]widgit rebus\s\see.emf</picturefile>
</word>
<word>
<wordtext><![CDATA[get ]]></wordtext>
<picturefile>[WIDGIT]widgit rebus\g\get 1.emf</picturefile>
</word>
<word>
<wordtext><![CDATA[give ]]></wordtext>
<picturefile>[WIDGIT]widgit rebus\g\give.emf</picturefile>
</word>
<word>
<wordtext><![CDATA[take ]]></wordtext>
<picturefile>[WIDGIT]widgit rebus\t\take.emf</picturefile>
</word>
<word>
<wordtext><![CDATA[use ]]></wordtext>
<picturefile>[WIDGIT]widgit rebus\u\use.emf</picturefile>
</word>
<word>
<wordtext><![CDATA[bring ]]></wordtext>
<picturefile>[WIDGIT]widgit rebus\b\bring.emf</picturefile>
</word>
<word>
<wordtext><![CDATA[make ]]></wordtext>
<picturefile>[WIDGIT]widgit rebus\m\make 1.emf</picturefile>
</word>
<word>
<wordtext><![CDATA[break ]]></wordtext>
<picturefile>[WIDGIT]widgit rebus\b\break.emf</picturefile>
</word>
<word>
<wordtext><![CDATA[agree ]]></wordtext>
<picturefile>[WIDGIT]widgit rebus\a\agree.emf</picturefile>
</word>
<word>
<wordtext><![CDATA[answer ]]></wordtext>
<picturefile>[WIDGIT]widgit rebus 05\symbols 5a\answer.emf</picturefile>
</word>
<word>
<wordtext><![CDATA[decide ]]></wordtext>
<picturefile>[WIDGIT]widgit rebus\c\choice.emf</picturefile>
</word>
<word>
<wordtext><![CDATA[suggest ]]></wordtext>
<picturefile>[WIDGIT]widgit rebus 04\symbols a\clue.emf</picturefile>
</word>
<word>
<wordtext><![CDATA[show ]]></wordtext>
<picturefile>[WIDGIT]widgit rebus\s\show.emf</picturefile>
</word>
<word>
<wordtext><![CDATA[help ]]></wordtext>
<picturefile>[WIDGIT]widgit rebus\h\help write.emf</picturefile>
</word>
<word>
<wordtext><![CDATA[stop ]]></wordtext>
<picturefile>[WIDGIT]widgit rebus\s\stop.emf</picturefile>
</word>
<word>
<wordtext><![CDATA[wait ]]></wordtext>
<picturefile>[WIDGIT]widgit rebus\w\wait.emf</picturefile>
</word>
<word>
<wordtext><![CDATA[sit ]]></wordtext>
<picturefile>[WIDGIT]widgit rebus\s\sit.emf</picturefile>
</word>
<word>
<wordtext><![CDATA[stand ]]></wordtext>
<picturefile>[WIDGIT]widgit rebus\s\stand.emf</picturefile>
</word>
<word>
<wordtext><![CDATA[need ]]></wordtext>
<picturefile>[WIDGIT]widgit rebus\n\need.emf</picturefile>
</word>
<word>
<wordtext><![CDATA[move ]]></wordtext>
<picturefile>[WIDGIT]widgit rebus\m\move.emf</picturefile>
</word>
<word>
<wordtext><![CDATA[fall ]]></wordtext>
<picturefile>[WIDGIT]widgit rebus 05\symbols 5a\freefall.emf</picturefile>
</word>
<word>
<wordtext><![CDATA[hear ]]></wordtext>
<picturefile>[WIDGIT]widgit rebus\h\hear.emf</picturefile>
</word>
<word>
<wordtext><![CDATA[smell ]]></wordtext>
<picturefile>[WIDGIT]widgit rebus\s\smell.emf</picturefile>
</word>
<word>
<wordtext><![CDATA[sleep ]]></wordtext>
<picturefile>[WIDGIT]widgit rebus\s\sleep.emf</picturefile>
</word>
<word>
<wordtext><![CDATA[wake ]]></wordtext>
<picturefile>[WIDGIT]widgit rebus\a\awake.emf</picturefile>
</word>
<word>
<wordtext><![CDATA[become ]]></wordtext>
<picturefile>[WIDGIT]widgit rebus\c\change 1.emf</picturefile>
</word>
<word>
<wordtext><![CDATA[sell ]]></wordtext>
<picturefile>[WIDGIT]widgit rebus\s\sell 1.emf</picturefile>
</word>
<word>
<wordtext><![CDATA[spend ]]></wordtext>
<picturefile>[WIDGIT]widgit rebus\s\spend.emf</picturefile>
</word>
</wordlist>
