<?xml version="1.0" encoding="utf-8" ?>

<wordlist>
<word>
<wordtext><![CDATA[reptile ]]></wordtext>
<picturefile>[WIDGIT]widgit rebus\r\reptiles.emf</picturefile>
</word>
<word>
<wordtext><![CDATA[frog ]]></wordtext>
<picturefile>[WIDGIT]widgit rebus\f\frog.emf</picturefile>
</word>
<word>
<wordtext><![CDATA[toad ]]></wordtext>
<picturefile>[WIDGIT]widgit rebus\t\toad.emf</picturefile>
</word>
<word>
<wordtext><![CDATA[frogspawn ]]></wordtext>
<picturefile>[WIDGIT]widgit rebus\f\frogspawn.emf</picturefile>
</word>
<word>
<wordtext><![CDATA[tadpole ]]></wordtext>
<picturefile>[WIDGIT]widgit rebus\t\tadpole.emf</picturefile>
</word>
<word>
<wordtext><![CDATA[newt ]]></wordtext>
<picturefile>[WIDGIT]widgit rebus\n\newt.emf</picturefile>
</word>
<word>
<wordtext><![CDATA[crocodile ]]></wordtext>
<picturefile>[WIDGIT]widgit rebus\c\crocodile.emf</picturefile>
</word>
<word>
<wordtext><![CDATA[lizard ]]></wordtext>
<picturefile>[WIDGIT]widgit rebus\l\lizard.emf</picturefile>
</word>
<word>
<wordtext><![CDATA[snake ]]></wordtext>
<picturefile>[WIDGIT]widgit rebus\s\snake.emf</picturefile>
</word>
<word>
<wordtext><![CDATA[tortoise ]]></wordtext>
<picturefile>[WIDGIT]widgit rebus\t\tortoise.emf</picturefile>
</word>
<word>
<wordtext><![CDATA[turtle ]]></wordtext>
<picturefile>[WIDGIT]widgit rebus\t\turtle 1.emf</picturefile>
</word>
<word>
<wordtext><![CDATA[dolphin ]]></wordtext>
<picturefile>[WIDGIT]widgit rebus\d\dolphin.emf</picturefile>
</word>
<word>
<wordtext><![CDATA[whale ]]></wordtext>
<picturefile>[WIDGIT]widgit rebus\w\whale.emf</picturefile>
</word>
<word>
<wordtext><![CDATA[shark ]]></wordtext>
<picturefile>[WIDGIT]widgit rebus\s\shark.emf</picturefile>
</word>
<word>
<wordtext><![CDATA[fish ]]></wordtext>
<picturefile>[WIDGIT]widgit rebus\f\fish 1.emf</picturefile>
</word>
<word>
<wordtext><![CDATA[goldfish ]]></wordtext>
<picturefile>[WIDGIT]widgit rebus\g\goldfish.emf</picturefile>
</word>
<word>
<wordtext><![CDATA[mussel ]]></wordtext>
<picturefile>[WIDGIT]widgit rebus\m\mussels.emf</picturefile>
</word>
<word>
<wordtext><![CDATA[prawn ]]></wordtext>
<picturefile>[WIDGIT]widgit rebus\p\prawns.emf</picturefile>
</word>
<word>
<wordtext><![CDATA[shrimp ]]></wordtext>
<picturefile>[WIDGIT]widgit rebus\s\shrimp.emf</picturefile>
</word>
<word>
<wordtext><![CDATA[crab ]]></wordtext>
<picturefile>[WIDGIT]widgit rebus\c\crab.emf</picturefile>
</word>
<word>
<wordtext><![CDATA[lobster ]]></wordtext>
<picturefile>[WIDGIT]widgit rebus\l\lobster.emf</picturefile>
</word>
<word>
<wordtext><![CDATA[salmon ]]></wordtext>
<picturefile>[WIDGIT]widgit rebus 07\symbols 7a\salmon.emf</picturefile>
</word>
<word>
<wordtext><![CDATA[tuna ]]></wordtext>
<picturefile>[WIDGIT]widgit rebus 09\symbols 9b\tuna.emf</picturefile>
</word>
<word>
<wordtext><![CDATA[jellyfish ]]></wordtext>
<picturefile>[WIDGIT]widgit rebus\j\jellyfish.emf</picturefile>
</word>
<word>
<wordtext><![CDATA[octopus ]]></wordtext>
<picturefile>[WIDGIT]widgit rebus\o\octopus.emf</picturefile>
</word>
<word>
<wordtext><![CDATA[starfish ]]></wordtext>
<picturefile>[WIDGIT]widgit rebus\s\starfish.emf</picturefile>
</word>
<word>
<wordtext><![CDATA[seahorse ]]></wordtext>
<picturefile>[WIDGIT]widgit rebus\s\seahorse.emf</picturefile>
</word>
<word>
<wordtext><![CDATA[sea lion ]]></wordtext>
<picturefile>[WIDGIT]widgit rebus 05\symbols 5a\sealion.emf</picturefile>
</word>
<word>
<wordtext><![CDATA[seal ]]></wordtext>
<picturefile>[WIDGIT]widgit rebus\s\seal.emf</picturefile>
</word>
<word>
<wordtext><![CDATA[walrus ]]></wordtext>
<picturefile>[WIDGIT]widgit rebus\w\walrus.emf</picturefile>
</word>
<word>
<wordtext><![CDATA[alligator ]]></wordtext>
<picturefile>[WIDGIT]widgit rebus\c\crocodile.emf</picturefile>
</word>
<word>
<wordtext><![CDATA[net ]]></wordtext>
<picturefile>[WIDGIT]widgit rebus\n\net 2.emf</picturefile>
</word>
<word>
<wordtext><![CDATA[scales ]]></wordtext>
<picturefile>[WIDGIT]widgit rebus\s\scales4.emf</picturefile>
</word>
<word>
<wordtext><![CDATA[seaweed ]]></wordtext>
<picturefile>[WIDGIT]widgit rebus\s\seaweed.emf</picturefile>
</word>
</wordlist>
