<?xml version="1.0" encoding="utf-8" ?>

<wordlist>
<word>
<wordtext><![CDATA[book a table ]]></wordtext>
<picturefile>[WIDGIT]widgit rebus\t\table.emf</picturefile>
</word>
<word>
<wordtext><![CDATA[menu ]]></wordtext>
<picturefile>[WIDGIT]widgit rebus\m\menu.emf</picturefile>
</word>
<word>
<wordtext><![CDATA[bill ]]></wordtext>
<picturefile>[WIDGIT]widgit rebus\b\bill.emf</picturefile>
</word>
<word>
<wordtext><![CDATA[water ]]></wordtext>
<picturefile>[WIDGIT]widgit rebus 06\symbols 6b\glass of water.emf</picturefile>
</word>
<word>
<wordtext><![CDATA[wine list ]]></wordtext>
<picturefile>rad9BCF2.png</picturefile>
</word>
<word>
<wordtext><![CDATA[napkin ]]></wordtext>
<picturefile>[WIDGIT]widgit rebus\n\napkin.emf</picturefile>
</word>
<word>
<wordtext><![CDATA[toilet ]]></wordtext>
<picturefile>[WIDGIT]widgit rebus\t\toilet.emf</picturefile>
</word>
<word>
<wordtext><![CDATA[rare ]]></wordtext>
<picturefile>[WIDGIT]widgit rebus 08\symbols 8a\raw.emf</picturefile>
</word>
<word>
<wordtext><![CDATA[medium ]]></wordtext>
<picturefile>[WIDGIT]widgit rebus 04\symbols b\medium height.emf</picturefile>
</word>
<word>
<wordtext><![CDATA[well done ]]></wordtext>
<picturefile>[WIDGIT]widgit rebus\c\cook.emf</picturefile>
</word>
<word>
<wordtext><![CDATA[knife ]]></wordtext>
<picturefile>[WIDGIT]widgit rebus\k\knife.emf</picturefile>
</word>
<word>
<wordtext><![CDATA[fork ]]></wordtext>
<picturefile>[WIDGIT]widgit rebus\f\fork.emf</picturefile>
</word>
<word>
<wordtext><![CDATA[spoon ]]></wordtext>
<picturefile>[WIDGIT]widgit rebus\s\spoon.emf</picturefile>
</word>
<word>
<wordtext><![CDATA[glass ]]></wordtext>
<picturefile>[WIDGIT]widgit rebus\g\glass.emf</picturefile>
</word>
<word>
<wordtext><![CDATA[plate ]]></wordtext>
<picturefile>[WIDGIT]widgit rebus\p\plate.emf</picturefile>
</word>
<word>
<wordtext><![CDATA[bowl ]]></wordtext>
<picturefile>[WIDGIT]widgit rebus\b\bowl.emf</picturefile>
</word>
<word>
<wordtext><![CDATA[salt ]]></wordtext>
<picturefile>[WIDGIT]england\uk wrebus\salt.emf</picturefile>
</word>
<word>
<wordtext><![CDATA[pepper ]]></wordtext>
<picturefile>[WIDGIT]england\uk wrebus\pepper.emf</picturefile>
</word>
<word>
<wordtext><![CDATA[vinegar ]]></wordtext>
<picturefile>[WIDGIT]widgit rebus\v\vinegar.emf</picturefile>
</word>
<word>
<wordtext><![CDATA[sauce ]]></wordtext>
<picturefile>[WIDGIT]widgit rebus 04\symbols a\sauces.emf</picturefile>
</word>
</wordlist>
