<?xml version="1.0" encoding="utf-8" ?>

<sensorygrid>
<grid workspace_x="3" workspace_y="1">
<rows>5</rows>
<cols>10</cols>
<selfclosing>0</selfclosing>
<titlebartext></titlebartext>
<customblockscan>1</customblockscan>
<predictionsource>0</predictionsource>
<oskcellratio>0</oskcellratio>
<symbolgridrows>1</symbolgridrows>
<symbolgridcols>11</symbolgridcols>
<background style="0">
<backcolour>14737632</backcolour>
<backcolour2>14737632</backcolour2>
</background>
<cells>
<cell x="1" y="1">
<caption><![CDATA[go back]]></caption>
<tooltip><![CDATA[go back]]></tooltip>
<picture>[GRID2X]jump.back.wmf</picture>
<magnifyx>2</magnifyx>
<scanblock>1</scanblock>
<directactivate>1</directactivate>
<hidden>0</hidden>
<stylepreset>Jump Home &amp; back</stylepreset>
<commands>
<command>
<id>jump.back</id>
</command>
</commands>
</cell>
<cell x="2" y="1">
<scanblock>1</scanblock>
<hidden>0</hidden>
<stylepreset>Blank cell (no style)</stylepreset>
</cell>
<cell x="3" y="1">
<magnifyx>6</magnifyx>
<scanblock>1</scanblock>
<hidden>0</hidden>
<stylepreset>Blank cell (no style)</stylepreset>
</cell>
<cell x="4" y="1">
<scanblock>1</scanblock>
<hidden>0</hidden>
<stylepreset>Blank cell (no style)</stylepreset>
</cell>
<cell x="5" y="1">
<scanblock>1</scanblock>
<hidden>0</hidden>
<stylepreset>Blank cell (no style)</stylepreset>
</cell>
<cell x="6" y="1">
<scanblock>1</scanblock>
<hidden>0</hidden>
<stylepreset>Blank cell (no style)</stylepreset>
</cell>
<cell x="7" y="1">
<scanblock>1</scanblock>
<hidden>0</hidden>
<stylepreset>Blank cell (no style)</stylepreset>
</cell>
<cell x="8" y="1">
<scanblock>1</scanblock>
<hidden>0</hidden>
<stylepreset>Blank cell (no style)</stylepreset>
</cell>
<cell x="9" y="1">
<caption><![CDATA[rub out]]></caption>
<tooltip><![CDATA[rub out]]></tooltip>
<picture>[GRID2X]type.deleteword.wmf</picture>
<scanblock>1</scanblock>
<hidden>0</hidden>
<stylepreset>Action cell</stylepreset>
<commands>
<command>
<id>type.deleteword</id>
</command>
</commands>
</cell>
<cell x="10" y="1">
<caption><![CDATA[speak]]></caption>
<tooltip><![CDATA[speak]]></tooltip>
<picture>[GRID2X]action.speakall.wmf</picture>
<scanblock>1</scanblock>
<directactivate>5</directactivate>
<hidden>0</hidden>
<stylepreset>Action cell</stylepreset>
<commands>
<command>
<id>action.speakall</id>
</command>
</commands>
</cell>
<cell x="1" y="2">
<caption><![CDATA[qu]]></caption>
<tooltip><![CDATA[qu]]></tooltip>
<scanblock>2</scanblock>
<hidden>0</hidden>
<stylepreset>Keyboard key</stylepreset>
<commands>
<command>
<id>type</id>
<parameter index="1"><![CDATA[qu]]></parameter>
</command>
</commands>
</cell>
<cell x="2" y="2">
<caption><![CDATA[w]]></caption>
<tooltip><![CDATA[w]]></tooltip>
<scanblock>2</scanblock>
<hidden>0</hidden>
<stylepreset>Keyboard key</stylepreset>
<commands>
<command>
<id>type</id>
<parameter index="1"><![CDATA[w]]></parameter>
</command>
</commands>
</cell>
<cell x="3" y="2">
<caption><![CDATA[e]]></caption>
<tooltip><![CDATA[e]]></tooltip>
<scanblock>2</scanblock>
<hidden>0</hidden>
<stylepreset>Keyboard key</stylepreset>
<commands>
<command>
<id>type</id>
<parameter index="1"><![CDATA[e]]></parameter>
</command>
</commands>
</cell>
<cell x="4" y="2">
<caption><![CDATA[r]]></caption>
<tooltip><![CDATA[r]]></tooltip>
<scanblock>2</scanblock>
<hidden>0</hidden>
<stylepreset>Keyboard key</stylepreset>
<commands>
<command>
<id>type</id>
<parameter index="1"><![CDATA[r]]></parameter>
</command>
</commands>
</cell>
<cell x="5" y="2">
<caption><![CDATA[t]]></caption>
<tooltip><![CDATA[t]]></tooltip>
<scanblock>2</scanblock>
<hidden>0</hidden>
<stylepreset>Keyboard key</stylepreset>
<commands>
<command>
<id>type</id>
<parameter index="1"><![CDATA[t]]></parameter>
</command>
</commands>
</cell>
<cell x="6" y="2">
<caption><![CDATA[y]]></caption>
<tooltip><![CDATA[y]]></tooltip>
<scanblock>2</scanblock>
<hidden>0</hidden>
<stylepreset>Keyboard key</stylepreset>
<commands>
<command>
<id>type</id>
<parameter index="1"><![CDATA[y]]></parameter>
</command>
</commands>
</cell>
<cell x="7" y="2">
<caption><![CDATA[u]]></caption>
<tooltip><![CDATA[u]]></tooltip>
<scanblock>2</scanblock>
<hidden>0</hidden>
<stylepreset>Keyboard key</stylepreset>
<commands>
<command>
<id>type</id>
<parameter index="1"><![CDATA[u]]></parameter>
</command>
</commands>
</cell>
<cell x="8" y="2">
<caption><![CDATA[i]]></caption>
<tooltip><![CDATA[i]]></tooltip>
<scanblock>2</scanblock>
<hidden>0</hidden>
<stylepreset>Keyboard key</stylepreset>
<commands>
<command>
<id>type</id>
<parameter index="1"><![CDATA[i]]></parameter>
</command>
</commands>
</cell>
<cell x="9" y="2">
<caption><![CDATA[o]]></caption>
<tooltip><![CDATA[o]]></tooltip>
<scanblock>2</scanblock>
<hidden>0</hidden>
<stylepreset>Keyboard key</stylepreset>
<commands>
<command>
<id>type</id>
<parameter index="1"><![CDATA[o]]></parameter>
</command>
</commands>
</cell>
<cell x="10" y="2">
<caption><![CDATA[p]]></caption>
<tooltip><![CDATA[p]]></tooltip>
<scanblock>2</scanblock>
<hidden>0</hidden>
<stylepreset>Keyboard key</stylepreset>
<commands>
<command>
<id>type</id>
<parameter index="1"><![CDATA[p]]></parameter>
</command>
</commands>
</cell>
<cell x="1" y="3">
<caption><![CDATA[a]]></caption>
<tooltip><![CDATA[a]]></tooltip>
<scanblock>2</scanblock>
<hidden>0</hidden>
<stylepreset>Keyboard key</stylepreset>
<commands>
<command>
<id>type</id>
<parameter index="1"><![CDATA[a]]></parameter>
</command>
</commands>
</cell>
<cell x="2" y="3">
<caption><![CDATA[s]]></caption>
<tooltip><![CDATA[s]]></tooltip>
<scanblock>2</scanblock>
<hidden>0</hidden>
<stylepreset>Keyboard key</stylepreset>
<commands>
<command>
<id>type</id>
<parameter index="1"><![CDATA[s]]></parameter>
</command>
</commands>
</cell>
<cell x="3" y="3">
<caption><![CDATA[d]]></caption>
<tooltip><![CDATA[d]]></tooltip>
<scanblock>2</scanblock>
<hidden>0</hidden>
<stylepreset>Keyboard key</stylepreset>
<commands>
<command>
<id>type</id>
<parameter index="1"><![CDATA[d]]></parameter>
</command>
</commands>
</cell>
<cell x="4" y="3">
<caption><![CDATA[f]]></caption>
<tooltip><![CDATA[f]]></tooltip>
<scanblock>2</scanblock>
<hidden>0</hidden>
<stylepreset>Keyboard key</stylepreset>
<commands>
<command>
<id>type</id>
<parameter index="1"><![CDATA[f]]></parameter>
</command>
</commands>
</cell>
<cell x="5" y="3">
<caption><![CDATA[g]]></caption>
<tooltip><![CDATA[g]]></tooltip>
<scanblock>2</scanblock>
<hidden>0</hidden>
<stylepreset>Keyboard key</stylepreset>
<commands>
<command>
<id>type</id>
<parameter index="1"><![CDATA[g]]></parameter>
</command>
</commands>
</cell>
<cell x="6" y="3">
<caption><![CDATA[h]]></caption>
<tooltip><![CDATA[h]]></tooltip>
<scanblock>2</scanblock>
<hidden>0</hidden>
<stylepreset>Keyboard key</stylepreset>
<commands>
<command>
<id>type</id>
<parameter index="1"><![CDATA[h]]></parameter>
</command>
</commands>
</cell>
<cell x="7" y="3">
<caption><![CDATA[j]]></caption>
<tooltip><![CDATA[j]]></tooltip>
<scanblock>2</scanblock>
<hidden>0</hidden>
<stylepreset>Keyboard key</stylepreset>
<commands>
<command>
<id>type</id>
<parameter index="1"><![CDATA[j]]></parameter>
</command>
</commands>
</cell>
<cell x="8" y="3">
<caption><![CDATA[k]]></caption>
<tooltip><![CDATA[k]]></tooltip>
<scanblock>2</scanblock>
<hidden>0</hidden>
<stylepreset>Keyboard key</stylepreset>
<commands>
<command>
<id>type</id>
<parameter index="1"><![CDATA[k]]></parameter>
</command>
</commands>
</cell>
<cell x="9" y="3">
<caption><![CDATA[l]]></caption>
<tooltip><![CDATA[l]]></tooltip>
<scanblock>2</scanblock>
<hidden>0</hidden>
<stylepreset>Keyboard key</stylepreset>
<commands>
<command>
<id>type</id>
<parameter index="1"><![CDATA[l]]></parameter>
</command>
</commands>
</cell>
<cell x="10" y="3">
<caption><![CDATA[!]]></caption>
<tooltip><![CDATA[!]]></tooltip>
<scanblock>4</scanblock>
<hidden>0</hidden>
<stylepreset>Keyboard key - extra</stylepreset>
<commands>
<command>
<id>type</id>
<parameter index="1"><![CDATA[{!}]]></parameter>
</command>
</commands>
</cell>
<cell x="1" y="4">
<caption><![CDATA[Shift]]></caption>
<tooltip><![CDATA[Shift]]></tooltip>
<scanblock>4</scanblock>
<hidden>0</hidden>
<stylepreset>Keyboard key - extra small text</stylepreset>
<commands>
<command>
<id>type</id>
<parameter index="1"><![CDATA[{shift}]]></parameter>
</command>
</commands>
</cell>
<cell x="2" y="4">
<caption><![CDATA[z]]></caption>
<tooltip><![CDATA[z]]></tooltip>
<scanblock>2</scanblock>
<hidden>0</hidden>
<stylepreset>Keyboard key</stylepreset>
<commands>
<command>
<id>type</id>
<parameter index="1"><![CDATA[z]]></parameter>
</command>
</commands>
</cell>
<cell x="3" y="4">
<caption><![CDATA[x]]></caption>
<tooltip><![CDATA[x]]></tooltip>
<scanblock>2</scanblock>
<hidden>0</hidden>
<stylepreset>Keyboard key</stylepreset>
<commands>
<command>
<id>type</id>
<parameter index="1"><![CDATA[x]]></parameter>
</command>
</commands>
</cell>
<cell x="4" y="4">
<caption><![CDATA[c]]></caption>
<tooltip><![CDATA[c]]></tooltip>
<scanblock>2</scanblock>
<hidden>0</hidden>
<stylepreset>Keyboard key</stylepreset>
<commands>
<command>
<id>type</id>
<parameter index="1"><![CDATA[c]]></parameter>
</command>
</commands>
</cell>
<cell x="5" y="4">
<caption><![CDATA[v]]></caption>
<tooltip><![CDATA[v]]></tooltip>
<scanblock>2</scanblock>
<hidden>0</hidden>
<stylepreset>Keyboard key</stylepreset>
<commands>
<command>
<id>type</id>
<parameter index="1"><![CDATA[v]]></parameter>
</command>
</commands>
</cell>
<cell x="6" y="4">
<caption><![CDATA[b]]></caption>
<tooltip><![CDATA[b]]></tooltip>
<scanblock>2</scanblock>
<hidden>0</hidden>
<stylepreset>Keyboard key</stylepreset>
<commands>
<command>
<id>type</id>
<parameter index="1"><![CDATA[b]]></parameter>
</command>
</commands>
</cell>
<cell x="7" y="4">
<caption><![CDATA[n]]></caption>
<tooltip><![CDATA[n]]></tooltip>
<scanblock>2</scanblock>
<hidden>0</hidden>
<stylepreset>Keyboard key</stylepreset>
<commands>
<command>
<id>type</id>
<parameter index="1"><![CDATA[n]]></parameter>
</command>
</commands>
</cell>
<cell x="8" y="4">
<caption><![CDATA[m]]></caption>
<tooltip><![CDATA[m]]></tooltip>
<scanblock>2</scanblock>
<hidden>0</hidden>
<stylepreset>Keyboard key</stylepreset>
<commands>
<command>
<id>type</id>
<parameter index="1"><![CDATA[m]]></parameter>
</command>
</commands>
</cell>
<cell x="9" y="4">
<caption><![CDATA[Copy]]></caption>
<tooltip><![CDATA[Copy]]></tooltip>
<picture>[GRID2X]clipboard.copy.wmf</picture>
<scanblock>4</scanblock>
<hidden>0</hidden>
<stylepreset>Keyboard key - extra small text</stylepreset>
<commands>
<command>
<id>clipboard.copy</id>
</command>
<command>
<id>jump.to</id>
<parameter index="1"><![CDATA[Keyboard QWERTY - copy command]]></parameter>
</command>
</commands>
</cell>
<cell x="10" y="4">
<caption><![CDATA[?]]></caption>
<tooltip><![CDATA[?]]></tooltip>
<scanblock>4</scanblock>
<hidden>0</hidden>
<stylepreset>Keyboard key - extra</stylepreset>
<commands>
<command>
<id>type</id>
<parameter index="1"><![CDATA[{?}]]></parameter>
<parameter index="4"><![CDATA[0]]></parameter>
</command>
</commands>
</cell>
<cell x="1" y="5">
<tooltip><![CDATA[Writing Numbers]]></tooltip>
<picture>[WIDGIT]widgit rebus\n\number.emf</picture>
<magnifyx>2</magnifyx>
<scanblock>4</scanblock>
<hidden>0</hidden>
<stylepreset>Keyboard key - extra</stylepreset>
<commands>
<command>
<id>jump.to</id>
<parameter index="1"><![CDATA[Keyboard QWERTY - numbers (without prediction)]]></parameter>
</command>
</commands>
</cell>
<cell x="2" y="5">
<scanblock>1</scanblock>
<hidden>0</hidden>
<stylepreset>Blank cell (no style)</stylepreset>
</cell>
<cell x="3" y="5">
<caption><![CDATA[,]]></caption>
<tooltip><![CDATA[Comma]]></tooltip>
<scanblock>4</scanblock>
<hidden>0</hidden>
<stylepreset>Keyboard key - extra</stylepreset>
<commands>
<command>
<id>type</id>
<parameter index="1"><![CDATA[{,}]]></parameter>
</command>
</commands>
</cell>
<cell x="4" y="5">
<caption><![CDATA[space]]></caption>
<tooltip><![CDATA[space]]></tooltip>
<magnifyx>4</magnifyx>
<scanblock>2</scanblock>
<hidden>0</hidden>
<stylepreset>Keyboard key</stylepreset>
<commands>
<command>
<id>type</id>
<parameter index="1"><![CDATA[ ]]></parameter>
</command>
</commands>
</cell>
<cell x="5" y="5">
<scanblock>1</scanblock>
<hidden>0</hidden>
<stylepreset>Blank cell (no style)</stylepreset>
</cell>
<cell x="6" y="5">
<scanblock>1</scanblock>
<hidden>0</hidden>
<stylepreset>Blank cell (no style)</stylepreset>
</cell>
<cell x="7" y="5">
<scanblock>1</scanblock>
<hidden>0</hidden>
<stylepreset>Blank cell (no style)</stylepreset>
</cell>
<cell x="8" y="5">
<caption><![CDATA[.]]></caption>
<tooltip><![CDATA[.]]></tooltip>
<scanblock>4</scanblock>
<hidden>0</hidden>
<stylepreset>Keyboard key - extra</stylepreset>
<commands>
<command>
<id>type</id>
<parameter index="1"><![CDATA[{.}]]></parameter>
<parameter index="4"><![CDATA[0]]></parameter>
</command>
</commands>
</cell>
<cell x="9" y="5">
<caption><![CDATA[']]></caption>
<tooltip><![CDATA[']]></tooltip>
<scanblock>4</scanblock>
<hidden>0</hidden>
<stylepreset>Keyboard key - extra</stylepreset>
<commands>
<command>
<id>type</id>
<parameter index="1"><![CDATA[']]></parameter>
</command>
</commands>
</cell>
<cell x="10" y="5">
<tooltip><![CDATA[Backspace]]></tooltip>
<picture>[WIDGIT]widgit rebus\l\left.emf</picture>
<scanblock>4</scanblock>
<hidden>0</hidden>
<stylepreset>Keyboard key - extra</stylepreset>
<commands>
<command>
<id>nudge.start</id>
</command>
<command>
<id>type</id>
<parameter index="1"><![CDATA[{backspace}]]></parameter>
</command>
<command>
<id>nudge.end</id>
</command>
</commands>
</cell>
</cells>
</grid>
</sensorygrid>
