<?xml version="1.0" encoding="utf-8" ?>

<wordlist>
<word>
<wordtext><![CDATA[pudding ]]></wordtext>
<picturefile>[WIDGIT]widgit rebus\d\dessert.emf</picturefile>
</word>
<word>
<wordtext><![CDATA[cake ]]></wordtext>
<picturefile>[WIDGIT]widgit rebus\c\cake.emf</picturefile>
</word>
<word>
<wordtext><![CDATA[cheesecake ]]></wordtext>
<picturefile>[WIDGIT]widgit rebus\f\flan.emf</picturefile>
</word>
<word>
<wordtext><![CDATA[crumble ]]></wordtext>
<picturefile>[WIDGIT]widgit rebus 07\symbols 7b\crumble.emf</picturefile>
</word>
<word>
<wordtext><![CDATA[custard ]]></wordtext>
<picturefile>[WIDGIT]widgit rebus\c\custard.emf</picturefile>
</word>
<word>
<wordtext><![CDATA[cream ]]></wordtext>
<picturefile>[WIDGIT]widgit rebus\c\cream.emf</picturefile>
</word>
<word>
<wordtext><![CDATA[fruit salad ]]></wordtext>
<picturefile>[WIDGIT]widgit rebus 08\symbols 8a\fruit salad.emf</picturefile>
</word>
<word>
<wordtext><![CDATA[gateau ]]></wordtext>
<picturefile>[WIDGIT]widgit rebus\g\gateau.emf</picturefile>
</word>
<word>
<wordtext><![CDATA[ice cream ]]></wordtext>
<picturefile>[WIDGIT]widgit rebus\i\ice cream.emf</picturefile>
</word>
<word>
<wordtext><![CDATA[pie ]]></wordtext>
<picturefile>[WIDGIT]widgit rebus\p\pie.emf</picturefile>
</word>
<word>
<wordtext><![CDATA[profiteroles ]]></wordtext>
<picturefile>[WIDGIT]widgit rebus 09\symbols 9b\profiteroles.emf</picturefile>
</word>
<word>
<wordtext><![CDATA[yoghurt ]]></wordtext>
<picturefile>[WIDGIT]widgit rebus\y\yoghurt.emf</picturefile>
</word>
<word>
<wordtext><![CDATA[pancakes ]]></wordtext>
<picturefile>[WIDGIT]widgit rebus\p\pancake.emf</picturefile>
</word>
<word>
<wordtext><![CDATA[sticky toffee pudding ]]></wordtext>
<picturefile>[WIDGIT]widgit rebus\p\pudding.emf</picturefile>
</word>
<word>
<wordtext><![CDATA[chocolate fudge cake ]]></wordtext>
<picturefile>[WIDGIT]widgit rebus\g\gateau.emf</picturefile>
</word>
</wordlist>
