<?xml version="1.0" encoding="utf-8" ?>

<wordlist>
<word>
<wordtext><![CDATA[organ ]]></wordtext>
<picturefile>[WIDGIT]widgit rebus\o\organs.emf</picturefile>
</word>
<word>
<wordtext><![CDATA[brain ]]></wordtext>
<picturefile>[WIDGIT]widgit rebus\b\brain.emf</picturefile>
</word>
<word>
<wordtext><![CDATA[heart ]]></wordtext>
<picturefile>[WIDGIT]widgit rebus\h\heart 3.emf</picturefile>
</word>
<word>
<wordtext><![CDATA[lungs ]]></wordtext>
<picturefile>[WIDGIT]widgit rebus\l\lungs.emf</picturefile>
</word>
<word>
<wordtext><![CDATA[stomach ]]></wordtext>
<picturefile>[WIDGIT]widgit rebus 06\symbols 6b\stomach.emf</picturefile>
</word>
<word>
<wordtext><![CDATA[chest ]]></wordtext>
<picturefile>[WIDGIT]widgit rebus\c\chest.emf</picturefile>
</word>
<word>
<wordtext><![CDATA[skin ]]></wordtext>
<picturefile>[WIDGIT]widgit rebus\s\skin 1.emf</picturefile>
</word>
<word>
<wordtext><![CDATA[blood ]]></wordtext>
<picturefile>[WIDGIT]widgit rebus\b\blood.emf</picturefile>
</word>
<word>
<wordtext><![CDATA[bone ]]></wordtext>
<picturefile>[WIDGIT]widgit rebus\b\bone.emf</picturefile>
</word>
<word>
<wordtext><![CDATA[muscle ]]></wordtext>
<picturefile>[WIDGIT]widgit rebus\m\muscle.emf</picturefile>
</word>
<word>
<wordtext><![CDATA[rib ]]></wordtext>
<picturefile>[WIDGIT]widgit rebus\r\ribs.emf</picturefile>
</word>
<word>
<wordtext><![CDATA[skull ]]></wordtext>
<picturefile>[WIDGIT]widgit rebus\s\skull.emf</picturefile>
</word>
<word>
<wordtext><![CDATA[skeleton ]]></wordtext>
<picturefile>[WIDGIT]widgit rebus\s\skeleton.emf</picturefile>
</word>
<word>
<wordtext><![CDATA[appendix ]]></wordtext>
<picturefile>[WIDGIT]widgit rebus 09\symbols 9b\appendix.emf</picturefile>
</word>
<word>
<wordtext><![CDATA[intestine ]]></wordtext>
<picturefile>[WIDGIT]widgit rebus\science\intestines 1.emf</picturefile>
</word>
<word>
<wordtext><![CDATA[bladder ]]></wordtext>
<picturefile>[WIDGIT]widgit rebus\b\bladder.emf</picturefile>
</word>
<word>
<wordtext><![CDATA[kidneys ]]></wordtext>
<picturefile>[WIDGIT]widgit rebus\k\kidneys.emf</picturefile>
</word>
<word>
<wordtext><![CDATA[liver ]]></wordtext>
<picturefile>[WIDGIT]widgit rebus\l\liver.emf</picturefile>
</word>
</wordlist>
