<?xml version="1.0" encoding="utf-8" ?>

<sensorygrid>
<grid workspace_x="3" workspace_y="1">
<rows>5</rows>
<cols>7</cols>
<selfclosing>0</selfclosing>
<titlebartext></titlebartext>
<customblockscan>1</customblockscan>
<predictionsource>0</predictionsource>
<oskcellratio>0</oskcellratio>
<background style="0">
<backcolour>14737632</backcolour>
<backcolour2>14737632</backcolour2>
</background>
<commands>
<command>
<id>type.conjugate</id>
</command>
</commands>
<cells>
<cell x="1" y="1">
<caption><![CDATA[go back]]></caption>
<tooltip><![CDATA[go back]]></tooltip>
<picture>[GRID2X]jump.back.wmf</picture>
<scanblock>1</scanblock>
<directactivate>1</directactivate>
<hidden>0</hidden>
<stylepreset>Jump Home &amp; back</stylepreset>
<commands>
<command>
<id>jump.back</id>
</command>
</commands>
</cell>
<cell x="2" y="1">
<caption><![CDATA[Pronouns]]></caption>
<tooltip><![CDATA[Pronouns]]></tooltip>
<picture>[WIDGIT]widgit rebus\p\pronoun.emf</picture>
<scanblock>1</scanblock>
<hidden>0</hidden>
<stylepreset>Jump cell</stylepreset>
<commands>
<command>
<id>jump.to</id>
<parameter index="1"><![CDATA[Pronouns]]></parameter>
</command>
</commands>
</cell>
<cell x="3" y="1">
<magnifyx>3</magnifyx>
<scanblock>1</scanblock>
<hidden>0</hidden>
<stylepreset>Blank cell (no style)</stylepreset>
</cell>
<cell x="4" y="1">
<scanblock>1</scanblock>
<hidden>0</hidden>
<stylepreset>Blank cell (no style)</stylepreset>
</cell>
<cell x="5" y="1">
<scanblock>1</scanblock>
<hidden>0</hidden>
<stylepreset>Blank cell (no style)</stylepreset>
</cell>
<cell x="6" y="1">
<caption><![CDATA[rub out]]></caption>
<tooltip><![CDATA[rub out]]></tooltip>
<picture>[GRID2X]type.deleteword.wmf</picture>
<scanblock>1</scanblock>
<hidden>0</hidden>
<stylepreset>Action cell</stylepreset>
<commands>
<command>
<id>type.deleteword</id>
</command>
</commands>
</cell>
<cell x="7" y="1">
<caption><![CDATA[clear]]></caption>
<tooltip><![CDATA[clear]]></tooltip>
<picture>[GRID2X]action.clear.wmf</picture>
<scanblock>1</scanblock>
<hidden>0</hidden>
<stylepreset>Action cell</stylepreset>
<commands>
<command>
<id>action.clear</id>
</command>
</commands>
</cell>
<cell x="1" y="2">
<caption><![CDATA[a]]></caption>
<tooltip><![CDATA[a]]></tooltip>
<picture>[WIDGIT]widgit rebus\a\a.emf</picture>
<scanblock>2</scanblock>
<hidden>0</hidden>
<stylepreset>Auto content cell</stylepreset>
<commands>
<command>
<id>type</id>
<parameter index="1"><![CDATA[a ]]></parameter>
</command>
<command>
<id>jump.back</id>
</command>
</commands>
</cell>
<cell x="2" y="2">
<caption><![CDATA[an]]></caption>
<tooltip><![CDATA[an]]></tooltip>
<picture>[WIDGIT]widgit rebus\a\a.emf</picture>
<scanblock>2</scanblock>
<hidden>0</hidden>
<stylepreset>Auto content cell</stylepreset>
<commands>
<command>
<id>type</id>
<parameter index="1"><![CDATA[an ]]></parameter>
</command>
<command>
<id>jump.back</id>
</command>
</commands>
</cell>
<cell x="3" y="2">
<caption><![CDATA[and]]></caption>
<tooltip><![CDATA[and]]></tooltip>
<picture>[WIDGIT]widgit rebus 04\symbols a\and 1.emf</picture>
<scanblock>2</scanblock>
<hidden>0</hidden>
<stylepreset>Auto content cell</stylepreset>
<commands>
<command>
<id>type</id>
<parameter index="1"><![CDATA[and ]]></parameter>
</command>
<command>
<id>jump.back</id>
</command>
</commands>
</cell>
<cell x="4" y="2">
<caption><![CDATA[as]]></caption>
<tooltip><![CDATA[as]]></tooltip>
<picture>[WIDGIT]widgit rebus 03\feb 03\as.emf</picture>
<scanblock>2</scanblock>
<hidden>0</hidden>
<stylepreset>Auto content cell</stylepreset>
<commands>
<command>
<id>type</id>
<parameter index="1"><![CDATA[as ]]></parameter>
</command>
<command>
<id>jump.back</id>
</command>
</commands>
</cell>
<cell x="5" y="2">
<caption><![CDATA[at]]></caption>
<tooltip><![CDATA[at]]></tooltip>
<picture>[WIDGIT]widgit rebus\a\at.emf</picture>
<scanblock>2</scanblock>
<hidden>0</hidden>
<stylepreset>Auto content cell</stylepreset>
<commands>
<command>
<id>type</id>
<parameter index="1"><![CDATA[at ]]></parameter>
</command>
<command>
<id>jump.back</id>
</command>
</commands>
</cell>
<cell x="6" y="2">
<caption><![CDATA[but]]></caption>
<tooltip><![CDATA[but]]></tooltip>
<picture>[WIDGIT]widgit rebus\b\but.emf</picture>
<scanblock>2</scanblock>
<hidden>0</hidden>
<stylepreset>Auto content cell</stylepreset>
<commands>
<command>
<id>type</id>
<parameter index="1"><![CDATA[but ]]></parameter>
</command>
<command>
<id>jump.back</id>
</command>
</commands>
</cell>
<cell x="7" y="2">
<caption><![CDATA[by]]></caption>
<tooltip><![CDATA[by]]></tooltip>
<picture>[WIDGIT]widgit rebus\b\beside.emf</picture>
<scanblock>2</scanblock>
<hidden>0</hidden>
<stylepreset>Auto content cell</stylepreset>
<commands>
<command>
<id>type</id>
<parameter index="1"><![CDATA[by ]]></parameter>
</command>
<command>
<id>jump.back</id>
</command>
</commands>
</cell>
<cell x="1" y="3">
<caption><![CDATA[could]]></caption>
<tooltip><![CDATA[could]]></tooltip>
<picture>[WIDGIT]widgit rebus 04\symbols b\would.emf</picture>
<scanblock>2</scanblock>
<hidden>0</hidden>
<stylepreset>Auto content cell</stylepreset>
<commands>
<command>
<id>type</id>
<parameter index="1"><![CDATA[could ]]></parameter>
</command>
<command>
<id>jump.back</id>
</command>
</commands>
</cell>
<cell x="2" y="3">
<caption><![CDATA[for]]></caption>
<tooltip><![CDATA[for]]></tooltip>
<picture>[WIDGIT]widgit rebus\f\for.emf</picture>
<scanblock>2</scanblock>
<hidden>0</hidden>
<stylepreset>Auto content cell</stylepreset>
<commands>
<command>
<id>type</id>
<parameter index="1"><![CDATA[for ]]></parameter>
</command>
<command>
<id>jump.back</id>
</command>
</commands>
</cell>
<cell x="3" y="3">
<caption><![CDATA[from]]></caption>
<tooltip><![CDATA[from]]></tooltip>
<picture>[WIDGIT]widgit rebus\f\from now on.emf</picture>
<scanblock>2</scanblock>
<hidden>0</hidden>
<stylepreset>Auto content cell</stylepreset>
<commands>
<command>
<id>type</id>
<parameter index="1"><![CDATA[from ]]></parameter>
</command>
<command>
<id>jump.back</id>
</command>
</commands>
</cell>
<cell x="4" y="3">
<caption><![CDATA[here]]></caption>
<tooltip><![CDATA[here]]></tooltip>
<picture>[WIDGIT]widgit rebus\h\here.emf</picture>
<scanblock>2</scanblock>
<hidden>0</hidden>
<stylepreset>Auto content cell</stylepreset>
<commands>
<command>
<id>type</id>
<parameter index="1"><![CDATA[here ]]></parameter>
</command>
<command>
<id>jump.back</id>
</command>
</commands>
</cell>
<cell x="5" y="3">
<caption><![CDATA[if]]></caption>
<tooltip><![CDATA[if]]></tooltip>
<picture>[WIDGIT]widgit rebus\i\if.emf</picture>
<scanblock>2</scanblock>
<hidden>0</hidden>
<stylepreset>Auto content cell</stylepreset>
<commands>
<command>
<id>type</id>
<parameter index="1"><![CDATA[if ]]></parameter>
</command>
<command>
<id>jump.back</id>
</command>
</commands>
</cell>
<cell x="6" y="3">
<caption><![CDATA[in]]></caption>
<tooltip><![CDATA[in]]></tooltip>
<picture>[WIDGIT]widgit rebus\i\in.emf</picture>
<scanblock>2</scanblock>
<hidden>0</hidden>
<stylepreset>Auto content cell</stylepreset>
<commands>
<command>
<id>type</id>
<parameter index="1"><![CDATA[in ]]></parameter>
</command>
<command>
<id>jump.back</id>
</command>
</commands>
</cell>
<cell x="7" y="3">
<caption><![CDATA[it]]></caption>
<tooltip><![CDATA[it]]></tooltip>
<picture>[WIDGIT]widgit rebus\i\it 1.emf</picture>
<scanblock>2</scanblock>
<hidden>0</hidden>
<stylepreset>Auto content cell</stylepreset>
<commands>
<command>
<id>type</id>
<parameter index="1"><![CDATA[it ]]></parameter>
</command>
<command>
<id>jump.back</id>
</command>
</commands>
</cell>
<cell x="1" y="4">
<caption><![CDATA[is]]></caption>
<tooltip><![CDATA[is]]></tooltip>
<picture>[WIDGIT]widgit rebus\i\is.emf</picture>
<scanblock>2</scanblock>
<hidden>0</hidden>
<stylepreset>Auto content cell</stylepreset>
<commands>
<command>
<id>type</id>
<parameter index="1"><![CDATA[is ]]></parameter>
</command>
<command>
<id>jump.back</id>
</command>
</commands>
</cell>
<cell x="2" y="4">
<caption><![CDATA[not]]></caption>
<tooltip><![CDATA[not]]></tooltip>
<picture>[WIDGIT]widgit rebus\n\not.emf</picture>
<scanblock>2</scanblock>
<hidden>0</hidden>
<stylepreset>Auto content cell</stylepreset>
<commands>
<command>
<id>type</id>
<parameter index="1"><![CDATA[not ]]></parameter>
</command>
<command>
<id>jump.back</id>
</command>
</commands>
</cell>
<cell x="3" y="4">
<caption><![CDATA[of]]></caption>
<tooltip><![CDATA[of]]></tooltip>
<picture>[WIDGIT]widgit rebus\o\of.emf</picture>
<scanblock>2</scanblock>
<hidden>0</hidden>
<stylepreset>Auto content cell</stylepreset>
<commands>
<command>
<id>type</id>
<parameter index="1"><![CDATA[of ]]></parameter>
</command>
<command>
<id>jump.back</id>
</command>
</commands>
</cell>
<cell x="4" y="4">
<caption><![CDATA[on]]></caption>
<tooltip><![CDATA[on]]></tooltip>
<picture>[WIDGIT]widgit rebus\o\on.emf</picture>
<scanblock>2</scanblock>
<hidden>0</hidden>
<stylepreset>Auto content cell</stylepreset>
<commands>
<command>
<id>type</id>
<parameter index="1"><![CDATA[on ]]></parameter>
</command>
<command>
<id>jump.back</id>
</command>
</commands>
</cell>
<cell x="5" y="4">
<caption><![CDATA[or]]></caption>
<tooltip><![CDATA[or]]></tooltip>
<picture>[WIDGIT]widgit rebus\o\or.emf</picture>
<scanblock>2</scanblock>
<hidden>0</hidden>
<stylepreset>Auto content cell</stylepreset>
<commands>
<command>
<id>type</id>
<parameter index="1"><![CDATA[or ]]></parameter>
</command>
<command>
<id>jump.back</id>
</command>
</commands>
</cell>
<cell x="6" y="4">
<caption><![CDATA[so]]></caption>
<tooltip><![CDATA[so]]></tooltip>
<picture>[WIDGIT]widgit rebus\t\then.emf</picture>
<scanblock>2</scanblock>
<hidden>0</hidden>
<stylepreset>Auto content cell</stylepreset>
<commands>
<command>
<id>type</id>
<parameter index="1"><![CDATA[so ]]></parameter>
</command>
<command>
<id>jump.back</id>
</command>
</commands>
</cell>
<cell x="7" y="4">
<caption><![CDATA[that]]></caption>
<tooltip><![CDATA[that]]></tooltip>
<picture>[WIDGIT]widgit rebus\t\that.emf</picture>
<scanblock>2</scanblock>
<hidden>0</hidden>
<stylepreset>Auto content cell</stylepreset>
<commands>
<command>
<id>type</id>
<parameter index="1"><![CDATA[that ]]></parameter>
</command>
<command>
<id>jump.back</id>
</command>
</commands>
</cell>
<cell x="1" y="5">
<caption><![CDATA[the]]></caption>
<tooltip><![CDATA[the]]></tooltip>
<picture>[WIDGIT]widgit rebus\t\the.emf</picture>
<scanblock>2</scanblock>
<hidden>0</hidden>
<stylepreset>Auto content cell</stylepreset>
<commands>
<command>
<id>type</id>
<parameter index="1"><![CDATA[the ]]></parameter>
</command>
<command>
<id>jump.back</id>
</command>
</commands>
</cell>
<cell x="2" y="5">
<caption><![CDATA[there]]></caption>
<tooltip><![CDATA[there]]></tooltip>
<picture>[WIDGIT]widgit rebus\t\there.emf</picture>
<scanblock>2</scanblock>
<hidden>0</hidden>
<stylepreset>Auto content cell</stylepreset>
<commands>
<command>
<id>type</id>
<parameter index="1"><![CDATA[there ]]></parameter>
</command>
<command>
<id>jump.back</id>
</command>
</commands>
</cell>
<cell x="3" y="5">
<caption><![CDATA[this]]></caption>
<tooltip><![CDATA[this]]></tooltip>
<picture>[WIDGIT]widgit rebus\t\this.emf</picture>
<scanblock>2</scanblock>
<hidden>0</hidden>
<stylepreset>Auto content cell</stylepreset>
<commands>
<command>
<id>type</id>
<parameter index="1"><![CDATA[this ]]></parameter>
</command>
<command>
<id>jump.back</id>
</command>
</commands>
</cell>
<cell x="4" y="5">
<caption><![CDATA[to]]></caption>
<tooltip><![CDATA[to]]></tooltip>
<picture>[WIDGIT]widgit rebus\t\to.emf</picture>
<scanblock>2</scanblock>
<hidden>0</hidden>
<stylepreset>Auto content cell</stylepreset>
<commands>
<command>
<id>type</id>
<parameter index="1"><![CDATA[to ]]></parameter>
</command>
<command>
<id>jump.back</id>
</command>
</commands>
</cell>
<cell x="5" y="5">
<caption><![CDATA[was]]></caption>
<tooltip><![CDATA[was]]></tooltip>
<picture>[WIDGIT]widgit rebus\i\is.emf</picture>
<scanblock>2</scanblock>
<hidden>0</hidden>
<stylepreset>Auto content cell</stylepreset>
<commands>
<command>
<id>type</id>
<parameter index="1"><![CDATA[was ]]></parameter>
</command>
<command>
<id>jump.back</id>
</command>
</commands>
</cell>
<cell x="6" y="5">
<caption><![CDATA[with]]></caption>
<tooltip><![CDATA[with]]></tooltip>
<picture>[WIDGIT]widgit rebus\w\with.emf</picture>
<scanblock>2</scanblock>
<hidden>0</hidden>
<stylepreset>Auto content cell</stylepreset>
<commands>
<command>
<id>type</id>
<parameter index="1"><![CDATA[with ]]></parameter>
</command>
<command>
<id>jump.back</id>
</command>
</commands>
</cell>
<cell x="7" y="5">
<caption><![CDATA[more words]]></caption>
<tooltip><![CDATA[more words]]></tooltip>
<picture>[GRID2X]autocells.nextpage.wmf</picture>
<scanblock>2</scanblock>
<directactivate>8</directactivate>
<hidden>0</hidden>
<stylepreset>More Words</stylepreset>
<commands>
<command>
<id>jump.to</id>
<parameter index="1"><![CDATA[Small Words - More]]></parameter>
</command>
</commands>
</cell>
</cells>
</grid>
</sensorygrid>
