<?xml version="1.0" encoding="utf-8" ?>

<wordlist>
<word>
<wordtext><![CDATA[taste ]]></wordtext>
<picturefile>[WIDGIT]widgit rebus\w\what taste.emf</picturefile>
</word>
<word>
<wordtext><![CDATA[delicious ]]></wordtext>
<picturefile>[WIDGIT]widgit rebus\d\delicious.emf</picturefile>
</word>
<word>
<wordtext><![CDATA[disgusting ]]></wordtext>
<picturefile>[WIDGIT]widgit rebus\t\taste bad.emf</picturefile>
</word>
<word>
<wordtext><![CDATA[home made ]]></wordtext>
<picturefile>[WIDGIT]widgit rebus 09\symbols 9b\homemade.emf</picturefile>
</word>
<word>
<wordtext><![CDATA[healthy ]]></wordtext>
<picturefile>[WIDGIT]widgit rebus\h\healthy.emf</picturefile>
</word>
<word>
<wordtext><![CDATA[unhealthy ]]></wordtext>
<picturefile>[WIDGIT]widgit rebus\u\unhealthy.emf</picturefile>
</word>
<word>
<wordtext><![CDATA[fresh ]]></wordtext>
<picturefile>[WIDGIT]widgit rebus\f\fresh.emf</picturefile>
</word>
<word>
<wordtext><![CDATA[smelly ]]></wordtext>
<picturefile>[WIDGIT]widgit rebus\s\smelly.emf</picturefile>
</word>
<word>
<wordtext><![CDATA[fatty ]]></wordtext>
<picturefile>[WIDGIT]widgit rebus\f\fat.emf</picturefile>
</word>
<word>
<wordtext><![CDATA[spicy ]]></wordtext>
<picturefile>[WIDGIT]widgit rebus\s\spicy.emf</picturefile>
</word>
<word>
<wordtext><![CDATA[juicy ]]></wordtext>
<picturefile>[WIDGIT]widgit rebus\s\squirt.emf</picturefile>
</word>
<word>
<wordtext><![CDATA[salty ]]></wordtext>
<picturefile>[WIDGIT]england\uk wrebus\salt.emf</picturefile>
</word>
<word>
<wordtext><![CDATA[peppery ]]></wordtext>
<picturefile>[WIDGIT]england\uk wrebus\pepper.emf</picturefile>
</word>
<word>
<wordtext><![CDATA[sweet ]]></wordtext>
<picturefile>[WIDGIT]widgit rebus 05\symbols 5a\sweet.emf</picturefile>
</word>
<word>
<wordtext><![CDATA[sour ]]></wordtext>
<picturefile>[WIDGIT]widgit rebus 05\symbols 5a\sour.emf</picturefile>
</word>
<word>
<wordtext><![CDATA[sharp ]]></wordtext>
<picturefile>[WIDGIT]widgit rebus\s\sharp.emf</picturefile>
</word>
<word>
<wordtext><![CDATA[crunchy ]]></wordtext>
<picturefile>[WIDGIT]widgit rebus 04\symbols b\crunch.emf</picturefile>
</word>
<word>
<wordtext><![CDATA[fizzy ]]></wordtext>
<picturefile>[WIDGIT]widgit rebus\f\fizzy.emf</picturefile>
</word>
<word>
<wordtext><![CDATA[flat ]]></wordtext>
<picturefile>[WIDGIT]widgit rebus\l\level.emf</picturefile>
</word>
<word>
<wordtext><![CDATA[runny ]]></wordtext>
<picturefile>[WIDGIT]widgit rebus topics\science maths\runny.emf</picturefile>
</word>
<word>
<wordtext><![CDATA[soggy ]]></wordtext>
<picturefile>[WIDGIT]widgit rebus\w\wet.emf</picturefile>
</word>
<word>
<wordtext><![CDATA[raw ]]></wordtext>
<picturefile>[WIDGIT]widgit rebus 08\symbols 8a\raw.emf</picturefile>
</word>
<word>
<wordtext><![CDATA[cooked ]]></wordtext>
<picturefile>[WIDGIT]widgit rebus\c\cook.emf</picturefile>
</word>
<word>
<wordtext><![CDATA[frozen ]]></wordtext>
<picturefile>[WIDGIT]widgit rebus\f\freeze.emf</picturefile>
</word>
<word>
<wordtext><![CDATA[burnt ]]></wordtext>
<picturefile>[WIDGIT]widgit rebus\b\burn 1.emf</picturefile>
</word>
<word>
<wordtext><![CDATA[lumpy ]]></wordtext>
<picturefile>[WIDGIT]widgit rebus\l\lumpy.emf</picturefile>
</word>
<word>
<wordtext><![CDATA[smooth ]]></wordtext>
<picturefile>[WIDGIT]widgit rebus\s\smooth.emf</picturefile>
</word>
<word>
<wordtext><![CDATA[hot ]]></wordtext>
<picturefile>[WIDGIT]widgit rebus\h\hotter.emf</picturefile>
</word>
<word>
<wordtext><![CDATA[cold ]]></wordtext>
<picturefile>[WIDGIT]widgit rebus\c\cold.emf</picturefile>
</word>
<word>
<wordtext><![CDATA[warm ]]></wordtext>
<picturefile>[WIDGIT]widgit rebus 06\symbols 6a\warm.emf</picturefile>
</word>
</wordlist>
