<?xml version="1.0" encoding="utf-8" ?>

<wordlist>
<word>
<wordtext><![CDATA[BBC 1 ]]></wordtext>
<picturefile>[WIDGIT]widgit rebus\b\bbc 1.emf</picturefile>
</word>
<word>
<wordtext><![CDATA[BBC 2 ]]></wordtext>
<picturefile>[WIDGIT]widgit rebus\b\bbc 2.emf</picturefile>
</word>
<word>
<wordtext><![CDATA[ITV ]]></wordtext>
<picturefile>[WIDGIT]widgit rebus\c\channel 3.emf</picturefile>
</word>
<word>
<wordtext><![CDATA[Channel 4 ]]></wordtext>
<picturefile>[WIDGIT]widgit rebus\c\channel 4.emf</picturefile>
</word>
<word>
<wordtext><![CDATA[CBeebies ]]></wordtext>
<picturefile>[WIDGIT]widgit rebus\b\boy girl.emf</picturefile>
</word>
<word>
<wordtext><![CDATA[MTV ]]></wordtext>
<picturefile>[WIDGIT]widgit rebus\b\band 1.emf</picturefile>
</word>
<word>
<wordtext><![CDATA[cartoons ]]></wordtext>
<picturefile>[WIDGIT]widgit rebus\c\cartoon.emf</picturefile>
</word>
<word>
<wordtext><![CDATA[films ]]></wordtext>
<picturefile>[WIDGIT]widgit rebus\f\film.emf</picturefile>
</word>
<word>
<wordtext><![CDATA[comedy ]]></wordtext>
<picturefile>[WIDGIT]widgit rebus\c\comedy.emf</picturefile>
</word>
<word>
<wordtext><![CDATA[action ]]></wordtext>
<picturefile>[WIDGIT]widgit rebus 04\symbols b\action.emf</picturefile>
</word>
<word>
<wordtext><![CDATA[romance ]]></wordtext>
<picturefile>[WIDGIT]widgit rebus\i\in love.emf</picturefile>
</word>
<word>
<wordtext><![CDATA[sci-fi ]]></wordtext>
<picturefile>[WIDGIT]widgit rebus\s\sci-fi movie.emf</picturefile>
</word>
<word>
<wordtext><![CDATA[animation ]]></wordtext>
<picturefile>[WIDGIT]widgit rebus\c\cartoon.emf</picturefile>
</word>
<word>
<wordtext><![CDATA[X Factor ]]></wordtext>
<picturefile>[WIDGIT]widgit rebus 04\symbols b\pop star male.emf</picturefile>
</word>
<word>
<wordtext><![CDATA[news ]]></wordtext>
<picturefile>[WIDGIT]widgit rebus\n\news 1.emf</picturefile>
</word>
<word>
<wordtext><![CDATA[sports ]]></wordtext>
<picturefile>[WIDGIT]widgit rebus 06\symbols 6a\sports.emf</picturefile>
</word>
<word>
<wordtext><![CDATA[weather ]]></wordtext>
<picturefile>[WIDGIT]widgit rebus\w\weather.emf</picturefile>
</word>
</wordlist>
