<?xml version="1.0" encoding="utf-8" ?>

<wordlist>
<word>
<wordtext><![CDATA[amount ]]></wordtext>
<picturefile>[WIDGIT]widgit rebus\m\many.emf</picturefile>
</word>
<word>
<wordtext><![CDATA[quantity ]]></wordtext>
<picturefile>[WIDGIT]widgit rebus\m\many.emf</picturefile>
</word>
<word>
<wordtext><![CDATA[empty ]]></wordtext>
<picturefile>[WIDGIT]widgit rebus\e\empty.emf</picturefile>
</word>
<word>
<wordtext><![CDATA[full ]]></wordtext>
<picturefile>[WIDGIT]widgit rebus\f\full.emf</picturefile>
</word>
<word>
<wordtext><![CDATA[nothing ]]></wordtext>
<picturefile>[WIDGIT]widgit rebus 04\symbols b\empty.emf</picturefile>
</word>
<word>
<wordtext><![CDATA[none ]]></wordtext>
<picturefile>[WIDGIT]widgit rebus topics\science maths\none.emf</picturefile>
</word>
<word>
<wordtext><![CDATA[bit ]]></wordtext>
<picturefile>[WIDGIT]widgit rebus\p\part.emf</picturefile>
</word>
<word>
<wordtext><![CDATA[half ]]></wordtext>
<picturefile>[WIDGIT]widgit rebus\h\half.emf</picturefile>
</word>
<word>
<wordtext><![CDATA[most ]]></wordtext>
<picturefile>[WIDGIT]widgit rebus topics\science maths\most.emf</picturefile>
</word>
<word>
<wordtext><![CDATA[all ]]></wordtext>
<picturefile>[WIDGIT]widgit rebus\a\all.emf</picturefile>
</word>
<word>
<wordtext><![CDATA[a lot ]]></wordtext>
<picturefile>[WIDGIT]widgit rebus\a\a lot.emf</picturefile>
</word>
<word>
<wordtext><![CDATA[more ]]></wordtext>
<picturefile>[WIDGIT]widgit rebus\m\more 1.emf</picturefile>
</word>
<word>
<wordtext><![CDATA[every ]]></wordtext>
<picturefile>[WIDGIT]widgit rebus\e\every.emf</picturefile>
</word>
<word>
<wordtext><![CDATA[everything ]]></wordtext>
<picturefile>[WIDGIT]widgit rebus\e\everything.emf</picturefile>
</word>
<word>
<wordtext><![CDATA[anything ]]></wordtext>
<picturefile>[WIDGIT]widgit rebus\a\anything.emf</picturefile>
</word>
<word>
<wordtext><![CDATA[something ]]></wordtext>
<picturefile>[WIDGIT]widgit rebus\s\something.emf</picturefile>
</word>
<word>
<wordtext><![CDATA[each ]]></wordtext>
<picturefile>[WIDGIT]widgit rebus\e\each.emf</picturefile>
</word>
<word>
<wordtext><![CDATA[another ]]></wordtext>
<picturefile>[WIDGIT]widgit rebus\a\another.emf</picturefile>
</word>
<word>
<wordtext><![CDATA[either ]]></wordtext>
<picturefile>[WIDGIT]widgit rebus\o\or.emf</picturefile>
</word>
<word>
<wordtext><![CDATA[both ]]></wordtext>
<picturefile>[WIDGIT]widgit rebus 04\symbols a\both.emf</picturefile>
</word>
<word>
<wordtext><![CDATA[neither ]]></wordtext>
<picturefile>[WIDGIT]widgit rebus 05\symbols 5a\neither.emf</picturefile>
</word>
<word>
<wordtext><![CDATA[some ]]></wordtext>
<picturefile>[WIDGIT]widgit rebus\s\some.emf</picturefile>
</word>
<word>
<wordtext><![CDATA[only ]]></wordtext>
<picturefile>[WIDGIT]widgit rebus\o\only.emf</picturefile>
</word>
<word>
<wordtext><![CDATA[few ]]></wordtext>
<picturefile>[WIDGIT]widgit rebus\f\few.emf</picturefile>
</word>
<word>
<wordtext><![CDATA[fewer ]]></wordtext>
<picturefile>[WIDGIT]widgit rebus\f\few.emf</picturefile>
</word>
<word>
<wordtext><![CDATA[too few ]]></wordtext>
<picturefile>[WIDGIT]widgit rebus\f\few.emf</picturefile>
</word>
<word>
<wordtext><![CDATA[least ]]></wordtext>
<picturefile>[WIDGIT]widgit rebus\l\least.emf</picturefile>
</word>
<word>
<wordtext><![CDATA[less ]]></wordtext>
<picturefile>[WIDGIT]widgit rebus\f\few.emf</picturefile>
</word>
<word>
<wordtext><![CDATA[too many ]]></wordtext>
<picturefile>[WIDGIT]widgit rebus\t\too many.emf</picturefile>
</word>
<word>
<wordtext><![CDATA[too much ]]></wordtext>
<picturefile>[WIDGIT]widgit rebus\t\too many.emf</picturefile>
</word>
<word>
<wordtext><![CDATA[loads ]]></wordtext>
<picturefile>[WIDGIT]widgit rebus\m\many.emf</picturefile>
</word>
<word>
<wordtext><![CDATA[lots ]]></wordtext>
<picturefile>[WIDGIT]widgit rebus\t\too many.emf</picturefile>
</word>
<word>
<wordtext><![CDATA[many ]]></wordtext>
<picturefile>[WIDGIT]widgit rebus\m\many.emf</picturefile>
</word>
<word>
<wordtext><![CDATA[much ]]></wordtext>
<picturefile>[WIDGIT]widgit rebus\m\many.emf</picturefile>
</word>
<word>
<wordtext><![CDATA[long ]]></wordtext>
<picturefile>[WIDGIT]widgit rebus\l\long.emf</picturefile>
</word>
<word>
<wordtext><![CDATA[short ]]></wordtext>
<picturefile>[WIDGIT]widgit rebus\s\short.emf</picturefile>
</word>
<word>
<wordtext><![CDATA[tall ]]></wordtext>
<picturefile>[WIDGIT]widgit rebus\t\tall.emf</picturefile>
</word>
<word>
<wordtext><![CDATA[thin ]]></wordtext>
<picturefile>[WIDGIT]widgit rebus\t\thin.emf</picturefile>
</word>
<word>
<wordtext><![CDATA[thick ]]></wordtext>
<picturefile>[WIDGIT]widgit rebus\t\thick.emf</picturefile>
</word>
<word>
<wordtext><![CDATA[very ]]></wordtext>
<picturefile>[WIDGIT]widgit rebus\v\very.emf</picturefile>
</word>
<word>
<wordtext><![CDATA[really ]]></wordtext>
<picturefile>[WIDGIT]widgit rebus 05\symbols 5a\actually.emf</picturefile>
</word>
</wordlist>
